#{"t_start": 1770514353.9510772, "env_id": "LunarLanderContinuous-v3"}
r,l,t
-113.537679,66,0.763615
-209.30715,87,0.834945
-94.04788,114,0.925125
-54.661825,66,0.978306
-79.389524,78,1.040952
-489.631915,107,1.124927
-153.814635,62,1.176162
-79.475284,76,1.236882
-110.707107,74,1.298149
-125.009941,94,1.374824
-94.098909,75,1.437704
-111.567043,74,1.500168
-204.562728,103,3.049405
-113.092287,78,3.110329
-90.085168,72,3.168327
-105.505377,68,3.220117
-118.478429,91,3.291648
-98.827494,92,3.36278
-133.722254,75,3.423291
-91.241487,105,3.506151
-99.68231,75,3.56685
-107.725738,70,3.623575
-123.144645,91,3.697658
-138.777679,74,3.75833
-139.31754,136,7.177827
-127.194386,74,7.253336
-110.426614,70,7.324537
-104.742281,97,7.410067
-85.682161,75,7.47733
-99.683544,71,7.542421
-94.401401,66,7.599296
-345.424482,97,7.680419
-204.672809,96,7.762777
-109.052373,72,7.824272
-130.671884,95,7.908324
-111.262436,67,7.97023
-76.428616,57,8.018818
-90.009892,122,10.967478
-231.26148,102,11.052374
-120.204487,68,11.109628
-99.202894,89,11.186352
-105.386151,76,11.250196
-87.267827,56,11.2971
-202.818259,125,11.400092
-153.354158,99,11.499684
-103.043396,118,11.672168
-117.681254,81,11.776987
-186.286596,111,11.943413
-86.478719,126,14.152163
-101.693604,107,14.236597
-100.336915,67,14.289442
-93.003399,74,14.34809
-134.797954,104,14.429808
-112.872933,87,14.49714
-100.849064,78,14.558787
-156.57949,116,14.655091
-78.468784,66,14.711654
-115.256582,90,14.785903
-76.795429,106,14.871658
-272.444068,80,17.148333
-202.919129,108,17.23942
-114.775784,107,17.343096
-66.337282,71,17.403756
-107.557014,101,17.489959
-59.132273,110,17.58737
-80.466722,63,17.645053
-108.202185,61,17.696325
-60.910092,76,17.760039
-143.826074,106,17.883295
-50.662075,66,17.982306
-89.764209,84,18.161986
-86.378611,88,20.493483
-84.651105,72,22.006845
-128.476061,114,22.265415
-80.176902,91,22.356922
-99.239513,87,22.437786
-71.785759,122,22.54191
-84.909424,78,22.606648
-92.882857,99,22.68905
-104.144568,105,22.796128
-40.66097,107,22.920741
-103.106139,76,25.384881
-73.207078,87,25.544813
-83.921189,91,25.686883
-43.805532,64,25.84165
-62.921179,77,25.976034
-68.407877,78,26.092949
-30.083229,103,26.282483
-103.940144,78,26.582625
-300.250654,101,27.182288
-69.546608,69,27.330787
-111.94584,114,27.433812
-60.281311,70,27.503449
-60.408733,81,29.643432
-48.176373,109,29.888606
-229.337746,128,30.004293
18.066963,127,30.124988
-21.748216,68,30.186788
-86.500359,82,30.260235
-42.645396,71,30.327329
-70.049676,80,30.395942
-83.560715,115,30.512805
-84.656769,90,30.664528
-98.268131,81,30.824458
-88.870583,87,33.349256
-84.054355,75,33.411957
-97.924594,75,34.967315
-50.714722,120,35.211349
-90.023032,103,35.368231
-89.979851,108,35.576497
2.919741,121,35.868743
-31.205967,72,36.010218
-36.259849,73,36.115175
-42.332592,65,36.209206
-71.674306,88,36.352939
-58.369586,142,38.961092
-44.303988,73,39.064159
-77.735871,75,39.157545
-104.35803,83,39.264429
-133.42595,110,39.408331
-51.233229,84,39.514231
-69.63773,101,39.723147
-58.968139,83,39.79981
-158.417086,90,39.878529
-64.493465,120,39.981133
-100.311924,81,40.050073
-41.75989,83,40.139203
-106.890584,109,43.586698
56.701218,1000,46.855809
-26.631265,92,47.005605
-21.56962,81,49.442556
-37.025264,68,49.558413
-45.545575,83,49.692725
-39.327468,136,49.912618
-84.131445,104,50.078336
-68.819836,89,50.163742
-59.614575,78,50.233347
-39.554061,85,50.311898
-50.447613,112,50.477427
-21.25081,87,52.659691
-67.843872,106,52.857087
-31.859646,81,52.968758
-40.920028,120,53.131305
-55.075976,83,53.238057
-69.479488,71,53.326374
-80.883943,99,53.446793
-9.091646,144,53.642092
-48.825659,79,53.791748
-53.11179,110,53.92786
-4.468583,129,55.916991
-42.740838,114,56.12736
-73.704138,117,56.229061
-27.968513,151,56.353187
-39.731135,114,56.448464
-90.024734,104,56.532725
-71.59689,95,56.6123
-40.262777,108,56.700577
2.951043,138,56.814253
-25.587472,132,58.558981
-7.494411,99,58.694515
-35.680132,86,61.882489
-19.781045,127,62.138131
-8.182333,152,62.275026
-10.107023,105,62.367796
-54.449827,95,62.454033
-34.746947,102,62.543289
12.422842,138,62.661774
6.64305,93,65.202333
-29.412256,139,65.328237
-11.35035,135,65.476696
-17.758471,93,65.569083
-72.529473,135,65.751081
-22.789625,91,65.853457
-55.209645,141,66.100466
-19.162259,105,66.298579
-59.958992,93,66.444124
-28.794797,113,68.643532
17.484124,145,68.835518
-24.881277,92,68.947915
-51.390808,129,69.099071
17.257404,103,69.308618
-2.559698,78,69.380086
-26.194806,130,69.491003
-14.540448,159,69.624397
-34.910244,120,71.896827
-9.910606,113,71.988254
-21.300539,120,72.086329
-66.069901,112,75.794382
43.554218,160,76.097853
11.976723,116,76.363727
-57.652489,164,76.659464
43.273128,155,76.804904
-63.260101,126,79.021007
2.413724,139,79.189489
24.478376,152,79.464543
-39.790696,145,79.650671
-2.073964,87,79.793412
-2.74509,131,79.976649
-21.961616,96,80.090253
7.432881,159,80.325764
-64.0827,120,82.543562
-18.770527,113,82.633642
14.200685,157,82.756994
-49.617269,146,82.869239
10.624583,116,82.958663
-33.288699,152,83.07698
-35.830304,141,83.185729
-44.443979,118,84.722396
56.919794,104,84.827017
15.535179,146,85.092011
-22.507976,124,87.618096
-49.481844,135,87.724408
-35.731482,120,87.817341
3.075483,115,87.904899
-41.974748,81,87.965802
18.087795,147,88.075458
-21.970905,130,89.59033
-22.783302,153,89.704971
198.17589,460,90.052138
-43.968007,156,90.171035
-25.331322,146,90.283259
13.678364,189,92.782653
-7.234648,127,92.932592
-37.561539,153,93.109587
-50.04338,124,93.362836
1.109761,127,93.527549
7.939161,146,93.73429
79.624181,1000,98.402234
41.798464,195,98.607042
-34.275508,102,100.963694
95.914914,1000,105.073659
12.791107,112,105.177384
30.795334,152,105.30625
-33.144655,159,105.440436
-18.149055,126,105.644331
-12.465488,112,105.79596
-10.821917,136,105.96712
52.120895,1000,112.70365
149.730723,1000,115.838998
33.153929,117,115.934544
46.723532,144,118.5576
118.7184,1000,121.50716
219.926792,336,121.765576
65.433471,178,124.523989
265.501284,507,126.66756
262.123262,448,127.00388
290.626779,595,129.280389
231.525322,613,129.940531
271.745861,383,132.102466
277.543409,928,136.353321
197.922974,722,138.310377
268.315775,553,140.613716
208.193806,503,141.032425
13.763759,202,141.22217
293.287757,406,143.466025
8.434512,249,143.653213
260.152143,286,148.053215
258.444964,335,149.723977
245.994409,457,150.065003
-161.070785,405,150.365451
236.195956,256,152.210766
13.500533,192,152.507416
275.391789,301,153.244891
27.723772,199,153.465237
-15.631443,195,155.57925
208.778557,299,155.804645
275.301605,281,156.038587
61.012772,175,160.463957
261.985601,240,162.170111
245.164217,318,162.49765
286.942205,288,162.924992
237.091896,297,163.24514
32.838166,185,165.241017
231.302253,233,165.428485
292.079055,362,165.71501
-19.701512,156,165.839632
232.064551,319,167.507656
275.236027,310,167.743321
4.274074,139,167.847145
55.25011,182,172.403065
247.12983,232,172.575598
298.117688,287,174.862559
246.279048,267,175.256257
272.426458,307,175.528821
278.999566,358,179.008455
220.53934,561,179.900809
265.121366,310,182.774899
231.183802,342,183.140922
299.225423,229,183.542034
42.71209,223,189.652123
229.106204,315,191.851634
238.311046,277,192.252323
255.125873,312,192.52375
286.285217,325,192.793425
250.648018,365,196.106313
255.11176,292,196.60656
303.610143,249,196.952676
272.549548,236,199.113155
59.679035,166,199.304452
284.642882,370,199.819775
62.771783,151,200.008285
261.594081,273,206.578262
270.596905,264,206.78035
281.216237,257,206.972884
265.341905,253,207.163933
251.837556,249,208.925917
267.219349,335,209.307573
288.748827,252,209.658187
260.27253,258,209.856557
277.961462,376,212.054124
234.465691,285,212.374917
301.912275,259,212.812922
305.210305,244,218.834059
250.851009,353,219.500131
270.51334,291,219.883708
268.234198,366,220.814065
263.986594,326,223.426871
270.274056,253,223.829426
297.08847,303,224.230855
264.190578,262,226.051312
254.241258,303,226.280416
273.504366,293,226.500162
263.752035,246,229.003188
257.478463,254,231.097285
73.550403,208,231.255006
308.803798,279,231.463702
300.957351,288,231.679514
240.711376,282,233.74625
317.870626,275,234.080933
271.101905,351,234.36661
58.799435,220,236.580084
290.37324,257,236.774238
288.647444,260,236.96559
268.519362,258,237.162068
312.964777,256,242.472835
305.476365,255,242.667545
178.892381,637,243.198902
267.372416,272,246.180785
270.078315,306,246.464549
262.726378,295,246.706178
262.923475,303,248.378678
270.871431,274,248.586352
277.779207,260,248.779179
252.062702,293,248.995931
273.749385,264,254.753286
269.985933,258,254.949562
274.985133,253,255.138712
257.47844,267,255.339168
270.492692,278,256.970274
234.650427,278,257.183889
304.944326,265,257.380553
270.604734,262,257.697651
266.693034,254,259.760195
274.835877,239,260.038818
278.454889,474,260.823303
61.977265,160,262.413518
266.221463,557,265.356371
310.272037,281,265.579317
261.5192,279,267.225335
294.52634,230,267.401702
282.6993,256,267.593458
260.266296,268,267.798887
251.127001,271,269.835039
314.122476,334,270.438363
63.605001,181,271.079545
237.644092,297,271.558539
285.547484,257,277.5065
298.655066,255,277.703436
270.573922,252,277.904108
249.693336,245,278.088759
294.890213,243,279.695774
290.142586,272,279.897542
267.227076,264,280.094728
271.677673,214,280.25231
266.151518,285,282.367535
305.232718,263,282.567882
286.679349,223,282.797824
49.085913,166,283.052495
236.008631,300,285.136483
284.170098,245,287.381205
268.735876,304,287.750597
310.019771,284,288.140321
272.160175,311,289.830638
268.239679,249,290.017529
292.743437,262,290.217036
261.580152,270,290.417442
282.82709,229,292.483727
289.472758,280,292.894605
283.406278,233,293.193903
280.251406,259,293.497262
291.507692,252,295.284827
272.674774,271,298.144592
305.500478,263,298.540817
283.936801,247,298.828982
246.298323,265,300.452009
302.305597,325,300.695778
230.032556,238,300.876916
296.630686,313,302.979145
281.113916,219,303.16791
237.211059,265,303.444436
304.038293,267,303.853913
251.689775,271,305.859135
235.833955,242,307.614841
41.192496,196,307.936142
250.269971,230,308.24468
259.362798,298,310.13805
58.832175,238,310.321018
66.416606,204,310.472421
277.515786,244,310.6543
278.276637,264,310.85252
288.18971,266,313.085348
292.1452,224,313.348449
272.310498,218,313.59395
295.091013,278,314.054166
248.737771,256,316.429064
243.814805,274,318.166011
261.885394,271,318.371508
289.293507,259,318.570698
303.445914,266,320.626374
290.147176,262,320.824389
268.61173,233,321.007861
278.28959,284,321.235359
257.63458,241,323.398866
243.189076,346,323.783687
306.657187,271,324.227977
273.703072,262,326.235332
292.983923,274,326.449427
268.780347,224,327.978927
267.065695,262,328.179651
302.913019,250,330.102612
286.4892,258,330.517687
265.0896,221,330.800692
43.632725,178,330.949812
272.956086,221,331.12724
286.121012,277,333.466809
234.907034,238,333.852859
286.236915,311,334.32044
261.771961,232,334.682496
306.349143,268,337.972317
285.063321,241,338.383072
252.426243,234,341.037089
289.625211,238,341.310601
307.500062,252,342.949905
260.569902,229,343.121619
257.373729,264,343.32165
275.589669,250,343.512051
266.905836,213,345.69975
235.903587,235,345.893214
252.014186,221,346.077574
303.716545,294,346.325031
275.581252,256,348.831985
262.20852,259,349.038337
304.981518,235,351.329925
273.368142,278,351.746531
292.727135,275,353.981714
294.613582,244,354.166582
272.860416,225,354.338517
57.241145,191,354.484915
294.407705,239,354.67988
301.785787,283,357.712652
269.688289,197,358.041241
278.281449,251,358.580825
280.823398,231,358.787273
302.038928,259,360.423188
58.675017,144,360.533689
300.96517,269,362.619908
298.133568,242,362.90856
276.200243,302,365.35151
300.433178,261,365.78853
261.847994,216,366.099332
277.996542,219,366.531798
71.871018,144,366.782363
261.834672,239,369.351433
305.407798,329,369.782801
316.440681,248,370.135571
307.300994,202,370.309648
294.197281,218,373.079585
288.767413,240,373.262682
284.637411,265,375.297729
249.309308,222,375.67155
276.19474,220,377.807657
277.137864,233,378.094178
263.673214,250,378.29665
281.82177,244,378.49809
273.047588,265,380.684638
286.982123,191,380.895846
295.597304,232,381.153954
28.121608,153,381.459964
284.15937,232,381.798858
239.366886,243,383.646616
254.262847,252,383.837632
303.337847,290,384.05507
290.884933,209,385.761906
310.574922,259,387.561936
64.667996,140,387.671316
283.868309,226,387.896099
302.147349,260,388.095345
288.846019,249,388.281663
262.764508,209,390.142589
283.367036,256,390.516363
268.279725,236,390.707394
282.979507,239,390.892371
312.203842,278,392.910526
211.554318,495,393.418835
266.942949,244,395.128108
309.500106,281,397.13013
303.896716,344,397.388257
280.393488,224,397.557333
246.112255,236,397.734011
296.369795,183,399.707482
314.091426,243,399.897833
286.342732,302,400.209822
298.342939,227,400.480637
299.549334,287,402.620445
281.875505,203,402.772947
295.775337,216,402.934854
267.394207,290,403.149481
292.3207,236,404.605387
247.228964,218,406.713469
57.375303,143,406.823186
258.283492,218,406.989657
295.454659,298,407.218317
257.529951,208,409.321008
287.986859,241,409.517031
291.380084,266,409.77311
240.174654,216,410.014283
75.623035,137,410.245461
272.414684,422,412.389049
286.108701,216,412.548597
276.005482,221,412.71288
43.92839,150,413.922882
293.599353,267,415.563902
285.45625,196,415.711702
311.59268,313,416.173964
318.032894,214,416.877162
278.395807,236,419.29932
279.877272,220,419.593453
284.197528,189,419.746131
254.553481,236,419.941488
281.146689,203,420.113439
278.530801,200,421.695807
275.313569,192,421.843284
316.395422,220,422.015127
305.445579,233,422.197234
285.521165,203,423.587135
281.754749,243,425.609597
257.302858,255,425.848969
279.38032,220,426.099152
287.85635,221,426.465264
287.567362,244,428.906283
276.781339,235,429.209804
245.384024,376,429.515035
289.960698,214,429.685196
302.562201,226,431.878925
287.234133,215,432.04467
300.223296,213,432.2048
277.991483,219,432.370947
278.329978,238,434.153709
258.607982,251,436.152805
266.957784,221,436.322213
272.696769,278,436.531406
276.797193,205,436.685899
269.393762,221,438.534116
311.517903,192,438.774586
302.50807,246,439.09583
271.937089,221,439.277109
283.503848,207,439.439912
279.093253,203,441.677514
260.715198,196,441.954586
294.565691,250,442.535579
266.896247,206,442.836963
282.325686,225,445.742787
264.466038,207,445.900426
289.457625,254,446.128087
275.262006,214,446.373898
300.739544,195,446.658361
277.453857,242,449.123538
237.273068,208,449.629133
241.51343,236,450.363437
287.516389,274,450.608936
250.335455,215,452.928391
302.907146,206,453.086637
319.551744,212,453.244798
282.907121,216,453.406918
274.171027,225,453.576165
237.303905,205,456.85787
285.159166,218,457.058405
270.853535,234,457.353945
278.508259,178,457.550106
291.329413,218,457.983839
320.738379,240,459.894002
290.499277,209,460.054869
274.871096,271,460.261486
280.89983,197,460.410159
322.655533,197,460.593735
314.135364,223,462.88724
306.265372,228,463.216245
299.091216,231,463.561283
274.710628,204,463.82609
302.349693,211,465.566039
296.852601,220,466.901321
306.022638,209,467.138896
299.953943,199,467.451584
271.636816,209,467.745686
255.716498,216,469.558456
273.619269,216,469.726092
280.035798,215,469.893778
277.703371,243,470.075454
267.667328,220,470.475692
285.871846,195,473.46964
269.459111,233,473.837071
283.24024,241,474.273448
281.54963,228,474.493839
298.033317,242,476.110894
278.045844,228,477.250873
244.777406,236,477.429414
283.57057,217,477.595108
268.424256,217,477.756367
273.048964,224,479.685181
297.180328,231,479.941637
304.111886,200,480.15604
257.153829,222,480.324806
247.859902,219,480.526446
279.308666,186,482.586493
286.674808,236,482.764601
261.652486,214,482.931358
281.601097,174,483.069666
284.746915,257,484.688493
269.034464,179,485.804671
267.871534,211,485.971699
269.184969,209,486.135131
247.51659,257,486.33049
277.332311,200,488.370184
296.4415,189,488.513231
317.439467,207,488.669281
325.839229,243,488.853834
268.751779,212,489.020146
270.538747,202,491.124172
304.693635,277,491.354271
306.758865,255,491.573468
272.088002,175,491.767006
271.754763,178,491.961851
304.640387,209,493.989746
253.746467,199,495.129069
284.351129,194,495.278622
305.269998,236,495.453467
280.420753,247,497.070192
301.465689,244,497.30291
270.933872,201,497.489083
287.797079,205,497.766107
284.396011,230,498.042151
286.460231,166,500.145989
274.177769,191,500.429755
248.272714,210,500.604505
296.385341,234,500.793346
289.118646,213,500.966186
284.022369,217,502.559717
261.575688,210,503.745092
285.234479,206,504.071266
296.623312,211,504.340025
265.60103,231,504.612691
293.951597,193,506.325588
50.543487,130,506.427252
279.38246,203,506.581304
315.986813,214,506.742489
315.172292,203,506.90141
285.961751,233,509.064856
265.236897,201,509.297856
264.049989,227,510.047174
310.638981,207,510.585961
307.582867,229,510.914888
279.716659,193,512.766183
295.1994,227,512.938612
290.435631,224,514.154607
266.003953,178,514.289811
293.920616,203,514.447664
274.720308,198,516.256195
307.081129,195,516.536002
263.937339,253,516.847386
299.609907,210,517.114178
293.070557,201,517.280914
293.221696,209,519.375865
295.127423,201,519.52573
282.869561,265,519.732152
262.418425,198,519.887235
244.638704,213,521.474965
318.257074,206,521.628604
287.701397,209,522.697392
261.514147,185,522.869983
306.536799,225,523.148785
283.874458,233,525.104256
260.764544,185,525.246986
285.471255,200,525.401014
292.636104,289,525.61762
290.680384,229,525.79328
309.994553,185,527.852095
272.58485,192,527.999541
291.076465,207,528.165904
329.906837,199,528.318382
252.727221,190,528.463445
313.922519,199,530.702634
243.214819,196,530.851711
312.088264,199,531.911121
51.965541,157,532.029885
319.29659,198,532.181392
274.474629,221,533.770401
269.141804,215,533.932641
245.908388,217,534.134801
283.233759,182,534.326657
277.969305,191,534.619635
259.693083,204,534.877752
271.248694,179,536.870911
280.541915,212,537.126823
304.903928,227,537.406702
286.488894,198,537.680462
271.491126,195,537.844345
285.743799,210,539.42688
289.83472,196,539.574444
292.248525,196,540.617916
302.486063,182,540.764456
303.165586,199,540.971457
310.963621,213,542.929424
283.121575,180,543.064211
283.031917,181,543.201665
291.43463,171,543.33306
310.027712,225,543.503429
262.853548,193,545.450207
278.856348,241,545.760523
301.737013,237,545.966801
256.323299,187,546.172233
241.918861,213,546.446913
276.818744,210,549.425045
268.224231,201,549.657667
290.27604,184,549.823203
290.193167,184,550.843152
321.195991,202,550.996834
245.324196,193,552.748856
301.353691,234,553.009553
287.136428,175,553.337343
306.296751,183,553.547407
295.462288,231,553.842727
294.346513,235,556.025069
292.241315,218,556.289521
292.093718,212,556.537507
307.758053,180,556.871614
293.593985,221,557.238636
308.498739,206,559.146686
290.417292,179,559.280595
291.442178,182,559.41806
250.635719,198,560.656593
297.688159,191,560.810336
274.059259,219,562.405886
291.780239,214,562.573787
283.681327,196,562.726206
299.357771,228,562.904585
278.525399,177,563.100373
259.033685,199,565.957248
308.783753,221,566.262226
290.94639,213,566.968637
294.066081,258,567.346654
258.021513,200,567.636369
319.196054,202,569.459813
267.076474,213,569.620642
287.339497,203,569.774519
312.125499,206,570.933061
241.464122,175,571.069557
295.650277,177,574.183093
309.851049,171,574.326932
302.623434,209,574.503746
318.344562,279,574.733535
258.698128,162,574.925447
266.221341,209,577.82863
299.684382,237,578.162362
274.037661,193,578.455938
245.549168,192,578.698066
264.968947,193,578.857619
284.805225,250,580.581175
273.796309,218,580.961078
275.532422,201,581.277394
270.03575,211,582.878026
318.665228,193,583.033813
264.843058,193,584.60811
255.537295,189,584.752943
269.895899,199,584.902816
254.002954,211,585.063865
312.423649,216,585.227909
292.784515,224,587.043188
261.251727,222,587.39769
262.38517,159,587.602035
254.74699,190,587.84191
316.192652,227,588.034966
245.740965,161,590.101517
307.295168,340,590.363229
299.220213,214,590.527475
252.968681,182,591.564459
248.145747,161,591.695349
308.968113,224,593.289282
298.205737,176,593.423119
72.292525,126,593.518076
246.366253,162,593.638337
299.303258,222,593.808554
268.202891,182,595.86549
297.788666,200,596.015502
313.242087,229,596.262334
243.928184,194,596.571371
273.286434,218,596.869483
281.915884,172,598.832327
293.419162,222,599.000479
297.611769,238,599.180851
302.745943,205,599.336368
317.523179,285,600.703061
273.236048,192,603.137786
297.55562,190,603.28216
295.055547,200,603.432506
267.272896,178,603.568257
284.630968,165,603.697371
275.293212,222,605.885003
289.38138,171,606.082109
314.099538,227,606.368773
264.550808,202,606.786655
26.37844,101,606.927047
278.110261,224,607.194427
269.816246,203,608.971729
265.032529,185,609.112557
305.253293,228,609.285534
242.616809,192,609.430437
257.32474,173,610.479786
272.359437,193,612.20944
278.453528,258,612.514321
304.359231,196,612.741227
290.420683,156,613.032789
291.65531,197,613.206886
293.316487,198,615.475939
263.193617,194,615.729202
311.330556,218,616.016003
294.402416,201,616.394132
289.204212,195,616.675183
294.100828,199,618.52941
275.330754,188,618.671015
301.202499,217,618.834858
288.365095,186,618.974995
286.975025,322,620.064411
248.71658,190,621.81426
280.351346,188,622.036171
297.605863,202,622.330915
280.663016,176,622.579408
304.274762,220,622.75231
265.691672,195,625.49054
313.036292,200,625.74646
275.992613,185,626.106957
286.22645,203,626.409251
273.610831,194,626.69041
301.967339,229,628.546838
260.248679,195,628.69487
308.705829,210,628.856609
286.181126,182,628.995609
273.829322,233,629.172214
60.246926,130,631.753739
279.086748,165,631.961947
262.022912,193,632.269007
266.178603,194,632.487564
309.482215,201,632.651046
308.391085,230,632.82453
295.582154,196,634.894424
319.299973,184,635.057523
312.161562,187,635.223532
304.330004,187,635.379983
292.108785,189,635.54568
297.794497,199,637.909303
312.381483,193,638.064041
308.408417,208,638.227746
269.474933,213,638.396839
244.974958,180,638.53739
285.714456,165,641.800407
305.205288,180,642.035193
271.48876,156,642.33455
282.947628,201,642.678215
274.561711,171,643.009669
262.885293,191,643.37685
314.640124,193,645.608993
313.280631,188,645.83526
60.461771,132,645.989408
266.816269,189,646.312819
263.929701,199,646.609663
304.802775,219,648.548745
288.044236,163,648.840839
278.043296,221,649.14165
273.588626,162,649.354496
307.495417,187,649.582065
324.136273,179,649.848728
321.75152,189,653.180291
293.744301,160,653.437022
305.032252,202,653.790606
319.5847,206,654.073628
248.551473,174,654.392735
299.381111,249,656.657665
260.370869,179,656.794087
284.052725,240,657.047729
293.834343,148,657.20561
295.122506,297,657.674552
278.608265,196,659.716654
281.505515,199,660.030917
298.197599,177,660.296549
276.571364,180,660.573298
311.83797,329,660.942185
321.323138,215,663.37354
246.013169,166,663.568912
301.80515,192,663.776107
273.933489,177,664.061702
314.115261,215,664.347762
287.485145,184,666.707366
55.720497,150,666.988751
303.469484,608,667.653535
287.834523,159,667.963038
327.30248,172,671.013491
291.977806,180,671.20976
290.326191,162,671.348444
297.610262,235,671.541024
267.441308,181,671.688921
284.560158,168,673.239764
271.531129,186,674.593679
299.196787,269,674.947352
301.692601,191,675.153275
252.2239,190,675.315946
284.472559,193,676.89219
280.819388,175,677.029018
282.77917,155,677.187456
296.333021,166,677.366674
287.564679,410,677.961636
286.058027,181,680.344927
288.452348,217,680.691219
286.315824,169,680.842532
259.502331,158,680.977606
275.562911,187,681.136491
260.64879,191,682.737854
262.28953,192,682.883011
305.640769,227,684.637277
285.223809,171,684.786095
271.04346,166,684.915985
292.95923,183,685.069191
312.734439,211,687.298693
308.046295,193,687.450062
276.006062,191,687.600916
276.40165,172,687.732593
294.582818,194,688.060888
267.691985,169,691.043653
255.50774,169,691.230253
294.609597,186,691.383009
295.627453,192,691.53251
307.312412,167,691.667604
267.197803,181,691.804856
301.042305,201,693.376459
292.001831,172,694.318729
307.482193,177,694.458392
303.639107,205,694.618515
267.870797,157,694.739065
288.688757,183,694.875758
308.582358,176,696.431115
297.192836,183,696.575094
317.172084,208,696.738556
276.811106,205,696.904213
295.368732,191,697.220968
309.112563,185,699.222216
277.548455,184,699.44826
286.331736,141,699.626081
290.59051,175,699.926574
280.276545,182,700.157474
310.45014,255,701.793815
301.839315,167,701.919793
252.142488,191,702.850601
300.805827,201,703.00517
295.613517,190,703.151341
273.879369,190,703.327769
316.371384,153,705.283247
283.342454,171,705.413802
300.219546,198,705.565098
291.69842,155,705.680864
274.457652,170,705.8123
315.213674,198,705.966498
287.451272,191,707.971115
277.430835,182,708.10694
297.590183,200,708.258767
272.517112,165,708.38497
312.436501,189,708.530033
249.718302,171,710.431423
293.863504,201,710.778442
277.218384,192,711.782153
298.074547,280,712.000859
268.207903,187,712.148759
282.759352,183,713.711156
277.585281,207,713.868525
278.157614,224,714.040388
282.440382,177,714.172642
319.228436,219,714.36022
304.569623,249,716.833216
286.659892,193,717.379956
287.936199,161,717.609565
308.475759,610,719.940075
307.88316,181,720.076975
308.974996,205,720.230039
291.000255,177,721.477148
279.073304,161,721.71084
324.348106,174,721.90801
301.29281,205,723.634415
293.86893,169,723.761022
298.327442,181,723.901585
275.230121,175,724.034237
276.052022,161,724.157552
293.394716,163,724.284638
270.578422,206,726.778405
265.523629,175,726.917227
276.212141,158,727.086696
303.369325,219,727.325841
277.188314,188,727.623127
310.076055,197,729.573691
275.464163,187,729.71615
296.183187,197,729.86318
285.882213,200,730.834191
246.4273,183,730.973942
278.255001,184,731.111416
61.334621,99,732.688724
75.121303,148,732.909889
308.750459,219,733.1846
312.741569,193,733.463343
301.035414,202,733.777846
251.349,159,733.994436
307.83403,193,736.159465
291.603306,193,736.410436
289.781891,170,736.637986
315.906926,208,737.065698
298.021306,190,737.375483
282.254033,184,739.224293
283.080876,178,739.403653
294.952903,192,739.673553
275.841998,151,741.046355
267.794351,189,741.18832
271.964929,156,741.308263
298.031663,212,742.893651
279.612142,182,743.035392
280.05336,180,743.169857
294.281966,194,743.31331
296.748455,153,743.431029
306.869487,201,745.241109
269.716838,179,745.515186
188.646191,1000,748.802073
277.793997,168,748.936689
318.241476,192,749.094534
308.237519,210,750.060169
277.772234,185,750.206074
252.487127,178,751.767076
287.704995,185,751.907448
284.679238,208,752.063457
312.554047,194,752.241103
278.545576,170,752.401965
283.15102,184,754.573891
295.983951,200,754.834229
314.41588,200,755.070666
327.815762,215,755.321833
286.21113,189,755.581917
265.769025,192,755.739566
253.625915,171,757.300585
299.562636,183,757.43899
256.108561,187,757.578217
278.535355,160,758.469781
264.7596,211,758.633335
275.994591,185,760.818282
270.753801,174,760.96045
256.40802,174,761.096655
311.219331,212,761.259715
287.56502,190,761.417611
276.746399,186,761.567842
261.508419,182,763.786734
263.449636,166,763.92107
278.951863,160,764.101878
251.735773,204,764.333402
271.52681,185,764.668379
285.1518,135,764.843662
294.058287,184,766.644135
278.932612,177,766.784431
310.919914,180,766.920701
257.512846,174,767.053745
289.322369,215,768.019731
182.984764,1000,770.744033
280.543374,181,772.813914
282.772127,179,773.035186
289.997788,197,773.207094
292.517174,182,773.353996
272.634521,182,773.502243
289.630011,207,773.676225
296.75594,199,775.250851
261.604238,164,775.373928
300.11163,191,775.517112
275.676033,202,775.667673
48.689351,92,776.707561
285.666461,150,776.914722
273.827389,177,778.733835
307.797419,207,778.892968
312.918403,214,779.056969
279.612173,183,779.195764
258.779404,174,779.327265
299.002108,160,781.296635
288.883226,160,781.434636
298.536674,172,781.574281
289.516196,158,781.70547
278.867098,192,781.857984
306.937559,261,782.105884
284.013492,202,784.194047
287.956285,144,784.303432
267.920061,158,784.425971
260.635833,174,784.558789
278.236936,195,785.47346
297.998645,167,785.602623
271.577262,169,787.332066
288.145515,175,787.467073
272.021824,164,787.596728
276.474602,142,787.705434
273.698899,195,787.854551
310.857478,187,788.248816
307.27604,215,791.201799
300.590729,161,791.424309
255.013492,182,791.611402
255.196513,195,791.782118
261.529379,180,791.934029
327.831834,215,793.533759
255.082332,158,793.662009
261.012261,164,793.78764
262.783756,165,793.911068
274.755563,213,794.111235
272.308743,173,795.555366
291.98974,214,797.143058
273.862687,147,797.252725
278.931713,214,797.412794
318.651993,216,797.576995
292.323533,189,797.719506
263.957865,197,799.465879
252.700582,185,799.763704
286.879786,167,799.945709
298.266905,193,800.19405
264.318326,176,800.378438
274.913111,163,800.50791
265.116488,178,802.621744
267.162584,185,802.773062
286.955734,163,802.906273
299.784636,176,803.044024
300.344379,195,803.196855
287.878516,185,805.573745
287.317464,201,805.725582
299.152026,196,805.928333
290.508217,185,806.118354
265.190616,170,806.30809
259.439055,186,806.603817
52.616541,137,808.829645
326.965567,218,809.146085
296.024165,190,809.314652
271.465138,179,809.4663
291.494891,187,809.623948
293.737034,196,811.214385
276.653165,191,811.357682
309.017831,241,811.536967
278.827714,198,811.687015
298.734114,166,811.814478
305.504514,202,812.812709
309.270929,228,814.78745
313.423014,210,814.948384
273.052504,177,815.08423
282.510553,164,815.206951
268.882977,163,815.329604
274.744847,186,817.235743
282.493865,183,817.438604
289.101543,183,817.832727
311.767341,223,818.535019
281.149224,162,818.676027
275.970522,200,821.001215
290.398944,190,821.146782
301.9039,206,821.306768
268.007932,162,821.433274
259.804036,179,821.57161
260.972898,166,821.704901
292.151311,183,824.701021
318.800456,216,824.86529
315.767138,223,825.031676
315.684971,373,825.311291
248.342308,180,827.093493
304.983072,161,827.282406
295.539128,199,827.524345
277.236547,173,827.775909
290.028682,190,827.929568
308.988573,190,828.074419
308.911774,196,830.14797
284.74,186,830.289903
257.584435,160,830.409559
304.230643,202,830.564382
261.559394,179,830.702935
290.533121,521,833.280342
309.150266,171,833.416031
281.124969,148,833.532975
306.736943,177,833.672277
280.911598,254,835.671335
289.770386,172,835.801587
276.431497,182,835.939381
295.245443,170,836.073822
307.350992,190,836.219724
288.663508,147,836.333667
242.923302,155,838.382729
269.602349,157,838.506552
315.558542,177,838.653398
269.197259,184,838.802689
252.213651,168,838.943172
319.024718,206,839.381074
288.638441,192,842.746584
257.625486,177,842.885902
308.602424,202,843.042468
249.644711,167,843.169563
313.289132,169,843.296741
280.979142,166,843.421024
264.199612,170,845.019748
291.903456,157,845.171731
251.753458,168,845.42859
275.267517,187,845.642807
246.977037,165,845.856886
248.890837,169,846.042726
292.072296,176,848.22336
259.802632,153,848.349522
297.30729,197,848.506445
300.964428,174,848.644135
285.038458,187,848.800093
297.619389,200,850.380533
300.035197,867,851.875905
