#{"t_start": 1770059116.0880508, "env_id": "crossing_planes_multiHead"}
r,l,t
147.248048,112,6.361542
643.725937,241,8.426877
-66.969959,92,9.761506
130.446735,98,10.256859
-74.64437,34,10.422447
-45.826701,75,10.759642
48.053213,148,12.89142
151.825738,225,14.150909
142.262305,121,14.776419
137.157691,155,17.558083
178.786814,158,18.30673
-142.824958,60,18.685599
155.419791,217,20.961831
-154.792809,28,22.409099
138.401363,121,24.158167
-92.170083,136,25.837018
158.673314,171,34.968214
173.032334,241,36.646793
175.194986,192,38.883307
-110.234388,94,39.500175
-99.819278,60,41.109515
161.751277,158,42.270485
1210.721738,199,46.107338
-118.877045,81,46.508804
-98.299852,73,47.150095
-38.139206,87,47.760715
134.676019,76,48.26221
171.247704,241,49.845062
152.039304,144,50.958493
167.873218,162,52.863511
207.352949,241,58.957975
167.600651,200,61.208603
68.844647,81,61.671595
99.712761,66,63.786178
-171.975035,45,65.011587
-71.284778,74,65.394567
127.628796,97,66.191714
159.89384,100,66.688332
146.224977,108,67.237391
177.4307,241,70.825067
216.762502,212,73.713751
205.58484,206,75.610263
-124.61006,75,76.833192
146.384675,95,77.257782
180.287064,190,78.307424
177.277138,150,81.881068
-154.325605,35,82.084436
147.670745,122,100.474253
-137.382281,79,100.884119
-158.286462,44,101.15601
1076.648896,209,104.826126
152.036533,158,105.575234
-139.650083,54,105.915226
-151.727283,32,106.102694
114.023346,173,107.796626
-182.515805,39,107.999047
157.850903,100,108.567186
-97.282982,75,108.952809
-141.155484,50,109.234215
192.86226,176,111.947217
-187.452065,42,112.181742
194.207518,228,113.296721
121.803835,132,114.094325
-110.43306,56,114.317094
116.464901,87,114.666175
-138.556261,63,115.016647
-58.540143,44,115.246154
631.742035,205,122.70642
-142.242129,77,123.048723
-123.740517,75,123.355584
-214.488212,37,123.570599
176.507109,116,124.161318
-164.390954,71,124.557726
200.115727,208,125.653643
130.449546,138,127.338339
900.047151,241,130.152579
-125.811045,79,130.524192
-12.954167,70,130.853629
458.352199,113,132.161233
175.459849,157,132.911067
175.00399,218,134.027328
267.15213,237,134.932632
120.162697,147,139.370867
153.7612,139,140.061212
1230.970378,174,141.790313
83.529827,179,143.525085
215.270172,182,144.434553
124.7275,134,145.201698
187.521445,165,147.274626
83.699067,117,148.9979
159.475493,144,149.686175
91.503615,95,150.16958
98.548782,152,151.73593
105.074676,147,152.537092
910.75498,241,154.577077
142.885647,138,158.031661
-92.194938,99,158.524887
138.91001,118,172.5455
-157.218373,64,172.922122
125.474161,121,174.479539
-114.042656,52,175.620133
210.95836,226,178.512606
76.019581,118,180.964883
-85.731999,25,181.133303
198.793884,198,182.091671
-205.458077,57,182.352397
1055.874011,155,183.956792
189.049816,189,185.056528
141.385689,167,186.746542
1200.684181,218,190.38368
1200.750488,166,195.760294
115.5454,93,196.301228
1348.366875,241,198.345822
203.858564,214,200.352962
1047.587184,178,202.922217
-120.267558,48,203.139974
177.693537,185,205.781882
133.071358,123,206.400568
95.737118,136,207.058797
163.19173,172,208.590395
-131.472147,79,209.832172
194.851018,118,210.404252
115.419663,125,211.150668
135.977486,116,211.796386
113.528143,139,215.114606
143.120404,139,218.729192
206.524855,181,220.707776
141.646313,146,222.300312
903.502161,105,223.729837
89.456838,133,224.490746
126.770817,182,226.218655
192.3249,137,227.645295
1271.465736,212,230.405919
152.604329,164,231.256615
1308.73013,241,233.451589
233.091553,227,235.537868
229.079059,157,237.008713
209.25103,166,240.57448
192.152255,183,242.17805
142.457983,145,252.182964
17.314955,173,255.027566
150.210254,120,255.955567
-55.642936,83,256.363288
90.927044,111,257.810221
180.625225,176,258.604152
-48.382909,74,258.984854
134.470839,98,260.364362
208.753577,192,261.267917
-99.033743,19,261.342548
142.963268,104,262.723525
236.333965,180,263.651693
143.794823,135,264.382594
53.194011,91,264.838947
149.064066,144,269.359047
207.690567,179,271.858151
1166.347566,131,273.377645
1298.603377,241,276.33183
128.578744,156,277.994885
146.268044,111,278.526423
167.691971,121,279.986322
149.765734,100,280.450323
186.426328,144,282.239754
194.09266,162,283.19932
142.32807,150,284.008652
-79.023899,55,285.224149
136.427461,95,285.707291
194.640939,172,286.652834
996.27422,125,288.954514
166.621171,137,292.572636
-93.197573,24,292.69789
216.629813,217,293.844802
142.133895,147,294.8411
-145.721761,47,295.11488
1255.699879,241,298.082719
231.812558,166,301.516675
-143.062473,66,301.860308
103.329444,98,302.381778
145.606518,117,303.034245
189.001332,165,305.595711
87.095208,111,306.056353
180.794292,169,306.964302
147.985777,84,307.48713
-129.182748,61,308.693458
61.649451,123,309.347163
145.469086,125,310.941864
195.514631,203,314.798424
-118.111437,86,315.522405
141.40011,148,327.691905
170.115351,139,328.38976
1142.370371,184,330.334737
157.912711,135,333.700379
161.706775,149,334.360754
127.894914,183,336.226984
101.341923,168,337.984542
-215.661572,62,338.33834
145.67625,113,338.921147
160.315644,171,339.722266
-149.4927,51,339.978633
226.091734,195,341.704626
234.511022,186,347.577596
481.890215,59,349.707533
208.546755,160,351.284481
153.007138,111,352.670004
193.133919,169,353.3734
110.023803,154,355.05705
201.731025,137,356.811679
-126.550047,64,357.135527
139.762583,82,358.595847
201.623929,149,359.406316
164.701446,93,360.716801
145.651632,67,361.848585
155.306902,136,362.471132
152.567379,102,362.962203
153.857631,158,363.755883
152.921244,115,364.240942
182.052937,149,365.76054
244.871351,201,372.103061
161.146549,90,373.52722
145.495914,126,374.207676
157.439614,113,374.738104
135.5246,135,375.482367
216.619292,178,376.504337
240.317773,204,378.452008
119.114507,89,379.745181
140.998414,123,382.064247
162.290228,241,384.265155
154.150816,147,385.028833
151.188989,130,385.64175
141.959771,148,386.283798
122.458063,102,387.688064
-222.920087,40,387.870116
173.833868,144,392.576499
-123.644069,49,392.842993
145.679207,107,395.056999
169.761545,137,395.633978
165.217725,159,407.789562
1277.151887,199,411.514121
944.820775,162,415.178627
266.977176,180,416.238055
1156.242773,195,418.866839
172.329385,143,420.786758
127.463167,121,421.402385
170.425399,90,422.669681
-188.71271,36,422.830788
267.852536,183,423.753556
173.887072,152,428.944971
189.842304,156,430.785658
-89.917565,37,430.954264
774.460546,168,434.575838
170.718196,181,436.374607
-86.656377,107,437.714553
121.065675,87,438.072836
142.828771,99,440.361164
-168.025666,69,442.410707
1139.679174,241,444.426376
937.847007,145,446.127011
277.628278,209,448.22053
-197.126874,58,448.448377
189.204294,107,450.589711
157.728229,156,451.367048
227.45544,187,452.438386
209.208344,123,457.808442
216.874588,191,459.602782
119.389053,126,460.164778
212.870205,184,461.816568
194.171576,180,462.71521
167.240186,93,463.210382
164.192176,136,463.87569
183.154988,184,464.843617
105.227317,119,465.432892
160.911338,95,465.95023
101.704859,96,466.489466
1263.94983,147,468.993726
174.558786,93,470.501627
224.573079,147,471.324623
184.976047,169,475.879277
217.670614,196,477.203951
215.143623,193,478.336593
210.18447,240,479.82426
189.14616,98,489.279786
246.135102,205,490.427039
177.092295,143,492.839123
107.621388,78,493.298803
171.376812,146,494.918901
211.711202,187,495.878039
223.159247,156,496.689636
143.57392,93,497.18345
171.435492,150,499.703051
130.699472,105,500.985823
166.614973,184,504.648625
149.646333,134,505.619263
131.711449,111,506.234146
-99.17835,1,506.241569
164.006405,128,506.865548
181.043414,154,509.367716
127.562925,83,509.763678
117.863569,148,510.567424
87.430543,91,511.0913
1156.798302,229,513.087881
101.659837,84,513.586088
-98.033039,4,513.62015
162.643552,152,514.518393
173.36496,172,515.538514
-46.997414,60,515.887231
1398.236677,241,517.994022
144.462478,125,518.75227
190.275236,188,522.781247
167.864817,154,523.682224
196.819328,164,524.530792
1073.471551,241,526.632737
153.677963,116,528.180011
182.293877,183,530.13614
229.176907,176,530.951869
-102.579872,1,530.970487
149.145577,91,532.36966
149.202765,96,532.864627
154.778924,92,533.527138
209.012428,164,534.325928
-77.44676,78,534.774477
175.323366,152,535.622993
126.640126,119,537.151378
212.505465,169,541.861833
229.295514,169,543.522433
88.602797,126,544.179584
163.896533,163,545.108469
202.697831,184,555.591109
1291.785254,173,557.417837
142.369309,109,558.005554
230.706339,150,558.788255
186.340163,135,559.412973
-54.449274,89,560.640403
127.082846,142,561.669458
214.062405,176,563.60803
179.878051,175,564.37877
105.367187,78,565.700227
161.646651,128,569.153096
1117.886666,170,570.947207
244.182029,229,572.137065
187.820722,147,573.842756
207.020575,164,576.487982
133.842058,94,577.01444
118.838068,146,577.947328
135.589291,108,580.21698
151.519159,93,582.363497
168.460207,148,583.015479
126.652477,137,584.589896
145.228566,172,586.367453
134.845942,137,588.137395
219.848729,166,589.031859
225.197951,184,592.813597
121.349223,94,593.333339
132.067022,105,594.177172
181.011475,157,595.007313
158.911493,139,597.511277
136.411318,88,599.200269
163.859184,135,601.019874
119.364456,76,601.459595
220.227822,131,602.171625
175.455953,128,602.863648
157.808482,81,603.282625
-87.04093,91,604.639115
188.620474,148,605.381217
173.833596,156,606.15917
169.445349,85,609.237202
185.170255,151,609.91886
168.86903,137,611.398361
250.617331,181,615.188641
138.887885,117,616.999415
-41.518876,74,617.413613
215.822091,166,618.431351
105.471361,104,618.908233
209.336599,147,620.547696
172.709241,190,630.655531
118.338409,108,632.093617
-153.346838,31,632.25241
164.888957,84,632.76054
187.326446,132,634.507657
201.485821,110,636.052708
198.597294,196,637.173485
161.161732,82,639.500445
92.863324,130,640.194807
169.578055,186,642.190929
122.748946,95,646.540644
172.650942,92,647.060192
123.90073,111,647.649331
205.798426,153,648.627708
248.499902,187,651.478929
125.280376,95,652.02896
139.5657,92,653.358485
165.324001,100,655.815054
177.902153,91,657.112204
-190.936501,35,658.142552
909.9936,148,659.793472
125.582394,139,660.493754
218.447126,205,661.560587
167.639792,86,661.989939
129.514049,141,662.671161
125.274106,133,665.029258
1442.7375,161,667.518008
-81.758119,59,670.927335
116.351523,74,671.333939
188.205002,103,672.778887
144.625189,113,673.478232
154.014892,161,675.233925
168.527643,115,675.818329
137.904553,88,676.234337
185.937501,120,677.180512
200.751576,164,678.313867
145.4553,165,681.390556
238.829407,206,682.685814
177.638387,166,684.797441
157.042871,88,687.095169
233.309191,181,689.226673
159.559018,77,689.870752
155.642882,85,691.771336
177.280275,131,696.49618
140.429575,130,697.603073
173.837363,96,698.358319
230.596762,183,699.697431
126.632752,82,700.312866
203.047367,201,702.744936
198.9619,154,705.528177
103.187783,123,720.230469
160.086792,132,722.020632
-91.876421,15,722.144869
186.776794,132,723.903046
134.054736,241,727.049465
176.064351,171,728.192764
159.931735,74,728.656731
185.364897,154,729.712086
-89.809296,85,730.318333
165.019344,113,734.749645
717.977329,171,737.591686
203.194015,137,739.438095
112.187955,89,740.904426
150.815478,125,742.737992
157.020699,116,744.468999
175.340201,117,746.894986
158.420551,133,747.760477
223.26472,185,748.900978
225.744706,26,749.914925
142.978755,218,752.771361
183.128067,149,753.697399
148.576705,109,756.085629
121.051557,117,758.344916
266.654785,221,761.036967
165.133125,195,764.821682
153.640884,138,766.534925
160.741566,114,767.182926
177.47848,117,767.804323
789.25578,110,769.385325
146.752598,110,770.813976
211.044715,216,772.000726
155.015167,133,772.790349
186.315531,156,773.67576
164.981898,133,775.101601
148.028984,139,775.915881
135.239153,87,777.309603
175.191206,89,777.761238
196.118882,173,778.911227
183.396994,147,780.912504
191.02766,100,784.219617
172.499171,147,785.820601
231.664465,222,787.385153
158.948487,79,788.756411
116.529322,86,789.273354
230.479202,165,790.232518
192.652956,142,791.118772
208.453345,169,792.201508
-132.797767,28,807.787463
225.097424,224,810.114351
160.008403,108,810.852992
115.897193,97,812.353246
177.638771,86,812.771748
172.597568,123,813.705678
158.967148,123,815.725857
257.144545,188,816.920401
-81.228662,65,820.030803
161.108621,144,821.06854
74.336828,162,822.051379
154.51702,191,823.211108
183.427916,164,825.117362
-68.924128,58,826.281831
122.645438,122,827.792328
181.624713,168,829.550706
167.269683,83,831.029837
137.786292,106,832.625899
165.114481,133,834.143398
179.301586,149,837.039282
176.825056,120,837.672564
176.402014,161,839.483508
141.442102,105,840.906505
131.096102,110,841.493408
188.751942,147,846.837814
152.320288,83,849.075714
140.182067,106,850.42837
210.602638,114,851.110305
160.577759,132,852.051841
207.191743,155,852.916599
124.413134,148,854.764946
109.227181,145,855.78284
130.467965,108,857.711307
-345.438025,53,858.907564
157.076413,75,859.262865
-120.959743,35,859.46632
196.445896,153,860.215427
152.988796,103,860.85423
672.679977,119,862.501008
202.287338,163,864.322896
163.556597,78,864.758294
-283.722133,43,865.016943
171.68261,86,866.497605
130.664782,88,869.70368
141.777422,164,871.769943
141.787618,125,872.449852
-110.177159,40,872.687233
153.042758,87,874.058369
162.299677,136,874.870214
247.087545,194,876.984473
173.395955,148,877.88059
-93.755485,52,879.045805
179.275338,89,881.148555
117.682395,100,890.153395
162.90032,128,891.876053
138.74289,83,893.218794
-77.260545,77,893.756441
206.809419,172,896.187776
1272.168804,220,898.428786
192.614984,139,900.284372
136.922574,112,904.841594
-100.398599,1,904.852973
146.411466,109,905.48307
167.347622,115,906.183468
182.608813,149,907.283659
170.136469,117,908.067221
139.358476,97,909.551917
1261.72177,208,912.277931
158.440897,126,913.788482
1339.242338,241,917.824661
164.102443,104,918.556941
222.927805,171,919.664635
159.386304,86,920.193436
178.012576,200,921.364709
132.611615,81,921.898149
142.471442,160,926.625366
174.081333,130,928.233998
240.849741,158,929.263105
224.993187,175,931.279426
167.148398,104,932.761428
158.539338,134,933.483969
153.133608,153,934.598482
170.947842,137,936.274873
-32.38514,105,937.737369
166.434393,118,940.114203
120.033161,132,941.772074
212.683017,169,942.784577
874.445457,118,944.299659
116.267494,126,945.111469
40.619989,1,946.008488
233.456774,219,947.428048
158.623954,122,951.022714
165.030522,120,952.447383
147.31156,109,952.96929
210.736896,134,956.349792
985.895095,146,957.835514
188.032226,136,958.649166
225.974868,161,961.467397
278.381467,203,963.416274
1210.460606,135,965.009245
801.04846,90,983.188923
133.982612,83,983.561875
1601.041838,163,986.238043
1205.210559,241,990.931941
163.643391,84,991.425271
295.488825,211,995.614857
1359.686711,162,999.095389
130.580875,102,999.634557
97.722079,143,1000.662564
167.837458,91,1001.205933
131.593753,118,1001.966266
152.558058,116,1003.538485
176.970102,88,1003.931397
163.196708,135,1006.509334
185.561601,139,1008.020796
89.184393,134,1009.725225
176.858826,141,1011.469423
184.112408,135,1012.374014
152.231922,95,1014.746891
102.671767,161,1015.723978
170.234171,130,1016.510931
107.862043,105,1018.0438
133.683988,113,1021.496997
215.249645,157,1022.725703
150.641533,107,1024.174817
193.572181,184,1026.163435
211.836362,177,1027.901548
-63.188191,57,1029.115915
172.789982,153,1030.983675
132.767965,116,1031.853073
177.607224,144,1032.724809
207.01664,107,1033.415654
135.465231,148,1035.148892
172.771265,222,1037.26184
198.693555,152,1038.12594
116.351209,109,1038.740187
242.705993,173,1043.434405
-141.446787,51,1043.702545
201.744097,153,1045.876185
207.320716,176,1047.818585
189.892818,136,1048.670119
195.097665,152,1049.723675
928.744118,177,1051.609226
1211.903601,214,1056.431824
175.794993,102,1056.875268
194.007952,93,1058.246762
172.561483,86,1069.087461
112.391371,94,1069.74149
137.179142,105,1071.353509
198.753118,151,1072.14429
170.738574,85,1072.760692
1131.076327,227,1076.49939
167.911793,128,1081.002834
150.2901,135,1081.889645
155.621972,86,1083.276521
249.423195,222,1086.340627
131.246292,97,1086.941415
244.969937,189,1088.291767
149.82451,157,1089.355003
185.863115,163,1091.21403
95.476694,99,1091.839444
174.89145,137,1093.615087
124.889012,103,1094.196606
449.973025,80,1095.485475
160.209887,134,1096.371229
181.198941,120,1097.237745
190.255716,142,1098.906382
245.446064,189,1103.569715
-135.925703,70,1104.055948
1170.685389,130,1106.910689
161.704534,102,1107.456605
109.036668,97,1108.063602
167.064088,85,1108.548854
9.416596,150,1109.372588
1162.289992,155,1111.963438
148.406143,123,1112.732682
914.646257,116,1114.452736
158.544967,107,1115.24797
181.330969,124,1116.12953
201.61035,170,1119.793636
230.282565,164,1120.746399
157.095852,113,1121.379631
174.670358,115,1122.233511
198.929506,212,1126.299029
158.532102,104,1126.819455
236.938532,154,1128.840539
187.445904,124,1129.555813
72.271641,101,1131.0917
184.671449,93,1131.575503
209.267668,105,1135.181695
472.832161,100,1137.459693
186.399245,93,1138.899566
171.311857,169,1140.166615
139.206809,203,1142.464149
197.588317,145,1158.424247
159.335466,73,1158.943426
206.833301,164,1160.896338
154.123208,120,1161.615511
95.331613,87,1162.244988
182.512319,92,1164.181714
192.380958,144,1169.126109
146.592776,146,1169.963267
198.488891,108,1170.632487
524.957679,82,1171.915421
163.470712,120,1174.269729
136.544336,144,1175.026583
101.09765,118,1177.731481
163.225541,90,1178.230274
139.258091,128,1179.02533
159.745072,96,1179.569371
199.129878,182,1181.634629
1417.86511,181,1183.545375
211.148758,159,1185.241912
194.62153,135,1186.856692
1203.167504,214,1188.958818
1198.287895,222,1194.18785
1289.310451,196,1197.023642
225.268519,126,1198.781138
145.708573,94,1199.344419
200.852223,206,1202.39651
213.954834,153,1204.271976
197.184049,97,1204.87506
168.387362,109,1205.60623
135.300666,108,1207.233812
156.5347,141,1208.045015
201.019778,138,1208.835442
147.249967,109,1209.474052
204.907265,136,1211.125504
203.983694,125,1211.826961
149.652721,81,1212.358248
193.05017,121,1216.650468
168.293617,76,1218.063331
242.747341,172,1219.461374
156.281513,90,1220.082597
154.928668,109,1220.880665
296.378407,184,1223.708658
190.940155,93,1224.242467
195.312711,103,1224.963401
-130.714934,44,1225.373249
247.535766,156,1228.250874
181.105347,93,1228.773666
646.257082,103,1231.151883
146.055112,102,1231.693877
141.763526,124,1233.38151
173.930651,157,1246.140086
209.477376,177,1248.410407
154.855764,90,1249.083784
155.374261,119,1252.924886
165.683415,129,1253.874832
157.52046,151,1255.750613
1183.247291,202,1257.81139
147.269404,68,1258.258418
120.738386,143,1259.346073
189.734769,143,1261.133991
147.478305,124,1262.873312
191.998093,155,1263.836824
185.282687,97,1264.415637
1186.294772,140,1267.826213
143.68093,104,1268.452187
176.52691,171,1269.684213
137.064413,95,1270.369312
167.824848,118,1271.217432
174.434587,115,1271.899584
156.282977,120,1276.331202
-59.301916,1,1277.499312
1036.3397,203,1280.603228
-113.710073,64,1283.075965
126.00389,82,1283.540192
207.120788,192,1285.604175
191.762469,162,1286.715568
143.954056,88,1287.3596
-188.520683,28,1287.563311
153.970372,114,1288.312905
189.907066,178,1290.357774
188.331343,157,1291.352222
199.955679,150,1293.213132
152.272517,99,1296.787124
217.528395,129,1297.645097
148.787597,98,1298.277404
224.546115,174,1299.360191
169.637661,83,1302.667387
210.164162,156,1303.923218
196.331539,156,1305.970509
194.786684,134,1307.669942
1096.076278,202,1311.22765
166.701992,119,1313.057178
135.819025,83,1313.567852
189.176997,156,1314.656657
146.632374,186,1315.942473
174.797815,165,1317.015184
150.284205,90,1317.64105
170.315159,110,1319.106377
167.236869,78,1319.652332
225.57223,179,1334.673875
145.654874,97,1335.232286
210.561883,190,1340.455269
120.145012,109,1342.919093
150.088179,150,1343.859955
1265.031861,151,1347.003942
206.637909,154,1348.030664
145.844844,168,1350.100334
193.960789,184,1351.176201
170.859552,83,1351.746535
159.619755,79,1352.262365
1173.896881,209,1355.536895
289.537313,198,1358.47892
161.360631,164,1361.124695
168.113915,139,1363.618334
220.267804,173,1365.647446
171.8966,87,1368.953226
200.1241,114,1369.560145
185.134275,135,1371.446421
208.094714,167,1372.525591
154.857191,79,1373.032224
168.775746,120,1374.802848
217.977724,174,1375.850708
149.972139,79,1376.38139
181.464698,136,1379.137965
222.742883,157,1380.258255
187.165525,129,1381.978774
145.427992,83,1382.405101
184.636115,135,1383.232482
158.140276,133,1384.893218
203.038582,204,1387.867651
122.419926,101,1389.25186
209.46071,152,1393.735411
156.97312,107,1394.583166
155.129784,98,1396.17641
176.227694,140,1397.817632
153.751667,122,1399.330898
-103.416721,6,1399.368464
120.14598,104,1399.945879
166.124258,82,1400.452197
201.472912,127,1402.040207
135.880766,89,1403.538367
125.325154,78,1403.957706
283.057563,194,1406.878062
234.045546,170,1409.581394
157.326627,120,1410.395221
1341.437946,159,1414.844063
149.745297,85,1430.43358
113.152203,81,1430.934468
189.734076,119,1431.626534
137.131577,94,1435.327274
-45.562005,96,1436.265103
176.883778,139,1437.238867
129.355298,169,1439.472525
234.779248,179,1441.556086
145.424413,107,1442.209946
222.330131,134,1444.065107
259.907275,190,1446.18869
199.507269,176,1447.262666
294.052603,169,1448.37085
152.678164,97,1449.871838
186.941837,86,1451.330505
200.756008,171,1453.2891
247.874455,176,1454.593818
181.645371,89,1455.272063
152.204375,135,1458.863976
491.768196,103,1460.616679
206.955618,141,1462.565159
272.695524,193,1463.660008
164.921561,241,1465.208473
152.313682,121,1466.991821
151.480738,150,1468.00414
170.248123,85,1469.390517
251.711718,170,1470.399405
134.929767,97,1471.055682
249.938664,233,1472.583997
166.857643,157,1474.513617
263.49908,204,1475.663481
174.473184,156,1481.432391
195.957532,96,1481.936392
232.00026,139,1482.98272
204.795194,178,1484.953554
-118.733344,88,1485.579717
248.0991,195,1487.855922
200.513186,148,1488.942252
134.573135,108,1489.636026
172.787284,124,1490.506338
190.767962,146,1492.415691
167.149116,161,1493.383159
1416.462004,241,1497.858016
145.02366,241,1512.243733
-99.227886,1,1512.265064
229.811592,167,1516.510953
192.201443,183,1517.840533
182.929127,136,1519.642987
269.109198,148,1520.499255
188.679762,163,1522.58743
153.575651,105,1523.125351
148.387146,113,1523.757438
207.211745,174,1524.912237
162.33286,97,1525.606118
1046.966401,130,1528.190139
234.020479,169,1530.793551
-99.047349,1,1530.808835
188.756247,117,1531.505467
163.967276,130,1533.26431
179.934267,116,1534.926105
174.968111,150,1536.056925
98.745279,128,1539.681095
815.804497,88,1541.339219
179.118274,136,1542.317968
144.778996,112,1544.842993
155.937685,113,1545.57828
223.564128,165,1546.801567
166.785532,95,1547.527549
1073.216802,152,1549.403712
149.877075,86,1549.941361
872.826385,52,1551.174443
198.006219,188,1553.390255
205.595665,192,1554.709655
92.617537,111,1555.387108
183.527433,171,1557.303067
164.944125,104,1557.944607
1089.530081,132,1559.657603
179.504096,193,1563.508233
243.273184,176,1565.657368
877.055147,238,1569.177321
123.150879,141,1570.820179
287.690535,195,1573.008181
179.369386,152,1573.926048
125.362332,74,1574.41226
155.448709,101,1575.117094
235.987138,166,1577.174337
137.106192,102,1577.742912
157.949308,114,1579.322463
-99.012819,1,1579.336602
165.347966,93,1579.879808
224.991337,147,1580.959934
1348.578412,228,1601.603925
207.96477,222,1603.594417
224.683876,153,1604.627691
167.669024,130,1605.354769
521.434521,107,1606.863648
173.726627,139,1607.823243
181.404585,112,1608.663486
839.79994,136,1610.259032
113.323895,102,1611.807808
179.028905,126,1612.548129
176.307743,128,1613.29388
232.259274,179,1615.154806
259.224728,189,1617.354063
196.21346,95,1617.954891
114.249106,81,1618.475933
141.525299,103,1619.143197
148.913367,140,1623.95607
228.809373,161,1626.144447
195.862523,102,1627.468995
146.988173,127,1628.225038
207.191335,152,1629.994275
166.603308,121,1630.744638
221.952997,146,1631.675963
232.086085,150,1633.52883
221.296755,155,1634.431207
176.516599,120,1635.528606
172.180644,145,1637.679768
203.48723,141,1638.431271
175.762857,139,1639.326265
181.26171,104,1640.00317
149.086876,92,1640.601427
152.588755,117,1644.019642
142.76466,100,1644.652492
152.105352,105,1645.704035
178.252468,80,1646.308965
169.649063,77,1646.845817
309.944658,209,1649.880856
261.794479,148,1651.450368
146.358037,99,1652.943
243.813099,199,1655.464927
107.554389,115,1656.314428
187.681238,170,1659.208096
175.226159,129,1661.467514
191.086702,173,1664.21136
145.255941,85,1664.767948
116.310645,134,1665.700268
205.994266,160,1666.723568
303.839885,212,1686.648149
155.444533,134,1688.524117
80.819098,147,1689.526558
154.499447,148,1690.762107
169.521758,106,1691.549167
170.283764,189,1694.877414
164.509802,135,1695.930103
164.566699,102,1696.735969
140.312584,79,1697.378333
200.890931,180,1699.261408
169.53403,112,1699.9285
245.473743,148,1700.86947
149.090954,80,1701.469168
208.199032,154,1703.409736
193.273044,142,1706.895506
150.722172,104,1708.483763
635.36776,127,1710.130996
-98.795835,1,1710.152171
245.695076,163,1711.322272
212.575169,185,1713.388943
471.803031,82,1714.849252
213.172785,176,1717.078204
194.03182,241,1719.483033
94.990947,96,1720.091623
170.527132,110,1720.822895
212.422558,161,1721.778454
254.569102,179,1723.865049
195.015151,97,1724.335148
161.529894,79,1724.783892
209.263392,123,1728.455038
-114.348699,70,1728.815851
199.973698,226,1733.888481
211.211688,177,1735.288039
170.078989,125,1736.10223
133.322889,100,1737.655457
241.921821,178,1739.622736
170.259833,134,1741.43886
147.518138,140,1743.823338
112.380796,116,1744.435131
156.316813,148,1746.158968
163.834097,141,1747.8465
251.382754,143,1749.364499
161.147414,73,1749.788958
207.419245,138,1750.653155
218.001707,133,1751.567289
237.333405,140,1755.362375
228.045631,140,1756.310167
159.290174,119,1774.625424
164.960259,78,1777.272469
167.579371,164,1779.42918
145.730071,144,1781.571897
138.327921,139,1783.468436
206.873666,139,1784.24937
357.725842,223,1785.867163
-2.715649,117,1786.783373
182.06697,83,1787.369303
169.6289,120,1788.240197
176.266946,104,1788.979479
185.367909,149,1791.815
242.589628,171,1794.72324
215.021567,156,1798.719155
181.284825,104,1800.519601
216.822806,157,1801.617565
216.824025,111,1803.354387
200.240417,153,1804.393191
656.824912,214,1807.76395
133.67025,95,1808.398508
181.177984,147,1809.35125
150.839668,83,1809.934334
221.727542,153,1810.927629
138.666049,108,1811.604775
200.283761,143,1812.428691
162.556203,125,1813.149082
146.135459,131,1813.993656
155.245646,138,1815.858142
241.745204,171,1820.721304
204.292649,147,1821.657681
200.191336,156,1823.120763
128.521237,80,1824.665079
161.8547,108,1826.231056
172.017908,168,1829.011257
149.391339,82,1830.431173
112.69096,92,1831.920021
146.659634,87,1832.559281
78.552917,129,1834.348925
301.488189,177,1835.415869
266.875134,183,1838.215022
235.351063,156,1841.691087
148.897011,95,1842.124613
224.730632,181,1845.928857
295.956396,208,1850.031809
212.113473,125,1850.782934
135.93929,91,1852.584872
174.502268,89,1871.344785
164.548087,84,1871.958808
110.342094,122,1873.806605
141.536062,89,1875.265636
172.069401,85,1876.062056
191.116521,147,1879.023188
143.83965,241,1881.502445
163.178189,88,1882.098024
163.844711,146,1883.163391
164.851335,114,1883.962422
193.67091,138,1884.788127
144.747429,105,1887.210859
162.101828,124,1887.856154
-93.73049,65,1888.226143
257.710731,148,1889.905297
128.050136,94,1895.485204
141.908148,77,1896.009846
170.425397,109,1896.785126
146.526992,108,1897.582005
172.585966,98,1899.244669
156.454247,109,1899.954945
258.114526,157,1901.02809
230.991993,138,1901.867039
132.923695,94,1903.485578
983.028326,147,1905.169932
259.097296,208,1906.462508
131.850276,80,1907.019623
237.218832,135,1908.731536
173.757738,132,1909.665129
247.566729,169,1911.74582
158.109677,86,1912.215741
218.452992,156,1916.888885
162.843495,83,1917.378185
220.763786,157,1918.420291
256.393412,170,1920.664271
263.579294,187,1921.808341
198.875779,118,1922.527238
208.075785,153,1923.570845
183.309802,114,1925.119014
273.246159,192,1926.338507
183.583512,147,1928.286209
220.636997,155,1929.411293
243.591336,147,1932.195424
262.851714,160,1933.021225
155.671327,99,1934.581303
218.404042,153,1939.983326
159.383492,119,1941.866237
153.101445,105,1942.666293
195.154518,140,1944.631881
125.764723,104,1956.545026
277.983153,170,1957.559978
198.151617,184,1958.963631
229.22029,137,1965.052795
129.327212,101,1966.392047
210.300393,124,1969.50399
1261.438343,200,1971.698324
175.136021,163,1974.647851
148.5059,131,1975.507704
198.700436,116,1977.169255
160.164142,112,1977.832828
204.35823,125,1978.746655
204.575455,150,1983.662901
120.843413,90,1985.249892
146.471095,111,1987.06406
176.766023,91,1987.484305
200.732795,142,1989.205553
223.894542,149,1992.02492
163.177086,109,1992.663644
182.57389,120,1993.46179
232.629106,139,1994.467559
197.453269,137,1995.369717
217.455531,187,1996.683255
190.800922,98,1998.393114
155.893683,122,1999.307331
189.873453,99,2000.017911
1169.928616,130,2001.815997
169.498421,112,2002.54769
150.774042,123,2006.246388
168.473447,109,2009.178445
143.708407,107,2010.788201
240.440241,195,2011.973877
149.304724,86,2012.675726
167.917333,114,2013.428101
180.60359,137,2014.38325
210.54965,129,2015.171932
156.277408,121,2016.089753
201.265914,117,2016.823392
175.968537,143,2017.835974
160.355033,110,2018.5603
131.614379,131,2020.368021
236.049993,160,2021.51537
150.146357,73,2022.035307
174.613009,132,2024.040041
145.119976,99,2024.554741
156.762791,94,2028.774148
151.022457,103,2030.699514
192.048813,144,2031.877272
181.576712,88,2032.44416
151.794243,88,2033.008261
164.164596,97,2046.806252
241.147925,202,2048.180079
190.14218,137,2050.042855
271.191959,166,2052.086297
148.244883,83,2052.72507
144.806091,106,2053.566221
710.573453,178,2056.407583
180.202815,167,2057.557161
127.794028,103,2058.330984
169.358623,113,2060.001759
327.243544,237,2065.344927
169.802639,97,2065.91861
-167.665604,45,2066.389043
202.92999,174,2067.610644
274.400269,168,2068.69924
168.026051,113,2069.423831
189.179464,166,2070.437673
123.526911,74,2071.708671
234.814,149,2072.466595
201.114948,163,2074.429455
809.145627,122,2076.000012
230.063495,126,2078.650476
216.698595,128,2079.475943
791.035696,129,2081.206386
255.671111,155,2083.310273
283.308325,175,2084.5543
-59.301896,1,2085.570892
153.32428,115,2089.023026
-121.192301,63,2089.481215
172.083886,84,2090.452877
200.359598,124,2091.269392
220.738676,155,2092.290593
262.645041,220,2095.35231
216.886884,150,2096.382868
1101.220356,202,2101.272088
172.565479,161,2103.238459
130.319045,81,2103.689693
288.632716,161,2104.609021
109.990265,160,2105.575599
259.201482,143,2106.486057
159.770702,106,2107.173256
231.02465,165,2109.116775
-214.943838,46,2112.053648
156.342092,95,2112.557014
189.350868,93,2113.259174
246.463349,149,2114.311181
1595.949467,169,2116.439192
118.083696,82,2128.65795
165.456384,79,2129.240115
165.874602,127,2130.034006
206.202705,241,2133.314909
298.335981,183,2134.653172
275.023594,35,2136.047827
159.976214,89,2136.639396
194.226855,126,2138.141406
172.102339,187,2140.13517
201.76093,139,2141.013815
245.572618,184,2142.262553
245.050181,148,2145.987291
162.159106,107,2147.621341
106.38009,101,2148.257541
138.352694,141,2150.199103
165.292088,124,2151.002755
-99.221813,1,2151.016394
205.661325,148,2151.986419
214.353868,172,2153.888929
206.953515,157,2155.064621
130.780024,100,2155.806684
187.378129,148,2156.753951
71.397781,241,2160.010319
189.427205,138,2161.820474
265.677428,201,2163.242037
154.819859,115,2164.903627
157.545887,144,2168.385868
165.196855,121,2170.524413
169.291364,97,2171.145414
109.771678,87,2171.777283
179.889915,110,2172.685962
181.549895,141,2173.729478
122.149297,99,2174.396536
209.422849,131,2175.329167
247.061977,181,2178.389634
156.518302,123,2179.207753
185.979453,87,2179.817092
217.545021,129,2180.704561
207.965842,147,2181.725507
192.231844,132,2182.551939
165.086748,108,2183.243734
155.549579,118,2184.754402
160.633129,92,2185.330514
241.590983,147,2189.073831
184.118576,130,2190.144522
188.031461,148,2191.401568
96.404543,80,2191.939069
274.846901,214,2196.776882
151.244952,135,2208.761492
216.961517,165,2209.861161
151.507605,117,2210.689047
153.704361,106,2211.747301
232.001043,163,2213.106908
253.052146,169,2215.304243
9.954283,84,2216.73374
240.007014,158,2219.968374
221.809981,161,2220.859074
237.920049,166,2225.725645
264.508462,171,2227.181905
-99.363792,1,2227.196013
155.46146,119,2228.308021
227.328107,153,2229.472921
168.029727,93,2230.159984
168.754462,89,2231.761356
214.388644,167,2232.849243
187.073086,148,2233.98575
214.679722,185,2236.354925
218.153531,142,2238.987853
187.353646,138,2239.949793
181.81937,119,2240.816736
258.306112,172,2241.913048
382.043592,63,2243.167683
249.286522,144,2244.110022
150.922381,123,2247.97666
149.744609,86,2248.461121
159.253769,113,2251.231412
206.438334,157,2252.170318
174.720556,112,2252.849281
186.61014,137,2253.756979
176.382817,78,2254.19873
1253.476628,206,2258.161033
-58.795835,1,2259.111389
183.952176,106,2259.5613
166.599653,114,2260.204472
161.591939,101,2260.880309
159.009111,126,2263.472694
163.493246,132,2264.254296
178.934581,147,2265.303638
-97.487481,8,2265.36219
219.401159,130,2267.106622
186.414353,90,2268.530933
188.51624,90,2269.104988
185.312454,116,2272.686583
168.455048,123,2273.475036
137.817936,108,2274.385501
143.354873,102,2275.133025
128.611045,132,2276.824586
188.198786,131,2277.511271
196.037025,193,2287.868539
138.057994,112,2289.443746
1015.622859,94,2290.970084
160.807583,125,2292.986838
208.622721,152,2294.289587
249.272256,175,2295.3511
187.67741,136,2296.934287
233.523201,160,2299.64672
153.294831,85,2300.93025
214.675865,152,2302.122018
-59.583213,1,2303.033171
127.216502,100,2307.3233
1123.444458,186,2309.491218
93.32302,102,2311.164562
171.202602,84,2312.423579
151.93245,75,2312.846157
201.207539,164,2313.859437
167.235659,122,2314.546401
167.637305,75,2315.854418
192.641701,131,2317.677549
182.376132,87,2318.155349
1402.95745,235,2320.616701
192.37627,96,2322.175676
222.009956,157,2324.100015
191.17477,241,2326.298252
200.129311,172,2327.465347
195.272631,203,2332.431988
239.056782,153,2334.139872
172.08326,86,2334.644463
87.073519,110,2337.112362
224.876285,171,2338.039992
227.491419,170,2340.0796
266.310612,189,2341.308212
261.115153,165,2342.296424
192.803119,98,2342.870238
146.17221,79,2343.472233
171.733319,116,2344.264268
239.247206,165,2347.011937
267.886615,135,2350.4368
154.88583,113,2351.022787
151.596276,109,2351.695975
269.088301,211,2355.744721
208.642549,118,2356.610227
197.240508,115,2357.419593
141.396535,122,2358.197012
1176.510904,212,2362.097278
193.264061,144,2363.952741
180.228035,90,2375.304981
237.928319,165,2376.365762
185.580549,120,2378.010027
277.049732,174,2379.153816
217.815675,184,2381.793471
189.014722,125,2383.410317
157.197936,76,2383.96491
166.472329,88,2384.628965
182.428277,116,2385.409119
143.037442,135,2389.111727
174.338754,83,2389.887522
174.959896,81,2391.33796
158.974935,147,2393.003174
185.780754,140,2394.020947
170.07299,85,2394.626267
229.464983,173,2396.505413
991.103056,153,2399.049616
183.068554,131,2399.983481
181.498633,140,2401.044007
303.78994,182,2404.841585
206.322813,144,2406.616493
214.371013,174,2407.692268
224.075227,155,2408.661126
244.070557,203,2413.810768
215.515711,134,2414.87328
279.025241,172,2418.067615
292.865986,181,2420.835189
184.049592,119,2421.543053
999.767742,199,2423.623522
171.444728,103,2425.077402
163.917767,130,2427.540769
246.60417,156,2428.534622
138.753098,121,2429.404771
227.911548,152,2431.242753
158.870397,129,2432.020889
243.719325,154,2433.058973
232.79702,155,2434.909029
153.490213,85,2438.272139
141.141337,76,2439.711648
148.107794,101,2440.393527
141.245103,83,2440.895477
204.094328,131,2441.770184
122.925803,110,2442.5777
189.16218,133,2444.386319
209.96432,116,2445.832612
189.045442,98,2447.265651
184.447801,108,2447.913563
196.776153,150,2460.84474
253.725208,176,2461.985115
1203.48434,192,2465.031597
237.420017,172,2467.348341
187.088846,89,2468.270786
119.797645,81,2468.869927
270.830605,189,2470.084227
137.023647,78,2473.514659
131.815051,94,2475.135829
163.06291,77,2475.566785
174.649203,121,2476.303617
185.518618,124,2477.950194
752.237963,153,2481.505591
973.181979,126,2483.252186
166.198762,85,2483.882753
207.348438,162,2484.935432
276.932034,171,2486.934456
224.878786,159,2487.964859
178.59279,121,2489.647918
189.027415,138,2490.710916
269.407667,164,2491.824332
171.769295,110,2493.383376
209.751042,164,2494.25354
159.063378,94,2498.823064
186.002108,91,2499.523474
213.566256,145,2500.552723
227.402938,182,2501.871941
130.810037,90,2502.532385
170.112975,116,2504.159664
195.658281,113,2504.850495
177.450901,160,2505.770269
231.343473,191,2506.961143
-268.002429,47,2507.306472
175.542778,81,2507.767836
168.686352,137,2508.661141
230.535163,123,2510.410508
202.10565,141,2511.219601
157.719237,82,2511.778044
177.819955,98,2512.476543
244.412101,160,2513.818108
157.335954,101,2517.541038
144.910267,83,2519.174333
232.864115,163,2521.226357
174.156723,101,2521.89425
130.095754,81,2522.413151
196.858307,139,2523.291692
-97.735136,6,2523.336315
143.1729,103,2524.782968
147.958129,113,2525.451177
-118.767398,57,2525.864803
265.280522,162,2527.724343
225.230194,137,2543.822015
148.633087,138,2545.778157
615.186848,136,2550.015298
164.358627,86,2550.587667
167.216913,162,2551.764067
138.633767,87,2552.353106
298.063597,165,2555.041396
163.70616,109,2558.469523
201.290752,142,2559.474626
161.348461,113,2561.081815
193.153075,126,2562.904749
269.915457,219,2565.168471
171.432831,96,2565.792862
214.188302,155,2567.728884
192.074198,96,2568.256994
240.371517,144,2570.318138
227.690141,149,2572.845714
167.655314,117,2574.612704
215.31007,158,2576.604391
233.590861,161,2578.486044
232.43428,139,2579.634587
202.043744,131,2581.16981
154.352132,104,2584.585438
195.334689,169,2586.614328
85.720481,151,2587.665991
171.949394,77,2588.244971
1405.115837,241,2590.53705
96.652819,82,2591.063793
217.695863,157,2592.202369
190.583688,137,2593.071705
245.683356,163,2594.107376
134.196713,134,2597.696109
185.910543,95,2600.154871
122.471036,133,2600.967162
254.412747,172,2602.17724
181.062201,158,2604.0663
168.042858,103,2604.664525
149.856602,102,2609.105809
182.306725,118,2610.044837
245.592699,163,2611.307152
162.790188,115,2612.935881
1339.674974,241,2617.064105
165.812424,104,2618.57204
196.030354,143,2619.596347
175.706379,143,2620.602892
158.055517,151,2637.563592
161.987612,124,2638.157427
873.355947,183,2640.454577
213.342978,106,2641.068269
166.404695,173,2643.374901
194.157139,160,2644.406828
135.846883,85,2647.805685
239.321607,144,2648.862155
169.17327,125,2649.678701
171.98077,108,2650.337588
218.979421,130,2651.188008
144.807849,112,2654.344873
165.045882,124,2654.935605
-163.986307,21,2655.088358
1099.304609,202,2657.256615
181.025565,148,2658.312679
168.99344,124,2659.144462
168.522047,145,2660.131403
234.074422,159,2661.275536
116.924341,123,2662.036967
199.589359,137,2663.698808
155.239058,85,2665.096032
176.451826,127,2665.878315
206.894916,146,2669.725872
148.164516,125,2671.831316
280.232633,225,2674.127386
185.311268,161,2675.976674
144.515948,111,2677.596298
192.273346,140,2678.451239
160.812577,115,2679.364631
149.249821,127,2680.315982
174.712261,87,2680.907258
222.263359,132,2681.762728
169.707361,77,2682.400402
250.800013,152,2683.440742
263.552928,160,2685.353183
154.219265,94,2686.153942
312.891815,199,2688.391665
170.972288,138,2692.046642
147.157832,80,2692.897899
181.720085,117,2695.394344
1221.833269,241,2698.494163
157.068191,103,2699.199981
142.890024,78,2699.668537
167.856016,101,2701.270195
150.987041,73,2701.716283
818.232521,97,2703.266577
216.769797,166,2704.308496
150.235393,120,2705.025979
210.696827,138,2715.856896
217.792507,170,2717.727577
145.78149,104,2719.288088
152.35189,82,2720.113492
160.220417,107,2720.894134
176.662101,85,2721.514563
197.987532,132,2725.186452
266.783268,180,2727.258713
191.276267,145,2728.303625
204.869666,144,2730.216023
222.183804,148,2731.875503
197.097202,134,2732.66864
161.055474,112,2735.392879
132.055278,134,2736.32528
905.215493,107,2739.725876
152.309517,84,2740.286945
213.271468,145,2742.289205
189.350518,138,2743.173138
150.986129,102,2744.743108
173.020344,78,2745.269417
163.67956,107,2746.037605
158.409319,103,2746.777182
164.435373,164,2750.622256
-250.821202,45,2750.904355
251.787432,163,2754.105514
-59.208004,1,2754.999939
158.330788,116,2755.678713
181.733858,128,2757.40785
137.380182,85,2758.001596
182.103864,87,2758.634715
211.25768,188,2760.938376
203.244289,160,2764.407069
221.574588,130,2765.217428
220.957991,166,2767.209107
144.414857,107,2767.891687
241.601998,184,2769.171984
190.169479,140,2770.028798
153.189031,70,2770.431925
155.256126,73,2770.882207
148.272741,82,2771.396695
1479.830976,234,2776.793043
215.259278,142,2778.952211
200.257092,191,2780.038906
197.59146,131,2780.893456
258.512624,210,2783.318726
256.325029,138,2785.040061
1394.536263,209,2788.241197
285.671455,176,2789.497069
147.472729,87,2801.040104
170.829463,135,2803.08633
295.522097,182,2804.079352
1279.578826,199,2807.378868
203.666854,171,2811.197901
202.213903,97,2812.298643
87.204712,8,2813.281876
163.300882,94,2813.943401
190.150374,143,2814.874596
161.031229,141,2815.965487
138.72614,89,2817.559351
163.521699,99,2818.030914
268.297358,164,2819.184678
263.697552,195,2820.471647
153.735094,85,2820.975494
265.219071,172,2822.221081
862.282969,189,2825.212273
-54.42989,71,2825.60206
121.366397,99,2826.11118
1109.061354,172,2827.932841
156.88753,101,2828.749238
140.721608,76,2832.052177
221.695955,126,2835.881977
263.995498,215,2838.804406
220.062495,174,2840.045946
281.184365,162,2841.130796
155.190503,86,2841.650898
205.302388,133,2842.410579
-59.207992,1,2843.412562
183.663696,121,2844.901918
207.457539,142,2846.748335
244.378847,162,2848.810128
154.550769,92,2849.471041
259.793351,188,2851.762137
220.430989,131,2853.440314
160.984568,93,2854.987934
169.438234,124,2855.741815
162.141379,79,2859.062576
232.019172,225,2861.633455
273.244314,185,2863.958859
1264.703043,198,2866.177483
243.346203,153,2867.296972
188.628991,126,2869.020651
209.542293,147,2869.952116
143.887575,129,2870.77013
253.04253,173,2871.896394
308.276426,221,2887.979246
143.003601,128,2888.703578
158.587738,121,2890.30639
208.698726,130,2892.438576
155.291654,106,2896.04803
166.356049,136,2897.083172
229.879083,179,2900.008821
227.133805,241,2901.691628
-162.394831,21,2901.874008
167.908115,91,2902.514004
145.512765,118,2903.361506
145.417043,87,2903.965247
183.361038,94,2905.56604
126.843674,116,2906.270915
165.878612,93,2906.839043
128.201337,89,2908.243993
155.364525,93,2908.775673
172.158222,142,2910.761083
198.327547,115,2912.518105
183.153925,149,2913.350637
177.947496,125,2914.904876
174.486461,142,2915.830742
219.430833,156,2919.604776
154.126182,83,2921.298507
134.762438,84,2921.858814
168.259909,131,2922.872092
161.461062,109,2924.418846
284.10483,174,2926.391518
236.405373,166,2927.272472
168.925931,144,2929.850142
201.113963,130,2932.248465
157.465339,92,2932.82979
159.262478,75,2933.334053
192.157351,124,2934.208775
240.091737,166,2936.262296
189.169759,132,2936.980934
256.255972,152,2937.958514
147.725845,98,2939.606635
-63.938152,54,2943.614761
280.033,182,2944.853116
169.487879,126,2945.731019
10.978314,91,2947.268312
245.408636,157,2949.083671
197.375637,145,2952.682454
133.091255,109,2954.186501
246.870872,150,2955.23118
197.646012,115,2956.054423
-91.833529,39,2956.33434
1032.03998,110,2959.071028
175.730548,91,2959.762285
192.371579,101,2961.432746
161.792157,81,2961.877432
227.867275,197,2972.425644
168.659701,95,2972.944291
153.831039,68,2974.260649
182.15828,116,2975.15646
178.543302,133,2979.41171
210.603644,140,2981.334349
218.27674,145,2984.030657
236.771508,167,2986.48176
232.27961,169,2987.673138
222.009714,147,2989.518825
171.18095,119,2990.249253
219.405814,142,2991.345683
997.322671,180,2995.148616
134.505871,120,2995.933052
170.963707,137,2997.816073
1186.034632,144,3000.362894
207.666218,132,3001.949988
157.065198,130,3002.759457
226.758788,117,3006.363165
198.993859,147,3007.346802
250.207622,191,3008.884372
189.627505,127,3009.79763
274.732868,207,3012.099487
191.59053,129,3012.910077
221.271704,163,3014.101877
212.83028,164,3016.199648
172.990315,98,3016.792421
169.490301,148,3017.853783
153.600172,102,3018.657337
192.052117,165,3020.579139
203.812432,101,3021.234208
207.774178,139,3022.347395
164.103287,88,3022.911973
205.314992,135,3027.457115
257.396168,171,3029.068146
288.960001,178,3030.166033
266.320974,189,3031.507383
168.571423,125,3032.438149
197.965753,148,3034.120627
201.217545,166,3035.930493
253.088153,130,3036.857195
287.53975,224,3041.023913
207.910939,137,3043.582962
262.624444,194,3045.030709
134.949426,102,3061.943116
226.418715,121,3063.770091
179.652567,118,3067.5943
304.481813,189,3069.895465
137.129934,109,3070.424158
164.154964,118,3072.904684
232.811863,172,3074.991085
175.373078,133,3076.770743
170.435909,94,3077.422651
251.562723,182,3078.660253
141.109534,98,3079.431401
161.46491,119,3081.142775
235.706445,202,3083.141111
260.396291,171,3084.39164
191.44042,127,3085.295948
136.674618,87,3085.8732
170.675411,94,3086.505816
123.57818,124,3090.205423
233.257179,154,3091.146292
216.656169,140,3093.882409
177.385181,95,3094.435658
1150.47259,156,3097.291304
128.784742,81,3097.866872
160.228583,79,3098.347544
238.174062,173,3099.398907
124.510002,85,3099.95529
220.192032,133,3100.800772
151.386296,103,3101.434094
170.124007,133,3104.024785
109.124539,93,3104.615223
214.304085,146,3105.567977
1074.593528,204,3108.655955
189.500881,125,3110.365433
127.752181,115,3111.896884
157.093891,81,3115.172446
138.622041,126,3115.871608
163.99318,83,3116.657562
210.327577,165,3118.773357
279.045722,196,3121.661568
182.808414,132,3123.586337
204.854773,132,3125.310707
153.474304,91,3125.90092
153.856342,107,3126.67735
148.331776,84,3127.259658
167.795112,120,3129.818548
289.902365,192,3132.587992
162.876859,91,3133.139632
96.7923,106,3133.871317
156.182157,121,3134.69726
956.139216,118,3151.212665
294.065664,181,3155.300586
237.200244,172,3156.908193
230.868625,174,3159.191072
171.572842,114,3159.906428
-173.345281,55,3160.292677
160.352629,101,3162.203353
182.364746,129,3163.001059
158.622583,111,3163.671447
233.820002,140,3164.605344
196.227489,114,3165.494976
161.595713,103,3166.231683
171.171552,149,3167.164587
-76.757105,72,3167.606589
129.858205,126,3168.489162
171.245876,80,3169.949227
192.749854,142,3171.766266
273.929318,224,3177.993246
156.749803,96,3178.548082
221.174808,110,3181.311513
103.907026,104,3181.991432
154.467829,128,3183.725952
211.921072,160,3184.827949
209.27083,123,3188.16767
166.335428,127,3189.708522
172.945719,101,3191.302465
196.937949,127,3192.070717
226.585814,151,3193.906121
233.07937,147,3195.645944
278.379802,181,3196.909241
160.254676,115,3198.666317
260.401538,217,3200.785991
222.144263,187,3205.599563
165.925769,122,3206.455505
224.891251,149,3207.757433
147.320797,117,3208.608821
249.585694,166,3209.74445
206.66371,139,3211.396987
158.475608,93,3211.959814
983.296629,146,3213.828341
204.775641,150,3214.9148
210.437289,138,3215.79574
137.761577,97,3216.431014
159.33549,94,3218.096152
223.614031,170,3220.202863
164.363509,134,3221.088566
-158.856869,1,3222.11609
179.497186,146,3223.159779
252.461405,165,3238.434673
180.074961,134,3239.520571
248.645276,180,3241.003655
186.78858,156,3242.348401
290.230351,186,3243.442143
218.200652,134,3246.12984
77.457116,105,3246.716415
167.968045,121,3247.483576
140.946977,95,3248.085177
141.818981,101,3248.717493
1032.74223,140,3250.478926
1026.539811,203,3253.556768
251.997764,166,3259.138505
213.97915,175,3261.244546
152.344415,128,3262.104081
1335.363513,214,3268.425816
188.777858,134,3270.093815
165.78986,109,3270.820661
135.649963,103,3272.578897
287.185805,198,3274.678359
235.072844,171,3276.643083
215.023392,147,3278.715127
168.433173,106,3279.385811
156.75658,134,3280.398248
154.641933,119,3281.262971
294.768569,182,3282.549363
132.267707,96,3283.113106
133.452613,110,3284.775796
161.070547,108,3285.499707
146.613781,127,3286.480578
141.491577,110,3291.057479
-59.895446,100,3291.668342
197.223284,96,3293.386752
167.334637,119,3294.028339
160.930768,102,3295.60201
1042.169537,200,3298.535231
144.026022,78,3299.100326
204.585596,127,3301.004338
212.164988,137,3301.835358
150.91139,92,3302.383438
154.996569,117,3303.218027
161.003884,90,3303.730493
138.606783,127,3304.561383
136.587953,140,3306.387744
157.071765,108,3307.007089
153.059672,115,3307.673889
165.812236,134,3309.271233
170.947464,96,3313.574969
183.528249,135,3327.885956
1710.685278,181,3329.912372
201.192784,138,3333.306564
242.215582,139,3334.207597
135.917257,102,3335.941808
187.18461,140,3336.791196
276.63329,169,3338.861555
165.898262,92,3339.431272
165.039337,75,3340.825443
966.068492,147,3342.930153
201.313234,157,3346.518833
228.97087,164,3347.692117
185.656556,107,3348.438083
929.686507,191,3351.220347
195.215832,142,3354.692659
188.162862,135,3355.650924
169.272577,131,3356.838014
240.804905,174,3358.207629
190.63265,95,3358.956135
185.991446,135,3359.889418
241.206269,188,3361.345163
158.428751,82,3361.891723
222.997817,134,3362.700983
161.465715,111,3363.44848
272.978264,167,3364.458675
207.295143,131,3365.256641
181.501621,127,3366.871182
233.362725,171,3369.461297
303.376881,166,3371.356793
181.752221,161,3376.117041
224.338179,163,3378.271521
115.015932,87,3379.863248
186.892095,132,3380.676377
154.189387,80,3381.221081
169.816665,122,3382.082657
-94.090298,8,3382.142883
-104.146314,48,3382.510579
177.349558,106,3383.26497
221.874298,132,3385.029483
182.261537,119,3387.396493
142.407509,112,3389.731025
162.742287,110,3392.045096
162.664528,111,3392.752061
101.203772,77,3393.335198
1225.804796,179,3396.410663
173.938154,122,3397.187115
149.967112,143,3399.075524
176.801124,133,3402.660074
243.500789,158,3417.418134
134.564196,82,3417.90618
136.49192,110,3418.619199
303.014221,188,3419.984402
146.929063,83,3420.705956
163.074186,111,3421.515478
128.705369,86,3422.995989
240.153372,158,3423.853685
130.54232,108,3424.470208
189.945627,153,3425.41233
213.213385,241,3428.767902
172.99872,80,3429.222069
236.735348,190,3430.600396
151.108902,107,3432.306724
185.003555,194,3438.060194
-169.20223,46,3438.386542
172.050316,79,3439.967787
174.777552,118,3442.537332
159.346972,74,3443.081455
168.682506,92,3443.790168
213.968189,147,3444.783611
149.378797,89,3446.267999
152.389639,131,3447.169455
117.406403,92,3449.541454
300.586567,186,3452.317958
95.975878,97,3453.117088
158.406143,116,3453.93142
176.629749,121,3456.522992
191.462991,162,3458.456862
196.250898,126,3459.506074
298.24715,201,3461.895972
206.682089,160,3467.252961
134.213689,88,3467.774064
303.541407,200,3470.266624
168.359982,138,3471.10364
231.064662,160,3473.085189
189.082598,161,3474.103236
127.471404,89,3475.585564
161.755939,117,3477.188778
72.810705,94,3477.808367
149.347728,87,3478.417475
277.917015,148,3481.074348
206.606745,137,3482.626864
156.150682,94,3484.043968
184.015791,152,3485.013033
275.29416,173,3487.167398
127.544333,115,3487.969526
177.322757,119,3492.673915
202.7665,163,3494.822368
253.248757,176,3505.568514
156.426149,113,3508.051709
168.609221,105,3508.945283
151.132319,115,3509.942764
170.457613,98,3510.834847
202.309287,157,3512.935635
221.898902,132,3513.708314
153.091286,101,3514.284652
152.860546,119,3515.114334
223.206616,148,3516.216015
190.94921,171,3518.193787
145.110853,87,3519.588502
145.785602,93,3520.088643
133.082758,113,3520.742531
240.33892,167,3524.611887
161.734685,106,3526.525799
208.63645,134,3527.389052
227.156404,153,3529.105028
200.160512,117,3529.754866
124.062518,107,3530.414458
234.707615,176,3531.581836
120.37749,91,3532.160403
225.212313,164,3534.191087
154.86124,121,3534.936882
268.889886,193,3536.168399
172.843355,125,3537.735424
240.108402,187,3540.074739
190.535061,132,3540.889218
678.495362,117,3542.525222
193.088051,124,3546.944496
151.477622,80,3547.440661
317.246766,202,3552.320038
225.167652,151,3553.525485
181.783713,143,3556.230146
174.072644,99,3557.589774
244.713918,182,3560.321828
157.477733,190,3561.544352
154.548953,90,3562.215728
174.147938,83,3562.879271
173.522026,135,3565.822087
183.893273,86,3566.285051
157.203993,100,3566.865064
184.014808,108,3567.569483
260.775616,174,3568.772605
146.928294,80,3569.320194
293.992776,181,3573.347947
196.816136,149,3574.66168
262.20692,168,3587.648244
151.733303,88,3588.253892
235.635367,189,3589.54645
174.819685,94,3590.226956
221.256945,147,3591.294317
243.045346,135,3592.325604
172.595906,98,3592.971485
156.17796,145,3594.095891
203.736512,144,3595.171222
206.131779,174,3598.624628
212.603576,155,3599.713672
186.138994,144,3601.467826
249.561628,164,3606.171795
226.142748,139,3607.40335
1208.933586,158,3609.398861
157.460285,143,3610.399142
143.363368,88,3610.965039
169.221257,140,3611.819766
199.018197,156,3612.846226
161.571094,110,3613.742418
119.52922,241,3617.104823
100.71425,90,3618.682017
187.790465,128,3619.386571
199.206018,153,3620.315899
188.387261,139,3622.197534
142.168191,98,3623.746527
194.523526,126,3624.49808
182.256792,141,3629.372632
211.643773,135,3631.135155
236.540238,176,3632.123452
198.980758,94,3633.71143
130.728071,86,3636.124496
225.065839,144,3637.216595
1443.632301,175,3639.19836
196.181026,129,3640.110931
237.813213,143,3641.030893
226.113833,151,3642.080807
173.872604,111,3644.759821
142.428877,97,3645.346589
228.287878,181,3646.599785
267.183282,203,3649.76523
143.810087,81,3650.345328
169.577961,78,3653.799741
232.569493,161,3654.866169
175.342735,135,3655.92947
213.697851,155,3657.075731
141.74251,147,3670.624832
185.770127,121,3671.732601
238.877105,156,3674.185787
176.937593,146,3676.080425
263.40181,157,3677.148067
157.58851,79,3677.804955
208.66964,147,3680.687086
203.077264,175,3683.586885
170.804498,120,3685.998127
998.470908,182,3687.951679
149.660182,112,3689.964558
606.916559,78,3693.994916
247.944332,167,3695.386222
223.470732,157,3696.568198
335.659523,183,3698.574549
189.284705,91,3699.088109
221.668344,158,3701.016002
171.302039,96,3703.402848
243.284431,162,3705.293922
235.370638,166,3707.508033
201.868767,102,3708.166286
812.011061,93,3709.631442
168.383611,145,3710.623991
265.726384,212,3712.972289
159.126497,123,3713.74939
156.832234,111,3714.505495
278.084098,160,3718.463526
152.31759,84,3719.079434
169.682033,96,3720.725191
229.06107,135,3721.569847
217.669149,138,3722.48257
188.867114,141,3724.380894
906.986151,106,3726.673405
224.197388,152,3727.644958
179.840211,103,3729.446031
119.687778,78,3729.924889
203.973702,150,3730.935271
228.05629,192,3732.997419
163.790301,74,3734.422711
241.68669,155,3735.342125
254.093136,177,3738.513937
229.259392,188,3744.941948
208.003344,148,3745.926966
163.099936,114,3746.898701
174.317827,111,3749.465133
308.851388,192,3762.736053
262.101949,159,3764.443058
189.750461,144,3765.483278
208.089911,145,3766.575998
121.626296,72,3767.066661
186.931352,139,3768.174641
250.5511,151,3769.144673
125.829247,73,3769.630773
144.02953,78,3770.161205
251.735332,173,3771.368186
138.988341,99,3771.968918
156.241251,131,3773.594167
161.045855,112,3777.17725
216.991176,144,3778.13025
138.843926,92,3778.779679
142.640007,129,3779.963204
152.796401,92,3781.518773
162.965636,107,3782.130739
232.332547,159,3784.242646
215.158816,176,3786.033996
152.56923,90,3787.533849
242.871787,158,3788.471792
155.968552,109,3790.04435
183.770751,88,3791.459317
220.593654,111,3792.163125
206.727518,241,3796.377522
162.252867,120,3798.890599
235.492828,173,3800.852672
188.239765,161,3804.649672
211.363741,124,3805.747869
191.142062,139,3806.714583
216.0309,165,3808.601974
155.429203,75,3809.034687
159.502257,106,3809.620107
215.773757,127,3811.283709
197.257074,115,3812.044107
293.80527,168,3813.22062
200.850601,177,3815.417
182.618042,120,3816.301354
183.042891,141,3818.138684
208.817927,181,3822.083792
213.59015,139,3823.091909
245.414184,148,3825.049157
165.788809,164,3829.166338
130.512653,72,3830.784045
224.102186,154,3831.692926
206.797039,190,3834.003251
206.263081,166,3849.703813
256.301703,155,3852.632937
135.769341,77,3853.115468
145.503856,157,3854.520911
202.936714,97,3855.263059
154.506763,80,3856.073567
117.421288,89,3856.817162
170.481651,109,3857.595007
222.769289,178,3861.355656
167.699002,128,3862.139421
123.535748,112,3862.962477
88.223736,95,3863.674553
155.608351,86,3867.084752
196.914141,135,3868.081349
186.364072,123,3869.768587
269.188485,195,3871.014492
174.719636,137,3872.971973
222.751626,166,3874.990439
165.497121,125,3875.918844
201.076128,128,3876.827479
260.759498,161,3878.83712
158.895288,80,3879.275358
188.609782,129,3880.309923
170.376367,84,3880.930193
235.62785,163,3882.051939
179.903979,85,3882.673572
130.55025,104,3883.480573
230.227131,147,3884.441843
253.710915,15,3885.482094
213.482125,144,3889.284172
1157.653948,228,3892.007311
-158.795835,1,3892.938145
149.75194,122,3893.667858
188.365515,147,3894.641027
274.01475,196,3895.779757
169.829033,118,3896.507106
203.799239,155,3898.446451
177.781769,90,3898.919187
163.07143,99,3899.52935
136.186994,101,3900.289435
163.843032,130,3902.050272
237.99036,190,3904.186308
218.322918,133,3905.927862
197.118095,138,3906.758555
239.710124,164,3910.670436
164.967741,121,3911.760505
184.624222,106,3912.506221
281.795093,182,3913.729834
159.702002,102,3914.461904
185.96165,113,3915.217763
169.837199,186,3927.285292
211.55745,163,3928.518519
200.562925,117,3929.363207
154.013116,100,3930.027225
301.314065,186,3931.578987
180.514229,123,3932.489302
193.32834,112,3934.454033
159.870162,88,3934.984195
191.462408,111,3935.815766
187.911738,136,3936.793148
263.221352,171,3942.319577
133.255424,121,3944.245306
178.585236,88,3944.899184
184.842556,130,3945.904012
179.807764,138,3947.884474
216.921466,164,3949.043335
182.872379,138,3950.093079
144.256049,109,3950.923791
158.972341,127,3952.670507
84.712565,90,3953.3016
182.27476,106,3954.061631
223.516457,157,3956.186647
201.269687,94,3957.825982
182.66291,133,3958.776487
183.27855,120,3960.448975
291.170909,189,3964.531307
243.995433,147,3965.684546
181.186139,152,3968.733842
161.959273,101,3969.382805
150.718016,120,3971.290611
232.354677,228,3973.921676
201.752889,118,3974.856198
263.734919,178,3976.147602
255.549594,142,3977.340352
209.058364,107,3978.194208
172.969293,116,3979.053571
234.139496,161,3981.095807
166.95927,109,3982.816485
300.908793,191,3985.110998
169.513463,110,3985.836159
209.147613,149,3989.625722
-59.208004,1,3990.832845
225.007819,147,3991.869585
169.221656,111,3992.679092
761.556721,121,3994.648944
241.820726,145,3995.6677
160.991326,148,3997.677035
167.778331,103,3999.383997
891.301545,133,4015.310505
203.728448,241,4019.54477
214.589356,145,4021.715653
267.219089,163,4026.35564
252.394624,162,4027.37059
108.609529,106,4028.074827
177.38773,92,4028.731332
137.318922,130,4032.513915
186.968512,146,4033.528118
259.96833,199,4036.004642
157.982844,86,4037.516672
155.1945,86,4038.051576
133.475101,89,4038.68432
148.376168,81,4039.275487
172.906263,122,4040.089483
256.670254,141,4040.960841
274.992614,182,4042.174579
141.023308,110,4042.866238
200.151797,117,4043.597444
176.02566,133,4044.496651
236.285636,154,4047.412227
172.68453,85,4048.057737
206.031416,153,4049.985705
242.512859,177,4056.663914
185.306649,88,4058.294973
166.805656,108,4059.003463
241.290631,161,4060.227748
248.007774,144,4062.038612
1046.469354,128,4063.717947
241.209763,173,4064.922808
158.396428,139,4065.732889
172.310369,89,4066.30005
255.70748,164,4067.374088
186.587185,144,4069.221052
1221.105917,166,4071.149183
209.960874,137,4072.225221
175.525005,127,4073.96221
134.987622,100,4074.581321
188.86698,129,4076.263464
240.549498,163,4080.151535
165.060645,115,4081.168839
178.329351,125,4082.967406
159.906614,95,4085.110908
237.948566,168,4086.138105
180.606856,173,4088.209108
215.803126,145,4089.229551
115.700042,135,4106.159815
285.080039,198,4110.673054
258.578822,175,4113.836973
148.721983,123,4114.776121
173.12894,121,4115.670935
181.444992,83,4116.220969
146.689059,125,4118.719338
194.97996,95,4120.23392
166.498677,105,4123.841603
157.282737,136,4126.076815
170.699433,78,4127.428331
146.515394,87,4127.87186
252.328823,153,4128.879393
185.316086,127,4130.699105
225.423981,147,4132.509286
199.651328,152,4135.233194
211.987269,199,4137.279848
150.441998,109,4138.000752
119.788232,76,4139.460757
123.727297,76,4140.000601
206.075473,159,4142.917527
128.552124,92,4143.448859
175.544752,118,4144.270015
226.436009,151,4146.311927
262.720095,213,4151.488284
208.224668,154,4152.786718
190.452778,129,4153.77223
162.219161,126,4154.676916
266.301749,206,4157.048578
147.239085,98,4157.788977
177.579409,117,4159.500461
143.301766,97,4160.947506
243.370988,155,4161.933465
206.177783,161,4163.072626
232.182806,164,4164.235235
193.035696,94,4164.949858
242.986701,219,4166.529901
206.684476,165,4169.314851
159.505507,120,4173.711779
237.514472,155,4174.682471
169.467902,145,4175.761475
136.516994,96,4177.221813
211.747508,103,4177.83025
137.898219,98,4179.438731
195.191959,128,4181.181075
199.359162,127,4183.117058
136.145695,138,4183.894995
3.548259,103,4197.42938
130.831657,89,4198.907025
241.212873,178,4200.025267
157.542202,141,4202.035012
168.257,122,4205.501316
186.651875,115,4206.137167
230.956804,120,4206.927757
163.987522,87,4209.252519
188.526707,109,4212.579788
176.879626,130,4214.465484
1237.85917,211,4217.530469
214.633071,127,4218.271947
224.772007,134,4220.698462
233.136617,156,4221.840101
207.395921,122,4222.624613
257.330433,160,4224.402275
275.935516,206,4226.518957
276.756038,191,4229.216761
210.955391,143,4230.041039
202.383435,162,4231.870523
277.377589,183,4233.112596
231.573719,162,4237.833501
269.01373,211,4239.534925
183.082581,86,4241.064855
224.688362,151,4241.957324
228.308238,179,4243.204977
129.738787,105,4243.938959
137.990372,108,4244.676329
183.329139,167,4245.830918
161.575739,122,4246.674003
234.586576,159,4247.609445
151.696633,94,4248.138173
205.130195,149,4249.063371
173.093038,119,4250.713589
169.84203,128,4252.404009
246.351825,195,4256.688629
222.226624,107,4259.040135
206.314199,132,4259.771221
181.006112,122,4263.122075
197.237557,136,4263.894539
179.56102,129,4264.635631
179.962389,124,4265.361405
206.050866,176,4266.403933
159.528691,89,4266.873965
175.081731,124,4268.346622
274.0365,168,4281.693375
252.298855,153,4282.762331
248.552074,169,4284.79092
136.532025,91,4285.33794
191.923277,137,4286.481972
174.180198,113,4288.342328
186.671111,97,4291.752793
234.596108,181,4294.832931
223.238304,130,4295.607254
198.352906,124,4296.296871
211.745356,125,4298.021103
193.999435,136,4298.882389
279.966027,211,4300.398214
148.985708,94,4301.071652
227.128187,150,4304.009356
192.127228,126,4304.864226
151.64154,120,4306.604511
672.669249,114,4308.9659
192.870578,127,4309.670429
1254.884601,210,4311.726781
170.409221,104,4312.443594
130.601179,82,4315.75878
268.512043,188,4318.148877
862.514038,94,4319.631207
136.66302,93,4320.182397
162.53912,122,4321.873403
186.743655,116,4322.54211
145.461865,103,4323.157667
247.357672,132,4323.975317
173.190527,117,4324.837613
207.521845,134,4325.747329
189.561232,131,4326.507222
155.844827,101,4327.881142
279.770169,189,4328.916361
170.902617,109,4330.651372
161.944105,113,4331.24807
265.591261,182,4332.434294
171.824813,89,4333.018562
139.943865,94,4337.377588
201.367817,152,4338.321802
132.877086,76,4338.839811
300.118873,182,4340.898024
191.063603,130,4341.624103
234.514431,150,4342.481033
182.078342,91,4344.907695
147.624406,91,4346.185911
258.36206,181,4347.28712
175.572186,81,4347.789968
182.404353,113,4360.647491
164.396613,87,4361.103529
214.450363,152,4362.006741
301.720229,181,4364.165621
214.189428,139,4366.082927
164.527407,153,4367.986938
184.48508,137,4371.473725
207.649874,140,4372.468974
162.690175,117,4374.960408
189.991139,96,4376.381308
191.323358,99,4376.902168
224.81378,134,4379.604893
164.531519,123,4380.3756
234.327054,152,4382.066913
244.53527,167,4382.941868
239.970214,197,4385.861958
175.402901,101,4386.432633
257.363026,176,4388.362691
240.330384,149,4390.083842
184.790101,136,4391.655588
148.47662,71,4392.090152
147.881007,154,4396.907957
206.484383,117,4401.037961
136.072582,106,4401.513314
1097.802266,202,4404.255446
243.571541,143,4404.9802
99.91384,83,4405.449971
200.35957,102,4406.956161
188.653148,109,4409.357459
153.733852,104,4409.988422
179.111214,103,4410.61053
178.083072,154,4411.559969
272.06253,173,4412.546043
-59.652588,1,4413.44091
137.153078,112,4414.147839
142.326137,104,4414.80164
184.745686,126,4415.627222
244.522544,178,4417.551447
152.988109,80,4421.494768
212.856386,143,4422.187449
154.614873,117,4422.90562
136.732183,92,4423.356512
171.945623,128,4424.120615
129.462021,90,4424.722234
177.614609,139,4426.452245
264.722561,195,4427.733131
193.130429,136,4429.33839
205.106567,156,4431.774419
225.209612,134,4432.362549
200.876371,130,4445.702088
1507.714011,196,4447.708961
169.936667,128,4448.487451
607.521028,143,4450.320391
147.301928,85,4455.639772
193.137886,86,4456.00073
243.646274,147,4457.711716
202.944867,205,4459.705444
181.284132,141,4460.464769
160.206241,83,4462.10917
206.548693,96,4462.622495
218.243365,125,4464.161087
192.854973,130,4464.876935
165.485296,81,4466.292859
215.768692,167,4468.258706
181.668379,111,4468.932494
180.800269,107,4469.617567
267.254409,195,4471.757923
178.450107,142,4472.47015
155.313702,86,4472.919096
-134.329944,53,4473.250316
172.602418,104,4476.835599
173.256856,160,4477.802613
162.712112,103,4479.613844
200.429221,156,4481.38337
202.486994,140,4482.27284
266.153699,190,4483.357561
143.616439,114,4484.819522
161.324965,89,4486.185951
272.640761,206,4489.051288
223.32279,133,4489.832607
841.137419,156,4492.411177
146.508664,80,4492.853082
178.480628,88,4493.390966
201.061199,129,4495.119908
138.226081,74,4495.707265
257.244841,170,4497.657179
249.1326,187,4503.548966
205.327259,106,4504.185273
201.399667,140,4505.128871
192.397333,139,4506.871348
152.418117,84,4507.332872
163.59913,122,4509.815623
176.518543,126,4511.388318
168.016173,130,4512.031552
203.43888,144,4513.665288
157.64543,177,4514.887786
158.512639,88,4515.497779
220.572871,143,4529.793158
172.04206,85,4530.314793
205.799573,135,4531.282951
241.42575,171,4533.192742
932.495169,131,4540.603749
153.765283,85,4541.02712
150.276506,109,4541.90191
239.713364,144,4543.028327
154.215557,106,4543.733863
206.096759,121,4544.617185
260.725547,180,4545.754689
161.390622,90,4547.339534
146.899505,105,4548.893111
180.507887,129,4549.545735
211.246337,141,4551.326154
259.612026,181,4552.471363
256.533091,166,4553.446692
-19.147245,2,4554.389606
230.781703,158,4556.175679
149.302927,109,4556.828194
136.948227,120,4557.637797
219.227787,193,4561.572364
244.488001,160,4562.661105
282.742392,187,4563.965784
212.223288,152,4567.432429
167.449178,120,4568.907531
187.095771,108,4570.368062
214.614207,152,4571.228435
778.350651,93,4572.637019
104.367573,76,4573.145417
195.284082,125,4573.885665
206.897939,153,4574.818599
187.782475,117,4576.390668
235.740812,180,4578.496169
169.665035,78,4578.885333
137.286181,102,4580.200494
182.625168,135,4580.889578
102.928114,108,4584.387184
195.229909,148,4585.45877
247.468925,157,4587.20332
162.98789,106,4588.690308
203.154782,133,4589.627199
179.768264,104,4590.307339
213.896586,172,4591.398274
274.325903,182,4592.409718
209.6795,133,4595.104575
134.407172,91,4595.568709
142.752903,77,4596.929571
199.441763,146,4597.851068
146.172698,79,4609.71399
306.470047,187,4610.721015
191.627106,148,4611.841377
129.466405,85,4615.479835
154.207566,87,4615.852214
171.541855,109,4616.597039
175.70893,84,4617.086136
135.568395,85,4617.602996
229.523186,146,4618.503443
1103.351682,168,4620.595782
173.985879,110,4621.306537
213.508985,149,4622.21055
224.41654,159,4623.375953
194.279659,136,4625.186758
184.209376,106,4625.753114
197.827521,130,4626.652498
197.952139,131,4627.549193
247.778883,221,4630.571041
166.885745,118,4632.274362
169.16766,137,4637.773628
153.411235,94,4638.240684
174.423758,119,4640.771931
212.282579,157,4641.778147
216.601216,143,4642.662309
103.962837,134,4643.49387
154.597666,128,4644.292184
143.644333,110,4644.994256
219.517544,169,4646.150333
174.470706,99,4646.830633
184.308432,134,4648.409572
186.769867,122,4649.066534
264.260795,171,4650.225165
161.46856,119,4650.984316
268.540185,222,4653.181946
1452.809449,209,4658.985406
175.832609,121,4659.892301
1358.750794,146,4661.731269
235.061062,156,4662.922617
137.159502,92,4665.268707
205.21982,141,4668.49445
186.258194,152,4669.170675
158.526115,88,4669.624395
162.451206,91,4670.170945
314.553449,203,4671.518462
236.571734,157,4672.532297
155.611572,95,4674.049318
156.36667,113,4675.545488
-59.208174,1,4676.409935
150.467226,214,4690.072004
1495.149009,238,4696.271964
153.487001,79,4697.109709
150.839103,83,4698.516814
152.258714,96,4699.992848
192.925746,124,4700.643469
175.108612,98,4701.228796
1160.878154,241,4704.549602
247.780872,161,4707.450366
159.942177,109,4708.006827
150.195275,110,4708.655325
163.67203,125,4709.446224
136.654606,100,4710.057086
194.348216,113,4710.736951
224.706951,146,4711.555562
162.330289,96,4712.240848
194.099189,158,4713.384116
248.438865,201,4717.381668
183.346824,139,4719.073018
238.516739,159,4720.77403
151.689483,93,4721.344495
219.771549,146,4723.221785
202.282957,119,4724.078312
214.333041,173,4726.158684
168.561319,110,4726.768953
150.803452,104,4727.430745
192.584847,140,4728.189538
195.833588,139,4729.888164
195.961296,128,4731.477792
157.126068,122,4732.104531
207.933375,118,4732.786426
148.524632,104,4733.507483
171.552242,79,4734.018601
177.303994,115,4737.733531
155.872001,112,4738.394133
246.705461,170,4740.57244
196.856904,184,4742.574802
149.828193,82,4743.12708
189.400902,128,4743.926686
290.056301,174,4745.748795
171.671824,98,4747.255536
146.169776,95,4747.801109
164.877427,130,4748.561071
209.2779,123,4749.297004
159.984291,106,4750.05657
191.539745,130,4750.936274
219.173397,141,4751.769759
165.367901,77,4753.951739
143.892726,103,4769.251141
232.154003,156,4771.233855
-39.580415,116,4775.147012
257.28871,164,4776.315189
185.813223,133,4778.052365
252.636547,175,4779.191286
175.28585,105,4779.860184
236.062016,165,4781.687061
190.344374,143,4784.463554
1261.817492,197,4786.44687
237.137315,174,4787.639938
181.022317,131,4790.250776
202.692479,107,4790.899717
220.660843,141,4791.831783
178.824965,110,4793.378419
159.869235,72,4793.801177
222.326791,132,4794.607234
270.84826,173,4798.341038
175.041081,137,4800.230084
180.421745,112,4801.687472
167.045351,123,4803.425483
246.136926,160,4805.295082
148.112676,98,4805.930784
139.313596,108,4807.765332
1164.677324,241,4809.981746
202.101939,135,4811.812444
158.151872,105,4812.397958
160.414401,100,4812.972821
142.892063,101,4814.373794
197.811728,241,4817.535053
153.345302,117,4818.178622
209.276249,133,4822.603034
1062.268539,241,4824.839748
277.442429,188,4826.081824
194.27217,171,4827.171056
189.238758,203,4828.402158
986.749303,146,4830.123317
173.376158,128,4831.852357
186.148019,136,4832.581833
251.901575,152,4833.36893
155.348474,81,4835.629735
170.164507,117,4836.352429
193.953621,127,4837.295859
295.779696,175,4839.408384
209.880948,161,4855.762372
209.074932,114,4859.322296
216.005324,148,4861.567817
132.388567,112,4862.399509
180.470857,121,4863.131119
192.834991,135,4864.121838
193.889695,135,4865.016765
155.873409,107,4865.633486
177.259559,122,4866.374047
192.871263,134,4867.232252
196.596912,145,4868.246549
254.112676,171,4870.309985
268.616275,177,4872.49777
187.6001,119,4873.135799
152.38268,86,4875.78087
253.428167,166,4876.791613
148.572566,86,4880.955212
236.139691,163,4881.791289
1368.348362,226,4885.042522
276.631223,169,4886.142401
224.999381,181,4887.254808
151.834023,109,4887.967947
196.977519,127,4890.739611
185.448865,123,4891.366733
265.109799,212,4894.586503
195.794611,114,4895.245838
1124.910549,167,4897.110175
207.270423,131,4898.726445
148.357313,117,4899.468718
272.363678,176,4901.718306
193.015028,162,4907.007139
161.51299,117,4908.924674
160.313553,99,4909.657491
125.929676,104,4911.413701
141.686782,119,4914.600612
168.948362,141,4916.538291
183.869732,122,4917.443499
174.320878,114,4918.131509
190.403847,121,4920.169936
200.343597,121,4920.974473
212.754787,193,4923.144314
177.001108,147,4924.995462
235.8257,147,4925.887636
172.941329,111,4926.60694
276.634502,171,4927.813709
175.629845,126,4946.771428
1064.978875,147,4948.427147
216.493036,151,4949.455203
178.998025,121,4951.277384
190.888826,116,4951.910229
156.740874,129,4952.961965
209.333829,130,4954.005099
210.966051,117,4955.919997
235.142482,183,4958.101962
170.315845,137,4960.698365
145.409304,95,4961.213264
1359.086158,199,4963.250034
179.45838,106,4963.904758
1151.988049,178,4965.746258
195.602834,167,4967.511218
145.134462,90,4970.927877
266.529841,168,4972.116662
721.904679,122,4975.455173
248.681648,165,4976.389063
153.914592,124,4977.223437
-117.963157,49,4977.522004
170.878669,93,4978.904515
262.489854,159,4979.901243
1174.424636,108,4982.498662
212.12775,138,4984.384946
136.007317,106,4986.690513
211.662467,192,4987.86163
1106.184504,150,4989.816162
188.675083,129,4990.680415
178.02651,168,4992.769568
180.761448,116,4997.536964
188.285487,122,4998.210737
171.222459,122,4999.030461
119.452634,162,5001.23213
188.350388,125,5001.910385
185.765998,126,5002.613616
176.89082,139,5003.594226
222.885624,177,5004.869643
167.369355,100,5005.632652
266.875326,206,5006.902973
231.233708,206,5008.177814
265.560752,180,5010.244119
184.257141,129,5011.925422
214.631039,127,5014.41832
228.63297,153,5017.908274
-101.758438,41,5018.136374
304.36678,232,5030.578249
249.758333,151,5031.481133
233.679613,168,5033.632781
201.247377,145,5034.778301
190.472866,92,5036.64627
205.898118,138,5037.566328
241.439917,151,5040.299991
210.950767,136,5041.064152
283.413093,192,5043.349294
184.303091,128,5045.749201
187.95387,133,5047.210412
181.28802,104,5047.81882
196.606814,172,5049.038948
717.154778,168,5053.909898
166.878154,110,5055.502634
187.761867,92,5056.350218
-3.390132,88,5057.0873
296.219779,170,5058.950279
180.306049,129,5060.551873
128.696305,89,5061.077311
195.718603,124,5061.940512
184.089354,99,5062.725138
266.03609,177,5063.791402
196.219293,114,5064.543412
182.043687,137,5065.426881
266.846293,180,5067.416804
1243.172884,204,5069.533529
147.041612,124,5070.428237
154.757697,112,5074.071762
171.751797,144,5075.074675
175.33166,84,5075.564683
853.06838,172,5077.538124
182.057544,140,5078.520796
168.454743,85,5079.153514
144.611816,79,5080.622509
181.391796,122,5082.217618
167.237845,160,5084.068441
240.618244,221,5086.027854
274.802169,184,5087.126932
174.581674,107,5087.800721
185.604482,131,5088.628501
175.102064,146,5089.538341
189.017206,120,5090.320339
163.015854,139,5094.807181
232.174861,169,5095.946999
148.745993,98,5110.314623
185.344361,117,5111.073518
110.30732,103,5111.904753
249.310729,162,5114.190105
171.066312,79,5114.694684
275.548333,195,5116.199725
159.978159,89,5116.763842
244.870722,148,5117.809843
235.992807,169,5118.971021
181.838499,123,5120.72341
206.801942,121,5121.390794
958.192918,184,5123.42306
192.634209,95,5124.926919
157.695496,132,5126.518663
