#{"t_start": 1770610608.3829849, "env_id": "crossing_planes_multiHead"}
r,l,t
-78.533309,91,11.218144
173.98557,241,13.001005
192.575815,168,14.091897
142.060479,120,14.847328
41.290611,88,15.871485
-121.844056,130,17.718144
207.353421,144,20.485609
186.537022,239,23.570472
-20.999065,109,24.820903
-81.968791,60,25.422391
198.487391,182,27.592522
-120.986234,60,28.254805
-122.021373,64,29.782045
-88.282545,43,30.001045
-94.06347,68,30.428998
173.076865,119,32.916358
183.456616,168,34.976573
-98.86074,78,35.637609
-75.384591,59,37.12613
-126.221513,37,37.433558
114.942203,143,39.779059
-199.371016,26,40.041423
124.668435,192,42.131845
171.436954,104,45.033335
151.740076,136,45.769187
-183.020235,36,45.989151
181.943936,204,50.795081
206.894227,193,54.330052
139.777345,138,56.825695
-76.660161,87,58.686169
207.579249,190,61.187054
-184.119966,53,61.9082
215.321832,223,64.980207
-89.320188,109,68.112263
161.869862,128,69.95785
137.150863,94,70.628281
998.778346,126,72.749167
-59.138029,75,73.285099
107.082667,114,74.514568
87.064819,163,76.089912
-80.069569,76,76.628765
-123.993705,50,76.991521
7.127602,153,78.01492
176.949703,241,81.645471
149.824044,89,82.584708
151.974409,241,84.433803
128.169795,97,85.08173
160.317846,126,87.282545
-121.600943,69,87.769805
193.19994,231,93.514291
87.376413,116,116.867219
-124.304283,98,117.546204
-44.572734,74,118.02275
261.842336,214,121.536015
216.594248,217,124.2181
108.017127,97,127.882892
158.725642,85,128.424175
-84.457238,163,131.010803
149.721462,127,131.74277
150.603613,157,132.418502
971.925368,241,134.566721
-104.905665,55,134.844905
110.812152,142,136.407378
-127.43423,39,136.582868
-77.974427,94,137.065872
-118.964512,77,138.309788
103.99799,114,139.345275
190.975305,111,139.84449
147.370216,129,142.507129
205.385385,186,144.165519
128.782492,110,144.861425
136.896447,190,146.005908
138.248117,159,148.080825
93.286182,101,148.558805
-150.286776,40,148.748305
226.017467,237,149.964218
58.867502,69,150.373029
121.057781,183,152.364261
168.537448,197,153.329608
-64.574011,47,153.564233
215.989239,223,156.13682
150.149087,186,158.493367
143.109689,169,162.426491
152.180426,149,164.60416
961.956579,241,166.843325
194.996288,202,168.144878
162.439486,119,168.836115
125.08652,185,169.773678
145.068603,113,170.305415
112.43032,167,171.178758
150.352504,107,171.795579
242.758563,178,172.774462
152.733871,145,175.231872
171.563937,168,176.519741
233.429364,233,195.14804
168.736824,185,197.857571
175.379466,123,199.825967
164.302315,94,200.605602
148.111978,160,202.513814
216.612754,158,203.588328
135.493695,131,205.517058
163.130418,155,207.313976
157.768264,148,209.064153
-72.467027,86,209.557439
181.768792,118,210.12598
73.728111,117,210.780372
189.149047,218,212.208501
167.629215,159,213.706611
144.591158,206,216.993852
153.161814,90,217.853873
159.55269,147,218.733019
42.756074,173,220.531661
136.135216,137,222.940034
-117.659896,20,223.034356
125.101452,241,225.213211
193.759342,200,226.384588
140.401592,99,226.932355
140.081929,111,227.595613
165.418079,121,228.283335
173.722077,183,230.313487
139.310911,111,231.32542
153.053789,95,234.348788
156.512177,93,235.113885
182.366928,241,238.128279
132.284511,131,239.026612
-150.110368,24,239.235473
163.517851,153,240.361684
153.257988,155,242.367956
179.541276,233,245.512639
89.869798,171,247.354333
176.274988,167,248.204666
172.616515,167,249.812424
129.498212,241,252.76274
199.165034,187,254.403796
119.685378,97,255.292304
202.950421,184,256.178129
166.521134,102,269.687899
95.71273,126,270.372485
144.957546,143,272.080966
-122.897916,51,272.354496
66.827875,98,272.990143
134.193746,168,274.63038
172.873983,178,276.353048
203.956735,186,279.935257
84.957351,161,281.526928
167.8674,189,283.210205
178.911557,184,284.028576
110.341764,130,284.693706
140.122695,191,288.69324
176.964648,241,289.840861
156.020288,136,290.694864
1304.698086,241,295.282049
-143.003473,92,295.688622
-112.076458,41,295.852421
228.955335,157,296.567213
113.334886,77,296.90624
160.011575,156,297.676221
136.650983,189,299.708169
192.847922,166,300.583971
152.386604,106,301.118079
166.260435,172,302.062994
186.282772,175,302.952525
-59.262677,1,303.91357
1233.104387,241,307.361092
128.76578,93,308.703187
144.066533,97,309.704621
153.288595,107,312.727618
196.839947,180,314.590073
166.094527,198,315.488812
232.663336,206,318.287032
203.112137,166,319.103248
-57.146042,80,319.507908
166.595735,171,321.95501
155.392315,155,323.603166
216.538838,180,324.598221
165.266576,92,325.94955
149.343415,179,328.254781
188.703987,168,329.876752
160.844692,126,330.902912
116.071281,95,341.539996
169.13337,142,344.271561
185.593776,207,345.506128
110.033486,86,346.007001
126.325545,139,347.044551
167.975646,169,348.974029
-128.156036,103,350.982557
178.53856,186,352.392096
200.568857,179,354.03725
134.387427,140,355.080244
152.32723,102,356.177373
166.26985,103,357.695554
-110.218575,36,358.596053
239.643591,231,360.670863
-58.208319,74,362.127156
138.990183,82,362.976628
178.037087,100,363.842321
118.035105,241,366.045013
-11.657231,142,367.851555
170.424641,159,370.669049
192.225376,159,373.686412
154.753904,180,374.51461
39.732712,121,375.085583
192.074841,167,375.859914
-59.21299,1,376.847806
107.456158,109,377.375831
190.928162,188,379.241055
191.950075,153,381.385909
172.377588,104,382.77321
215.768857,177,383.714679
199.618533,172,387.68261
185.084502,160,388.87501
207.188477,171,391.859511
186.898309,154,393.668145
169.948432,135,394.324442
149.747829,241,396.460007
-71.623874,67,397.379324
101.583921,111,399.587004
-165.07572,33,399.790727
136.337767,82,400.205306
157.079751,127,400.883567
127.069048,123,401.511851
208.759556,240,403.396227
163.914487,162,404.346525
172.082082,174,405.43565
-98.795836,1,405.452603
224.745335,226,424.353158
142.744697,215,427.250485
157.374012,138,428.229867
195.350374,181,429.912447
-103.879875,44,430.170993
141.414674,124,432.065705
138.082503,138,432.725121
138.321902,181,436.07449
155.036569,124,436.635118
128.198973,87,437.879265
163.672458,143,439.099002
142.267329,125,440.633292
143.743603,111,442.053976
248.945887,185,443.541134
240.402961,175,444.600789
229.159095,203,448.260645
166.932349,89,449.517254
238.871735,225,450.75098
158.555412,106,451.301365
128.367062,115,452.759716
130.874979,159,453.716075
152.484776,158,455.248318
-60.468809,1,456.177656
966.158274,238,458.024776
145.959178,137,459.384997
122.485755,117,460.465725
166.896725,98,460.965273
212.647345,174,461.79516
170.458995,140,464.618511
151.919269,84,466.744377
157.654948,138,467.469997
147.910415,74,467.870337
-179.37991,43,468.126522
171.011281,177,469.921079
197.486036,141,471.377591
-96.782559,4,471.405919
7.376727,131,472.918546
149.55213,136,474.450518
183.929173,153,475.240457
124.299806,98,476.492291
163.928322,89,476.876508
148.893359,123,477.4562
189.951442,105,477.996389
151.374139,137,479.220689
195.060853,161,480.033648
188.926482,143,480.729208
136.051893,97,481.222469
142.067186,138,492.768595
152.056948,191,493.871839
1387.409049,240,498.691858
86.549529,101,499.436676
909.006741,179,502.197878
155.031383,130,503.046775
125.797768,193,504.855728
155.022254,141,507.188421
-96.608838,34,507.342065
127.649215,81,508.57574
122.18037,91,509.101607
1126.787387,168,511.337631
193.331408,181,513.159341
192.39987,172,513.983134
157.369002,135,516.274561
215.141102,196,518.521076
176.943545,92,519.816531
153.461979,130,520.450415
155.330108,127,521.176821
1137.951379,180,524.015403
136.259416,168,524.855956
170.879682,160,526.518061
188.830057,194,528.329637
153.262642,134,528.993726
183.444941,162,531.131275
197.359064,169,531.966146
215.298068,180,533.295334
191.98645,197,537.048033
130.002052,147,537.77206
221.914825,177,539.607303
-126.171474,38,539.833066
198.019471,155,540.575004
523.351851,126,542.973516
137.000614,179,545.508592
132.911731,117,545.996777
247.28574,175,546.908094
157.219446,188,547.962493
135.078465,241,550.831471
146.307768,175,551.833254
171.779053,174,555.424913
133.460781,133,557.06409
169.998772,123,568.786564
239.315156,221,570.741965
198.729823,202,571.63859
210.641224,211,573.060336
147.959885,111,575.867709
160.466546,136,579.109977
114.318473,75,579.474282
142.970411,86,579.888856
176.000824,193,580.88192
116.218265,100,582.750079
117.703019,106,584.131008
153.869921,138,586.489658
151.45136,86,589.376004
164.872877,114,590.82199
231.224464,185,591.749558
162.956636,158,594.679212
67.322129,119,595.849084
149.288264,97,596.340225
160.03302,105,598.017435
236.922587,241,600.219742
184.528896,169,601.148387
147.063234,187,602.179005
220.010316,215,603.287204
127.575798,121,604.430985
189.926756,176,606.108694
149.095219,153,607.05695
151.731329,134,610.15341
201.515435,124,613.663382
161.616073,83,614.010142
162.298505,140,614.662778
106.929954,110,616.09431
173.421801,154,616.831881
214.20543,205,617.793936
179.438549,175,619.660071
117.44034,132,620.369226
194.264653,167,622.181689
218.869756,154,623.67283
80.981204,2,624.546718
129.148376,115,625.492336
231.293101,194,628.031347
163.402278,93,628.467897
162.709376,188,630.259679
144.229886,124,631.95838
156.100996,138,632.709186
123.454631,124,645.535884
156.528601,199,647.91772
182.355825,179,650.425106
168.172069,153,651.53088
213.593438,210,654.369708
156.146262,131,654.800494
116.358755,109,655.324283
164.518787,84,655.691246
181.768106,176,658.078009
137.691347,106,658.605165
84.069162,117,659.260343
162.356601,160,660.078927
142.480691,188,662.868138
160.277453,159,665.342975
-89.329338,41,666.448871
141.650116,92,667.036025
177.729938,149,669.167878
184.742772,158,670.848973
154.906329,158,671.677676
167.700868,122,672.320064
119.639183,103,673.737413
194.577243,159,674.53782
162.509743,120,676.006054
193.114829,179,677.557477
170.568862,84,678.029687
167.504118,131,679.556033
183.300387,151,680.355198
739.084378,167,684.832744
193.566531,166,687.141269
166.063988,94,687.987283
212.787641,167,689.085919
168.734387,148,689.9761
169.283945,92,690.48878
191.217341,161,692.638699
-171.498742,40,693.076237
104.713454,117,695.123159
882.958025,100,696.484898
227.626843,217,699.809855
1267.809956,146,702.21416
175.459673,145,705.049471
182.563786,163,705.92579
167.331389,95,707.681215
222.747529,191,708.834003
160.147162,115,709.459533
140.44413,129,710.416431
227.630594,162,722.505652
158.574885,239,725.886051
141.213111,94,727.794226
173.028432,107,728.791259
196.282261,187,732.751019
209.347292,171,735.080358
122.744921,92,735.73358
138.697817,161,736.691682
166.96199,173,740.922628
120.895407,106,741.848409
207.53415,126,742.58319
176.516447,139,743.610561
205.713652,182,744.544802
-95.836935,72,744.942774
151.672126,200,745.93796
-93.17956,69,746.332225
272.349611,187,747.36676
1453.236731,209,750.121903
205.119577,172,752.773565
115.80062,84,753.212927
109.699612,135,753.929363
128.147346,89,754.419867
119.038843,122,755.583282
204.386813,166,756.292817
222.597358,132,758.697793
170.34485,145,761.620946
138.969335,185,763.547306
205.180675,228,765.408764
213.596029,178,766.34865
156.234823,172,768.929689
177.088713,132,770.327025
826.997472,198,771.982214
-107.97245,22,772.094273
215.049217,197,774.132823
226.015624,178,775.058293
215.776808,178,778.825321
225.349541,26,780.057684
152.527686,104,780.548401
-162.056072,32,780.703756
137.999554,91,782.446495
127.111693,114,783.224624
165.307695,128,783.955851
132.608582,114,786.290179
155.389244,124,787.075666
163.264743,79,787.472802
172.731589,172,788.434153
186.591898,165,799.361839
190.020961,181,800.350432
107.358898,113,802.860542
222.285296,177,806.882447
157.021764,133,807.705507
124.947275,92,809.342158
159.387863,146,810.699102
173.338194,136,811.385802
213.87578,148,813.2379
167.609235,92,813.828916
163.233455,100,815.423642
200.939692,162,818.218474
162.531372,138,818.972632
179.32465,145,819.736445
218.573079,174,820.679595
163.014122,78,822.055763
208.863629,215,823.163635
162.233512,80,823.560957
-126.009323,29,823.708727
142.759621,152,826.126772
100.725729,133,826.80027
170.175239,134,827.564525
150.57531,180,829.808767
1330.671099,194,831.674182
197.480519,189,834.224862
187.699075,146,835.557933
132.7619,117,837.10404
187.244873,137,838.642516
143.181107,125,840.19813
202.026416,111,840.697711
162.086491,142,841.429246
146.992242,130,842.134515
148.444465,123,842.874962
155.614509,117,843.495116
184.19002,163,844.436323
200.866946,194,845.487621
157.668879,88,846.02341
148.042666,136,848.44379
132.73674,96,848.910991
183.293679,134,849.784538
265.898815,230,852.858732
176.542318,92,854.284646
199.01604,145,854.967791
190.516801,139,857.271642
240.098725,219,870.575178
1060.571388,241,873.43546
196.108803,160,875.393179
186.727346,178,877.084373
135.075473,90,878.01528
1121.57845,196,880.121178
172.324935,120,881.665816
154.769759,100,882.235263
154.814329,161,883.872588
214.462716,187,885.31792
182.146345,144,888.360223
167.658864,153,890.020136
210.374631,152,891.647574
168.49497,121,893.238261
173.857964,94,893.7278
156.167864,90,894.199801
112.239162,118,894.825932
996.018734,208,897.555342
239.629795,162,898.272039
236.457525,202,900.884483
203.17913,165,902.186281
165.875703,95,902.696161
162.219796,170,903.702012
131.273274,148,905.545846
178.145498,174,908.312731
214.580006,203,910.749322
181.538962,141,913.950176
167.640641,91,914.279927
198.327206,154,915.023274
135.574243,73,916.165311
178.864096,122,917.004003
123.660727,188,918.106197
167.027193,142,919.566707
162.330489,113,920.046799
144.619299,146,922.055855
170.266683,188,923.089301
136.220529,125,923.830303
253.198427,195,924.836244
197.689533,181,926.063017
153.969298,89,927.226515
146.840744,126,929.127385
178.371048,102,930.579243
153.544209,232,945.036677
153.234001,106,946.490762
169.776108,129,947.146731
192.14735,151,948.656767
203.222009,163,950.99192
195.399963,160,951.956278
979.436527,189,956.557377
140.554596,94,957.293172
166.436606,168,958.874787
166.80444,109,959.857813
341.796463,58,961.721716
203.473805,163,963.235253
172.431037,152,965.68237
481.43946,83,967.110691
122.621261,88,967.488378
157.81154,127,970.590882
220.544441,131,972.333774
200.541353,158,973.053425
146.821823,133,974.579784
144.055388,102,976.888614
183.34233,174,978.435191
166.286311,134,978.940517
207.662578,151,980.125316
1064.349593,142,981.558085
201.483507,174,982.496198
155.395461,129,983.30041
217.901692,196,985.818797
-35.469685,167,986.69239
151.109379,103,988.102766
205.790116,163,988.89264
168.964559,90,990.240296
196.649129,163,991.071309
205.589064,190,993.029175
165.481968,131,994.848136
174.982109,148,996.582764
817.978632,103,997.907539
175.431895,170,1000.077193
172.881222,85,1000.479267
208.15865,168,1001.436744
1040.255169,203,1004.81925
137.190121,167,1005.939213
-34.562869,87,1006.427081
143.983982,110,1007.034944
-59.208174,1,1007.996355
138.223102,109,1008.520952
153.342576,128,1010.054065
141.51687,93,1010.489623
-58.795835,1,1011.413032
211.808773,199,1025.131436
-59.21271,1,1026.036921
156.061783,136,1026.622305
1082.917111,209,1028.67432
912.266028,141,1030.966968
142.877758,105,1032.515078
193.612965,195,1037.615569
69.850901,96,1038.129716
587.268936,66,1040.367715
121.203844,154,1041.413526
186.53548,146,1042.186818
161.44554,118,1042.879951
144.692262,118,1044.452263
226.614419,154,1045.229481
221.600708,217,1046.585941
205.366417,124,1048.138896
168.708984,84,1048.594906
183.49752,148,1049.408672
205.75792,172,1050.32671
185.304016,134,1051.822935
195.056756,164,1054.033394
158.221989,99,1054.499389
104.801667,102,1054.987264
249.29155,197,1056.007682
200.10606,197,1060.054018
-134.356953,24,1060.181248
178.608831,169,1062.779695
140.70025,100,1063.263405
-102.813728,79,1064.567359
206.84264,168,1066.281707
146.400206,116,1067.74358
159.246526,95,1068.236342
163.522243,144,1069.752943
-58.795833,1,1070.764556
139.246532,151,1072.265531
123.342035,136,1074.736999
192.105307,194,1077.459628
129.435276,82,1079.255705
183.043396,138,1080.711977
210.413643,122,1081.283158
189.102185,184,1083.67991
262.823052,173,1086.466041
159.674486,144,1087.197788
212.169191,168,1087.982186
170.792246,140,1089.491947
150.907024,120,1090.966319
177.752493,138,1092.491564
182.688539,134,1104.088075
948.939917,137,1105.839301
209.271726,163,1109.851687
144.989386,172,1111.036517
162.651113,146,1112.353252
163.13081,140,1113.261148
236.006071,205,1114.756194
186.476774,157,1116.052059
99.754082,90,1116.975135
129.422818,141,1118.9778
131.977699,90,1119.895305
144.9365,183,1120.821543
177.78543,134,1121.493458
155.165919,114,1122.059526
1093.590149,175,1124.718693
157.84507,83,1125.160878
123.266742,143,1126.878744
113.229696,80,1127.26454
164.018478,128,1129.644856
160.466443,144,1131.661011
184.536457,145,1135.963716
213.725203,171,1138.265808
113.686736,105,1139.339091
167.074327,82,1142.879509
178.585197,94,1143.503697
175.729999,106,1145.100306
194.746068,159,1147.194742
159.21629,138,1147.933147
186.740481,141,1148.624785
787.425745,139,1151.937575
156.460199,156,1153.944376
137.387251,86,1155.39632
167.161515,89,1155.919749
133.301646,102,1156.486034
265.547844,181,1157.370858
186.251863,167,1158.899839
149.277253,159,1160.003019
165.38048,101,1161.491784
171.090293,131,1162.218744
239.857673,176,1164.950815
1286.538577,241,1167.95355
131.246913,119,1168.604174
168.216986,122,1171.820069
222.211561,234,1173.823975
187.94893,200,1174.763611
128.970883,125,1189.009505
186.523495,155,1189.922478
214.809818,168,1190.642375
171.578088,173,1192.067867
149.637554,131,1194.695364
1063.795843,232,1198.234129
147.94778,114,1199.176158
216.090471,177,1201.056511
158.752717,139,1201.753685
180.768865,135,1202.461082
171.114115,121,1203.076097
1402.876102,153,1206.327924
132.004269,118,1206.802901
106.230515,138,1208.362551
195.713662,168,1210.9936
192.354989,145,1212.724155
228.905622,210,1214.359866
192.793305,162,1216.012288
149.961969,123,1216.680442
147.867865,107,1217.276405
168.348111,92,1218.805287
197.664083,189,1220.601543
229.937742,199,1222.475067
155.538091,129,1224.229121
234.884984,191,1227.551172
165.616334,119,1228.164006
153.919081,146,1228.910105
164.75157,93,1229.341884
178.644174,140,1230.163177
142.91224,130,1230.940758
140.194553,99,1233.498997
199.303938,166,1234.848709
120.42562,81,1236.370418
181.693702,88,1236.789925
202.870174,184,1237.692742
151.255412,131,1239.251887
158.143742,115,1241.482766
217.925331,200,1243.391575
180.857318,129,1244.059308
223.460647,168,1247.669499
224.643903,200,1249.516475
160.027867,140,1250.233526
240.1444,208,1259.641003
168.759322,168,1262.38526
157.707914,128,1262.998027
139.529516,241,1265.891321
220.543886,179,1267.412048
166.69044,99,1268.26437
128.055621,89,1268.823088
137.306187,103,1271.091492
176.905498,152,1272.913237
1057.727149,101,1275.330932
240.596767,182,1276.227705
162.807383,73,1276.595411
175.361687,136,1277.227326
-59.276123,1,1278.077643
133.978592,106,1278.625283
127.430228,115,1279.173132
980.247359,137,1280.641526
137.754393,140,1282.208292
785.271725,150,1286.172697
1031.747559,125,1288.183189
237.930262,220,1290.225893
159.192546,124,1290.747665
214.748297,165,1291.681978
1087.58003,209,1294.668007
170.05716,141,1295.865033
199.68293,145,1296.728258
201.312283,39,1297.925722
236.852431,172,1301.719621
142.623239,120,1303.215143
164.976838,88,1304.636432
177.462536,192,1305.638304
155.862412,122,1307.890933
207.554807,189,1310.461303
173.430144,181,1313.604304
209.476621,112,1314.208856
224.208088,171,1315.202335
234.739984,141,1316.312179
192.94726,164,1318.317724
-74.722993,79,1318.927922
198.158394,154,1321.407318
135.754364,137,1322.492217
198.712566,61,1324.846485
156.292371,139,1325.974939
167.290658,135,1327.771761
172.041241,150,1329.62564
1199.703536,186,1331.354547
216.291237,198,1342.010181
158.485549,102,1342.967142
184.875006,205,1344.010513
214.978482,211,1348.05947
145.089717,146,1350.067405
183.204864,141,1350.904534
173.717559,153,1353.832352
148.421261,135,1355.690878
139.485619,124,1357.429579
162.233747,219,1358.750922
151.011089,85,1359.182629
178.864436,127,1359.981032
146.596915,101,1360.56833
1360.967992,241,1364.880184
175.370928,152,1365.635015
215.654968,178,1368.14158
183.760736,151,1368.796377
210.08241,179,1371.414487
198.198961,158,1373.154162
157.735481,85,1373.566867
180.407248,137,1375.923533
182.253082,116,1376.377868
223.867444,221,1377.34578
116.182163,96,1378.75902
255.365958,190,1379.745126
161.23297,96,1380.308897
143.98441,115,1381.838745
1483.725939,241,1383.795084
142.789585,111,1384.765687
99.593917,105,1386.161588
142.036818,102,1386.653201
155.258232,129,1387.490337
188.757206,183,1389.287007
200.080304,166,1390.6878
165.780735,119,1391.290437
170.827948,117,1394.680465
216.130413,182,1396.396408
199.027711,141,1397.016799
138.58948,141,1397.738907
168.859132,113,1398.301468
185.373159,159,1399.039358
177.697187,129,1399.65563
162.455345,102,1413.250725
207.747193,170,1414.527868
127.500746,241,1417.638331
-89.908704,14,1417.727192
124.968357,98,1418.833863
195.477088,155,1421.051168
172.187117,100,1421.532117
154.786819,92,1421.982396
234.804176,155,1422.824622
139.872236,160,1426.072463
182.540579,122,1426.663751
183.345296,148,1427.486157
212.887153,160,1428.407383
176.881859,133,1430.548185
1179.105252,241,1434.297617
126.874106,139,1435.072954
147.27154,95,1436.051938
153.614252,235,1437.967232
189.318621,185,1440.118777
162.427001,137,1442.88089
158.946988,79,1443.2703
229.39177,151,1444.107775
-125.314059,11,1444.183592
176.679095,241,1447.08848
157.534975,77,1448.521952
161.744286,128,1449.197153
196.40156,194,1451.074121
160.728699,181,1452.059026
211.56318,217,1454.018127
126.127748,98,1454.452414
133.007067,81,1455.382355
163.45832,107,1455.916699
153.336156,135,1457.444874
158.02967,201,1458.451459
179.936167,216,1460.588413
175.832077,148,1462.30182
155.717482,152,1463.155322
181.403343,98,1463.753551
167.496015,99,1464.299032
160.403205,139,1465.953717
179.629838,150,1466.681635
168.989881,200,1469.484031
141.714984,188,1470.378922
225.578953,240,1480.709744
157.185709,140,1481.469598
201.034799,167,1482.451508
254.43734,174,1483.398569
227.077402,143,1484.305781
132.741488,98,1486.927576
184.195524,128,1489.699286
204.217705,150,1490.464908
150.794916,128,1492.966554
143.466604,179,1495.217669
904.896868,113,1497.012014
197.994892,139,1498.009992
195.569783,187,1500.425746
212.077424,155,1501.676697
132.444,134,1503.473492
203.221713,170,1505.173132
240.488577,193,1507.613488
200.177979,173,1509.671594
238.11233,175,1511.932188
224.704603,176,1514.235076
185.892854,158,1516.773527
265.640342,179,1517.570715
128.409986,116,1518.387048
132.843177,107,1521.070568
148.227637,110,1521.648185
184.296861,152,1522.487059
228.10727,182,1525.326129
204.776835,174,1526.820315
138.493353,105,1527.375879
202.371639,172,1528.45345
142.644721,121,1529.233868
-59.208015,1,1530.192517
218.462458,164,1534.346516
145.567929,149,1535.940859
166.821239,146,1536.832589
176.422153,93,1537.38545
-58.795835,1,1538.306597
-93.712602,59,1538.608742
193.093448,166,1539.418431
200.626436,221,1541.525342
182.319078,164,1542.276536
229.616479,128,1543.863729
105.804374,76,1544.236164
142.113143,166,1546.729367
177.361341,144,1548.830135
160.143769,115,1561.528138
1176.304503,131,1564.051457
166.559382,145,1564.938277
195.997197,196,1568.457534
152.839984,130,1570.742035
146.042385,109,1571.251128
143.378747,126,1572.068928
125.48303,104,1572.54751
154.776663,123,1574.05439
168.155341,130,1576.443357
137.57412,119,1577.888654
170.813848,94,1578.333523
248.447967,176,1579.368821
160.135122,143,1580.22852
106.180929,91,1581.749099
161.449932,130,1584.6453
169.186456,129,1585.257914
141.721581,121,1585.950809
122.503175,76,1586.401527
185.261247,161,1587.438612
138.089771,108,1588.378477
148.521194,85,1589.650124
180.662927,108,1590.40435
134.397174,104,1591.065692
146.930545,102,1591.68777
596.855357,110,1594.052528
131.43323,140,1594.750809
228.288397,172,1596.507197
152.693812,123,1598.001181
253.25662,157,1599.610051
860.93209,102,1601.710131
448.514039,95,1603.896039
188.833123,117,1604.893966
157.143376,137,1605.606513
141.815975,104,1606.124201
176.231811,165,1608.937542
167.909756,153,1610.351122
1034.781543,132,1611.977779
1552.74325,178,1613.712125
208.350333,165,1614.484257
115.618102,80,1614.83419
153.290279,241,1617.043408
-32.638117,60,1619.298763
183.074551,134,1620.694681
176.539969,146,1621.431595
956.639298,121,1622.900429
114.737047,241,1625.535089
609.2005,51,1626.592352
129.888936,89,1643.443407
127.467433,119,1644.101231
132.973374,92,1645.534573
162.167043,132,1646.404575
919.97508,241,1650.476869
164.825779,148,1651.208247
150.116739,71,1651.54576
151.976303,76,1652.007929
185.236842,96,1652.502686
-91.595288,54,1652.783823
137.338109,103,1654.540528
502.599902,155,1657.755458
158.69232,89,1658.182287
173.467682,113,1658.779697
1059.307703,148,1661.190714
229.002186,164,1661.926925
160.034575,124,1662.965834
222.132816,208,1663.908491
174.950887,143,1664.668189
131.54882,144,1666.500149
121.047158,134,1668.647049
-58.795835,1,1669.742594
151.50802,120,1670.320145
190.534823,132,1671.032026
277.132294,185,1671.943935
147.226831,89,1672.430196
205.628074,161,1673.252971
174.122069,114,1676.494447
164.246633,118,1677.050294
158.331056,89,1677.441278
153.933842,77,1677.784387
1359.336786,241,1680.847454
-188.504558,20,1681.001408
131.704272,99,1682.024658
179.876845,96,1682.721692
1092.576869,241,1688.447329
129.847129,99,1689.406171
1237.5718,214,1691.855654
181.19006,143,1693.595368
149.987457,132,1694.370292
200.333176,195,1698.891315
142.351146,90,1700.189095
242.66491,191,1701.960133
474.11124,81,1703.173539
695.016293,126,1705.394993
177.811272,132,1706.787727
242.537829,164,1707.491038
168.774168,138,1708.661941
155.73351,119,1709.354499
176.712963,134,1721.108574
222.089729,169,1722.80762
174.649647,130,1723.330962
233.559389,183,1725.280723
140.873368,157,1726.794285
232.837647,171,1728.680949
217.547462,174,1730.737409
177.247205,160,1735.012344
-74.306603,60,1735.310858
-59.208004,1,1736.214967
178.884528,127,1737.735915
219.512273,168,1738.520306
224.553324,173,1739.390319
-100.136338,1,1739.410608
183.330939,146,1740.662149
151.59893,135,1741.356731
180.898695,139,1742.909242
220.114413,160,1743.993152
208.331598,167,1747.25101
183.329192,160,1748.000212
198.63956,186,1749.830122
156.581478,130,1751.416657
170.818928,81,1751.750128
214.95236,162,1752.482627
149.613843,122,1754.013988
139.924041,107,1754.534325
116.311829,95,1755.022206
236.473922,163,1756.638601
176.344898,87,1757.068048
199.389632,150,1758.339909
212.168429,241,1760.449804
174.941286,147,1761.315104
158.495091,157,1763.243715
189.26915,180,1764.416182
217.218652,179,1765.393674
175.592547,158,1768.066185
176.057049,140,1768.720519
189.209039,219,1769.687638
236.5827,166,1771.40868
799.951762,107,1773.005429
275.373962,213,1774.116796
221.732204,170,1777.267608
767.807395,241,1780.506592
162.418165,122,1792.237107
151.692968,129,1792.886104
182.131232,92,1794.324529
183.909986,180,1796.461713
150.430704,81,1797.235514
177.83671,134,1799.319964
149.467644,81,1799.931855
118.417241,78,1800.488921
148.169063,97,1802.345477
162.550875,137,1803.040834
176.188552,134,1803.726991
183.861554,151,1804.502347
562.051281,135,1807.9932
121.255073,110,1809.3547
149.437387,124,1810.4374
200.975705,153,1811.220905
134.554262,117,1811.74465
244.138389,199,1813.907993
870.413183,119,1815.941203
1259.222031,155,1817.560677
-38.674003,159,1819.274575
147.873064,141,1820.003744
195.15646,176,1821.779315
217.48187,185,1823.518428
179.578801,92,1823.949965
139.151844,114,1824.502067
205.294112,154,1826.157959
152.24521,102,1826.64751
169.381791,135,1829.428641
182.750874,94,1830.707082
228.492616,175,1833.844997
213.316474,155,1834.896217
172.946864,100,1835.479163
177.319639,144,1836.362596
171.826629,89,1837.866594
142.92405,95,1838.365596
113.39379,77,1838.755269
189.971805,165,1841.370122
165.60251,100,1841.872572
170.72351,127,1843.475915
944.568056,213,1846.187005
168.040116,92,1848.376159
161.775509,121,1849.757084
98.922033,80,1851.041801
214.991893,158,1854.063077
107.277046,241,1856.210294
145.420322,85,1859.719052
1158.564112,241,1875.036173
112.076716,133,1876.591279
216.855814,239,1877.813221
143.578865,125,1878.471897
123.691079,117,1881.475686
217.620066,167,1882.951476
142.012374,123,1884.537233
203.55625,145,1886.219034
160.079592,101,1886.712978
165.93391,122,1887.251765
142.467044,90,1887.665155
262.527808,208,1891.77483
172.2855,95,1893.040272
219.221686,241,1895.734109
161.449616,87,1896.252975
160.087604,134,1897.944403
162.002495,79,1898.378079
1314.094526,241,1903.085301
125.270714,112,1903.666549
1323.428476,164,1906.160586
153.221599,132,1906.772772
142.49356,166,1908.484778
111.088819,98,1908.95126
169.005234,241,1911.950852
155.956652,155,1914.338094
1141.6488,196,1918.569106
182.182904,172,1920.437635
1020.013509,200,1924.727927
102.658411,143,1926.282869
179.925132,137,1927.892221
124.818317,87,1928.346581
148.91251,130,1929.043196
200.375025,153,1930.790772
164.815629,161,1934.109546
219.73917,194,1935.046602
159.077494,88,1935.507899
148.26168,130,1936.949276
986.06155,241,1940.026944
133.175485,118,1942.130146
181.279144,158,1943.02203
174.11814,103,1943.496523
127.827652,119,1945.304055
148.281643,129,1947.218055
151.36723,102,1959.987939
93.099214,208,1963.925988
187.24608,26,1965.339437
124.803048,109,1966.252092
227.26134,178,1967.181939
-116.363977,32,1967.351186
169.832047,185,1969.218561
254.919807,173,1970.925643
151.656113,111,1973.206422
176.431997,125,1973.852215
171.119351,87,1974.251889
186.523999,140,1975.513788
162.65342,97,1976.812399
173.368194,111,1977.333518
124.631926,143,1978.056156
1061.108731,206,1981.457726
188.923411,181,1983.459201
152.323192,127,1984.125096
192.652345,156,1986.698192
190.285338,145,1987.534791
224.971365,170,1988.548752
630.654755,157,1990.292167
230.689268,168,1991.992769
107.480204,115,1994.225165
118.931866,132,1994.80704
231.102904,183,1997.213728
118.360856,111,1998.736736
174.167973,143,2000.58297
131.780138,103,2002.071482
153.676812,84,2002.852185
146.800144,99,2003.373263
175.824385,130,2004.933769
203.31716,206,2005.945782
153.67438,134,2006.623977
188.336483,142,2007.322338
118.487394,97,2007.842983
139.236645,108,2008.469607
135.052477,102,2010.007005
198.542249,197,2011.07884
170.880111,94,2011.545409
144.232191,106,2013.854508
232.068488,136,2014.923566
175.745603,88,2015.379473
843.46266,241,2019.69594
143.913111,74,2020.028126
254.142332,187,2021.848723
147.024256,214,2038.64959
199.545551,136,2039.409588
189.834007,152,2040.332222
125.860091,105,2041.548571
117.886743,84,2042.166738
992.663523,211,2046.878688
140.583801,141,2049.761118
142.051952,101,2051.299955
113.964064,80,2052.726781
175.389817,134,2053.584817
188.333453,138,2054.825857
161.384061,154,2055.64605
128.870368,107,2057.249828
173.055315,186,2061.104639
178.408184,131,2061.756633
140.949315,127,2062.418626
159.397963,89,2062.897255
172.637403,110,2063.468173
1270.284824,241,2067.507883
162.108672,78,2067.900226
176.303425,156,2068.715999
212.601471,176,2069.546673
189.477778,147,2070.224104
202.33522,173,2071.153233
151.090509,84,2071.613143
200.520065,178,2073.070753
166.461065,168,2074.840324
248.931837,204,2075.93894
179.952698,147,2078.438809
144.929812,97,2079.993733
130.742844,107,2080.557766
96.678356,241,2082.031182
166.526304,167,2082.972554
149.64094,74,2083.330589
1242.598338,199,2086.06347
130.161939,112,2086.684009
185.474997,144,2088.440991
166.185824,140,2091.156166
188.173816,175,2092.366043
198.740266,157,2093.153864
188.533341,123,2093.855258
151.360838,137,2094.61161
220.040772,187,2095.702591
127.51855,117,2097.446107
221.315564,177,2110.210817
108.562901,100,2110.79708
189.13972,131,2111.447379
193.744648,143,2112.26849
205.374844,222,2115.476396
192.879408,154,2116.918321
247.194435,180,2118.055058
175.140854,125,2119.565463
164.166584,140,2121.087662
185.175194,112,2122.823263
161.844446,99,2124.471915
141.187958,93,2125.425298
150.228357,165,2128.119123
151.477789,126,2128.813959
133.460583,106,2129.326894
157.908794,102,2130.735809
165.906472,81,2131.133513
158.703302,127,2133.517634
-11.467201,57,2133.806458
218.589132,180,2135.524559
164.681505,173,2137.191753
122.464235,92,2137.571357
175.498754,163,2138.354934
-90.644021,47,2138.589467
210.352329,176,2139.382926
196.967663,168,2141.618648
128.62228,126,2142.141448
170.452985,87,2142.578545
198.880846,172,2147.079624
183.8775,185,2148.043676
124.99939,129,2148.767252
300.340828,190,2149.956549
150.200475,109,2150.551691
117.190084,78,2151.866184
161.543336,98,2153.245628
1137.485756,192,2155.854993
180.090344,172,2157.397866
181.226162,134,2158.917323
162.629729,166,2160.625615
117.777327,118,2161.79113
170.932588,126,2163.361799
30.477866,80,2165.670589
177.962925,137,2167.519692
196.266439,143,2169.8944
158.170147,108,2171.339931
252.400793,211,2172.404092
132.01575,114,2183.173218
175.081156,133,2184.878445
1082.767587,241,2187.617664
1135.286905,167,2189.990507
174.889162,129,2190.633232
135.99084,99,2192.086483
142.183902,123,2192.635344
181.709292,134,2194.411457
221.369236,153,2195.765786
166.393387,151,2197.325556
165.661613,125,2197.968198
205.40896,161,2200.256212
111.084716,130,2200.943093
153.466009,200,2201.987326
123.687678,241,2204.104952
194.229353,227,2206.206357
138.678673,104,2206.73346
154.271376,113,2208.247425
227.886536,231,2210.291256
223.792198,167,2211.111599
185.557324,126,2212.272727
121.124186,96,2212.760531
867.80034,112,2214.126149
170.2919,81,2214.494392
200.00025,161,2216.697606
137.594954,119,2218.254433
95.515925,90,2218.715596
1258.741939,203,2220.512284
133.488412,132,2221.066495
161.335156,81,2221.457104
186.049212,218,2223.478161
199.464105,149,2224.442004
1218.176466,171,2229.650778
131.563637,140,2232.428192
1347.104483,204,2234.403019
217.251261,112,2235.708019
118.294647,93,2237.115985
137.952538,112,2238.736943
149.303172,128,2241.123348
175.752016,97,2242.499125
200.34071,185,2244.255629
153.814623,110,2246.423474
160.599052,103,2246.876772
178.605407,175,2257.364348
157.860671,126,2258.791907
169.955638,178,2259.816964
494.505789,103,2262.928033
147.218604,115,2264.132559
167.892186,118,2265.000635
1067.24178,122,2267.708287
147.262206,139,2270.119213
148.33809,86,2270.52677
160.932453,201,2272.082372
181.115431,152,2272.796759
155.002384,123,2273.425148
162.584858,143,2276.443707
187.529254,162,2277.738262
1025.035847,149,2279.338598
440.407916,95,2282.573558
204.486193,183,2283.462397
154.828061,113,2284.860517
266.686608,195,2285.814238
170.149276,94,2286.278085
1030.682957,241,2289.336241
169.278802,156,2290.232214
176.863819,140,2291.458275
1262.469371,205,2294.227026
-96.16269,23,2294.363181
158.05832,89,2294.848984
255.682673,181,2296.872883
192.164666,132,2298.622347
167.531798,185,2299.460556
155.054243,127,2300.076723
142.361386,196,2302.036274
139.092548,111,2303.495948
194.54131,131,2305.100482
169.586482,180,2306.785147
235.442619,149,2307.527784
186.263827,134,2309.07561
203.273252,182,2311.476918
125.214134,134,2313.055368
201.290975,170,2313.922214
253.336528,191,2315.207562
217.934317,170,2317.185555
215.202418,241,2318.476875
186.354267,128,2319.46287
1113.096919,217,2331.302114
197.596175,160,2333.189921
134.183355,115,2335.003396
177.148511,150,2338.73082
158.887994,120,2339.266536
174.721902,228,2342.562953
173.416965,143,2343.39863
179.25776,202,2344.555298
150.278325,108,2347.517849
160.582117,117,2349.299196
176.257664,140,2350.158171
836.709337,157,2353.674585
145.082714,222,2355.598078
146.913972,99,2356.024824
118.242717,88,2356.553837
198.828331,166,2357.577821
216.114316,173,2358.62367
151.705558,108,2359.380585
205.061731,156,2360.370992
135.492143,155,2361.909661
139.204599,110,2362.419854
158.5746,100,2362.988169
140.789007,153,2363.920615
158.634457,144,2366.285692
158.406002,89,2367.950536
967.338903,144,2371.777237
158.493098,92,2373.164027
-33.327412,79,2374.47639
197.384396,170,2375.317191
656.218891,241,2377.3014
166.165626,241,2379.568591
178.45248,90,2380.180471
168.967378,121,2381.8387
208.641903,153,2382.612986
121.287485,113,2383.855184
162.26353,188,2386.6165
134.685967,108,2388.115085
144.685166,105,2389.391601
206.407973,127,2390.261819
233.425289,164,2392.049379
276.240733,188,2393.091734
117.971572,117,2393.825333
119.089291,79,2394.363182
235.07085,163,2406.314447
164.157275,120,2406.850485
168.839516,155,2408.096107
111.012721,75,2408.617795
170.306206,107,2410.43083
165.140101,98,2411.067631
161.422955,93,2411.676161
1089.862895,241,2416.222676
132.937298,93,2416.863416
141.888791,105,2419.087761
143.331675,133,2419.99134
204.917435,177,2422.597522
224.692151,230,2424.486846
160.665199,187,2426.465273
191.099099,146,2427.40617
125.743897,104,2429.234072
145.266847,113,2429.910272
826.573477,48,2431.089837
168.570746,101,2431.599763
148.863194,142,2432.300372
151.297975,108,2432.877294
187.53305,133,2435.603881
183.879878,128,2436.452325
166.458181,83,2437.554291
136.440429,102,2438.190143
136.509381,142,2440.413456
107.634779,84,2441.389107
231.027218,161,2443.580574
172.825452,129,2444.473654
143.773168,110,2445.205933
246.455072,180,2448.234672
194.248787,117,2448.879177
151.35229,128,2449.748156
185.412013,170,2450.742595
272.200835,205,2453.71797
133.279179,119,2454.348412
194.170252,241,2455.664787
160.104304,145,2457.069076
127.657542,150,2458.054284
148.069446,103,2460.541172
-102.020349,51,2461.711389
128.202855,144,2463.211649
155.827631,148,2464.193814
219.067424,176,2466.243021
140.605038,130,2467.813088
145.869264,100,2469.177558
133.146721,101,2469.800705
155.169844,241,2482.487419
94.293389,100,2483.942451
168.93009,103,2484.478228
172.104138,91,2484.994295
188.238396,158,2488.913179
189.654694,150,2490.460425
139.138788,148,2492.036318
-310.202178,60,2492.50627
208.719207,158,2494.912388
177.772638,136,2495.946503
189.427149,157,2498.546338
196.586804,190,2499.732659
145.858422,143,2502.321116
231.13047,185,2503.184655
138.673759,106,2503.795636
170.543134,241,2506.021138
110.579301,73,2506.557327
200.937298,127,2508.17395
912.177756,135,2509.82663
162.864795,134,2510.591766
206.895957,143,2512.104517
207.962825,177,2513.288904
163.629721,138,2514.263348
181.191739,188,2515.399893
141.159321,112,2516.120925
190.231475,100,2517.103551
207.302704,161,2520.436079
153.846854,123,2521.085644
170.242443,216,2522.420809
181.436886,139,2524.952868
172.265075,92,2525.459837
143.489834,111,2526.051626
1236.341859,241,2529.611044
165.862391,103,2531.139176
141.106932,110,2532.310569
223.524651,155,2533.071216
139.10251,124,2534.657717
251.624366,169,2536.5135
180.472225,142,2537.863359
172.131344,148,2540.749484
219.43959,175,2541.805791
165.942322,92,2543.228134
168.268646,105,2543.767549
673.351664,189,2548.396931
183.178926,135,2550.107013
233.315101,179,2566.778948
271.056649,188,2570.283238
148.378516,112,2572.651719
133.121984,131,2574.059105
170.125506,212,2575.672705
195.86687,152,2576.560648
150.246537,104,2577.175478
174.730494,176,2579.441763
220.918836,168,2581.089026
198.383852,183,2584.949161
163.378117,128,2585.625292
184.650203,181,2586.560976
178.199099,95,2588.843094
178.018027,137,2589.75686
122.750264,211,2592.081262
-114.212565,57,2594.171367
236.712953,188,2595.376084
131.205245,124,2596.909767
159.820381,178,2597.945035
122.514219,140,2599.047043
151.757347,198,2600.967716
158.365661,71,2602.441324
223.895936,26,2603.901782
282.261924,156,2604.709766
179.014696,93,2607.187805
-134.013252,79,2607.599557
143.611027,106,2608.144661
177.749057,133,2609.720095
294.044089,192,2611.618827
169.350222,169,2613.471975
123.428524,123,2615.074872
143.141995,110,2616.598031
203.033493,156,2617.455148
190.349565,127,2620.505296
243.468419,190,2622.421195
179.121059,230,2627.54203
121.453232,107,2628.110308
267.160659,160,2628.977068
1509.814007,198,2630.886215
210.931388,126,2631.602396
158.569198,125,2633.450406
172.634902,88,2633.839836
111.544855,166,2634.888657
203.374955,241,2653.695963
244.687039,179,2656.420732
1010.540916,233,2661.588907
178.75569,118,2663.169282
150.829132,141,2664.138293
751.173038,94,2666.901012
199.449597,228,2669.502141
1389.567943,238,2672.550815
192.588762,162,2673.443556
129.174377,110,2674.0447
118.133491,103,2675.542226
176.456433,241,2678.467706
215.137049,166,2679.136806
212.724345,169,2680.811653
169.338368,127,2681.541801
1326.563565,166,2684.899995
147.598736,121,2685.582554
109.570658,98,2686.18292
154.937001,85,2686.675884
201.483723,159,2687.530567
163.509859,116,2688.229006
163.353836,154,2690.887882
209.287468,159,2691.766156
177.827852,178,2692.895853
137.463061,116,2693.750954
237.094315,182,2694.870436
260.305872,170,2695.999988
166.402005,134,2696.847704
145.44049,119,2698.40214
150.217591,131,2700.207306
143.023492,91,2701.178461
147.345383,107,2702.64829
138.599122,82,2703.9456
187.591716,97,2704.506719
185.586249,127,2705.281839
173.906967,155,2706.796722
217.470284,157,2709.459601
166.892652,102,2710.134657
181.432018,168,2712.245523
156.116814,128,2713.815622
160.908747,111,2714.447367
195.686285,203,2715.534789
161.759938,163,2716.573991
148.145424,112,2729.413213
207.541095,226,2730.503053
125.982719,104,2731.632471
170.71601,80,2732.035066
169.03122,168,2732.990389
114.915655,99,2733.727747
159.877478,123,2735.958587
-105.941524,61,2736.621112
166.73616,123,2737.876242
187.332841,147,2738.871797
207.753275,124,2740.735456
209.776399,175,2741.658238
160.811198,139,2743.039648
122.799059,161,2744.441009
160.694911,139,2745.60769
156.832489,133,2749.062036
194.25635,160,2749.912996
150.299634,125,2752.321864
186.58359,190,2753.877871
146.263809,128,2754.519515
217.424284,155,2757.163008
1236.175229,211,2761.029318
186.510024,159,2761.849495
181.042586,134,2763.499071
199.050265,156,2764.370892
1126.751716,203,2767.183445
213.87783,197,2769.329211
148.810861,132,2770.214756
74.27724,241,2773.968464
157.854993,105,2775.508141
125.748738,111,2776.821692
214.969243,170,2777.756287
277.45563,193,2779.952573
229.986404,168,2780.864768
132.190863,187,2782.756094
199.195755,168,2785.180813
196.936004,118,2786.839491
197.623524,159,2788.075344
159.530513,114,2788.689333
165.839251,130,2790.193616
118.158709,95,2790.642584
1005.406748,241,2803.116764
224.173455,164,2804.81022
172.171658,104,2805.394945
90.444194,121,2808.491789
163.051571,128,2810.612347
153.327426,90,2811.704158
206.483145,148,2813.867931
202.97938,208,2816.246519
158.367698,132,2817.006228
162.382964,84,2819.78074
137.759386,169,2821.002722
155.400375,159,2822.028762
163.373621,98,2822.697488
142.287392,162,2823.796621
161.934532,99,2824.379833
155.832442,125,2825.985059
1104.129747,159,2827.591123
202.052927,175,2829.213954
212.508173,241,2832.014861
-181.389469,30,2832.209857
225.299833,192,2833.24012
176.123773,162,2834.39559
175.683145,193,2838.401496
269.120702,192,2842.05275
152.535532,152,2843.708498
133.706389,107,2844.1503
252.706302,198,2845.968335
1289.167538,171,2847.650731
235.12681,145,2848.364937
214.276254,170,2849.364433
135.485255,125,2851.630257
215.161055,209,2853.60515
149.513176,92,2853.978623
191.869405,173,2854.870023
146.468609,129,2858.510681
166.143643,106,2859.121785
1128.705161,157,2862.66249
139.310793,139,2866.015247
1026.244639,219,2868.717026
237.363795,207,2869.832972
191.301895,181,2870.876195
128.673999,124,2872.617182
189.244876,156,2884.520016
187.628178,96,2885.978186
190.137094,156,2888.261497
244.978229,198,2890.23173
261.208381,190,2892.60684
223.412212,161,2895.784891
165.543315,143,2896.960771
258.234786,197,2901.2909
138.222763,118,2901.862317
1076.964117,197,2904.685826
179.624685,150,2907.404374
196.522649,120,2907.960824
1400.63547,229,2910.024445
152.614199,120,2911.591724
196.83338,178,2913.210365
146.809183,118,2913.93224
165.520419,80,2914.412275
179.078036,123,2915.18743
156.204778,130,2916.041371
105.782349,91,2917.500616
163.474728,113,2918.726335
101.462188,82,2919.349223
920.089467,112,2921.735362
159.542955,173,2922.606367
152.285707,126,2923.288153
131.717356,101,2924.69564
-58.795837,1,2925.627596
223.556269,171,2927.456107
227.540137,30,2928.518905
191.654845,101,2928.993646
160.028828,100,2929.503624
142.901021,109,2930.147765
985.618545,241,2932.939407
743.52579,241,2939.43476
474.751573,172,2941.277968
203.829336,152,2943.052558
1114.126233,170,2945.534012
149.715295,117,2946.106668
190.231443,187,2947.837753
180.233794,193,2948.918364
208.900009,143,2949.750797
223.346333,189,2951.79537
135.427929,113,2952.399199
194.208226,182,2954.525398
221.4157,158,2970.778366
-97.609505,5,2970.803404
125.42539,93,2971.267426
173.12437,161,2974.861473
817.28394,148,2980.152857
1150.541141,131,2982.653043
213.68507,226,2984.053962
115.846674,116,2985.018242
171.580965,127,2986.763688
185.725749,151,2990.230187
156.712995,82,2990.575287
151.937787,82,2990.995156
253.058481,179,2991.72253
60.899484,136,2992.273861
-115.591351,11,2992.337933
209.695238,180,2993.379936
140.585209,95,2993.858876
127.824752,165,2995.431102
233.017453,182,2996.58151
161.827059,114,2999.655371
151.933391,97,3000.427988
814.421159,136,3003.073128
206.024867,165,3003.941229
231.940663,164,3005.545458
183.189535,184,3006.595566
179.258401,156,3008.313727
186.098533,154,3010.068188
148.462922,134,3011.696571
146.763401,131,3012.406572
101.36285,109,3013.118393
185.945092,133,3014.725292
197.657733,134,3016.273312
149.324703,126,3018.252967
133.386587,131,3018.84249
204.772261,165,3022.431923
223.228271,183,3024.561493
223.903631,158,3025.433826
182.79334,172,3027.332067
193.133902,128,3029.852455
145.38456,138,3031.298632
138.398428,175,3032.221954
136.059305,117,3032.870924
170.371068,111,3033.481196
182.952763,151,3035.123841
170.891898,137,3036.803493
-74.140933,55,3037.116405
146.199985,112,3038.30671
157.444205,89,3049.911686
184.242146,135,3050.680238
1309.074841,136,3053.226458
159.435835,132,3053.958021
169.126398,114,3055.311197
243.13862,241,3058.213053
156.48249,117,3058.945371
210.389739,228,3061.463494
180.157295,133,3063.04878
107.141969,75,3063.457037
188.413677,132,3065.118909
176.578018,154,3065.878751
238.428521,184,3067.897275
199.198702,163,3069.751035
17.751446,108,3070.877284
201.387198,132,3071.608892
209.971613,216,3073.899576
198.656461,212,3076.968022
106.785503,76,3077.422935
134.351558,109,3077.964984
158.691331,104,3078.521503
164.085019,136,3079.369133
139.596593,141,3080.323265
140.28084,105,3081.925809
243.792831,171,3083.703612
181.993157,147,3084.569161
127.378124,165,3085.542166
133.155271,162,3086.590126
127.159773,104,3087.797574
163.385895,127,3088.51472
153.041584,169,3089.459321
163.246485,138,3090.154568
119.308928,143,3092.684709
167.008097,135,3093.578508
163.330828,106,3095.336653
214.158098,173,3097.338017
164.291769,130,3098.946835
144.704742,112,3100.474144
136.708374,114,3102.830678
222.298722,156,3103.572529
164.583474,97,3104.055546
189.516214,186,3105.158219
151.354616,118,3105.949143
197.543397,157,3107.507953
1931.931289,215,3122.061076
183.259095,136,3122.856712
207.951983,166,3125.269061
259.448934,189,3127.169249
208.515324,186,3129.580228
151.634553,111,3131.479104
153.648937,241,3133.750117
153.158177,127,3134.344738
201.720938,161,3136.258471
166.041964,118,3140.667734
165.931018,133,3141.56848
270.739094,196,3143.871531
270.030193,188,3148.493261
140.823648,150,3152.140844
92.447883,241,3153.511637
159.593299,116,3155.778993
200.986506,204,3157.772393
123.96382,173,3160.455303
111.841895,113,3161.043857
203.441047,169,3162.044053
252.361946,236,3164.308986
221.855408,181,3166.86345
197.2039,168,3167.719665
213.992657,181,3170.057021
137.268056,99,3171.451748
124.312853,96,3172.03977
129.870559,96,3174.418882
148.843327,141,3175.270759
187.47168,142,3176.065825
179.141232,144,3176.776739
245.641189,180,3178.591226
140.625366,87,3179.044194
216.195584,161,3180.906743
1060.419354,215,3183.696408
167.811515,177,3185.543245
144.615626,71,3185.936639
150.420878,84,3186.418398
170.680696,130,3188.085232
174.801189,131,3188.830159
165.186076,152,3190.287733
263.026801,204,3204.753164
204.149076,147,3206.500517
1333.679701,208,3208.502308
1090.247969,151,3211.007651
172.193689,92,3213.84694
149.94315,142,3214.539885
176.900575,160,3215.600273
159.701082,153,3217.306612
170.87592,89,3218.887082
191.4628,171,3219.859872
148.306408,149,3221.701655
171.463742,153,3222.483551
161.039159,136,3224.587787
195.548313,134,3226.826933
187.16464,148,3227.464288
155.783323,92,3227.980928
157.366394,134,3231.61362
176.839889,155,3233.390911
166.188504,97,3236.144387
147.445135,141,3236.840129
143.706473,83,3237.274836
170.445167,160,3239.10131
210.316346,158,3239.959033
179.856279,155,3240.811203
176.243028,148,3241.597056
245.66662,172,3242.559305
173.219102,231,3244.634861
874.581576,194,3248.262283
131.814263,116,3250.019729
176.432377,153,3251.789857
154.383869,199,3253.040652
177.840038,97,3253.629849
193.717114,143,3255.25667
190.659296,241,3257.328082
974.696277,140,3258.935067
169.228158,91,3259.474097
166.151242,135,3260.316407
144.540004,117,3261.08956
185.037089,123,3262.721927
167.155576,166,3263.563198
162.261584,178,3265.165021
226.622504,234,3266.716137
146.350561,95,3267.279384
151.852786,142,3281.123868
171.833219,150,3283.025223
166.200739,107,3283.514936
177.505982,97,3285.284109
135.68182,99,3286.530294
973.760821,151,3288.81628
149.668544,132,3289.636164
210.271693,177,3291.811938
167.675923,90,3292.240012
155.891381,140,3293.836417
177.113955,133,3294.574459
163.087846,163,3296.466329
168.817915,93,3297.929307
175.103591,137,3300.163139
173.758149,155,3301.100379
179.111284,137,3302.247893
805.335466,241,3305.063104
191.741506,146,3305.923292
217.668536,211,3308.061361
588.273438,241,3311.370603
168.111806,110,3311.906396
176.288366,236,3313.311478
154.97586,91,3316.449248
127.190839,105,3317.129187
163.340847,133,3317.974731
109.483678,224,3322.93169
106.562264,116,3323.702683
170.385658,147,3325.128653
151.409184,80,3325.974762
187.973304,163,3327.807035
220.947873,199,3330.647208
130.261841,93,3331.086592
240.509921,198,3334.03967
154.153414,241,3335.299568
148.869772,83,3335.750882
191.769802,241,3338.085053
264.023175,195,3340.880905
194.590062,178,3341.680629
162.720094,121,3343.712914
226.049853,199,3345.778474
157.205653,143,3349.262711
100.166948,112,3362.539388
370.455974,60,3363.766799
959.509488,241,3368.138025
170.452132,154,3369.379999
142.689326,103,3369.903495
162.385634,155,3370.905303
313.791891,199,3373.123919
216.753114,156,3375.777218
208.612422,161,3376.581706
119.420334,103,3377.104385
228.379924,172,3378.552967
158.978594,157,3381.227236
129.080143,102,3381.79312
131.888027,87,3384.416289
114.399585,111,3385.440021
1315.691007,241,3390.196061
139.070446,97,3390.620917
-58.895889,91,3391.983222
163.38314,147,3392.81405
-59.795833,1,3393.697286
215.415331,149,3395.274492
1051.80509,241,3399.167933
204.702427,171,3400.93786
174.749023,183,3401.859973
224.642611,157,3402.646959
-207.153672,47,3402.913137
170.21429,90,3404.864556
170.839768,130,3406.374559
202.74727,149,3407.252247
280.512849,165,3408.704557
148.600192,148,3412.117635
173.907838,123,3413.495855
217.756268,172,3414.371114
142.090345,111,3416.601841
121.830044,123,3417.138865
144.547723,85,3417.592022
-205.835747,40,3417.809045
243.54091,180,3419.482657
143.181402,109,3420.100054
195.761368,234,3421.404139
98.21185,241,3422.887019
946.265068,197,3425.447557
137.224366,155,3426.416038
200.942362,147,3427.259063
1187.904236,231,3443.188662
105.236516,241,3445.457438
134.50079,202,3448.784241
6.33745,130,3449.833358
140.522869,108,3451.824122
192.824181,178,3452.863395
161.678687,154,3455.732315
177.252428,187,3456.653211
175.804445,142,3457.959538
-101.511675,1,3458.852713
155.516413,122,3459.369438
1057.555717,241,3463.190179
141.445295,89,3463.735729
195.628105,226,3465.018418
153.066253,134,3465.89205
107.083172,120,3467.486814
163.164206,94,3469.736936
195.151949,239,3470.814315
200.734519,201,3472.873932
144.225655,72,3473.329839
1348.584413,222,3476.322437
984.253095,241,3478.413443
175.846386,176,3480.97759
158.038337,99,3481.563722
132.491253,88,3483.258482
-59.795833,1,3484.940935
219.335088,158,3486.043821
157.068061,96,3486.56775
140.508901,85,3487.092788
253.592421,161,3488.165912
228.275236,173,3489.432585
205.045128,111,3490.182496
151.807527,139,3491.021587
148.014403,143,3492.884851
116.653051,125,3493.667957
277.707143,180,3494.750937
130.207744,121,3495.346609
223.307994,148,3497.269808
154.038147,128,3502.291077
198.406966,146,3504.356936
140.987552,131,3505.236453
159.070064,139,3506.209097
180.376306,151,3508.668391
192.391492,147,3523.040744
121.325139,96,3523.525953
129.430574,85,3523.931326
161.332684,98,3524.513759
165.001419,134,3527.008505
169.155178,143,3530.093886
978.523372,241,3534.088733
229.142805,180,3536.150809
141.529455,117,3537.541635
119.518586,105,3538.003838
165.201617,119,3539.044172
1054.606674,217,3541.009027
105.067391,94,3541.565983
190.20873,154,3545.892093
911.221124,241,3548.035716
227.668976,241,3549.406687
810.757195,63,3550.870555
122.95007,108,3551.51667
229.942385,182,3552.435843
141.268917,112,3552.997064
184.135291,176,3553.972985
145.46044,123,3554.667817
295.087947,217,3555.985033
169.093359,175,3557.678495
772.32476,64,3559.752493
243.825755,169,3562.201329
211.262647,166,3563.945091
184.780761,137,3564.505704
466.254496,241,3566.594629
197.148412,241,3568.747848
208.820377,156,3570.418473
166.973546,95,3571.698503
970.318948,241,3574.380775
153.921934,186,3575.285041
263.637738,186,3576.342363
149.161962,123,3578.507692
112.060896,91,3579.033748
205.978374,173,3580.742803
159.891887,154,3581.442419
190.81491,167,3582.819806
234.384967,157,3595.524979
222.159261,180,3596.56447
213.400561,164,3597.60596
1417.470473,169,3602.442217
110.767192,121,3603.427497
179.483278,153,3605.251324
126.264936,241,3608.585924
93.919877,241,3610.572262
155.358803,137,3612.329995
122.853436,241,3615.614965
158.453197,120,3616.834174
167.014879,220,3619.947634
182.948271,144,3621.639699
184.414249,200,3622.71443
172.196027,136,3623.608543
132.539374,136,3625.364013
159.957914,126,3625.919617
164.155561,127,3626.618966
122.436296,84,3627.16749
159.574004,125,3627.919393
199.373786,181,3629.128475
138.634648,122,3630.403415
179.572061,241,3633.865905
170.267297,125,3636.904681
117.872227,122,3637.765114
148.078338,138,3638.617922
178.22216,121,3640.026158
113.742744,117,3641.56824
216.013011,202,3643.83983
120.681958,98,3645.2492
182.373118,175,3646.226839
217.380082,193,3648.968388
209.968446,233,3651.224404
203.338321,147,3652.065256
173.873096,98,3654.969117
184.899857,187,3658.169324
154.20666,96,3659.417349
175.79296,109,3660.116783
230.472115,176,3662.228513
158.123103,153,3664.148774
-92.000851,26,3664.305041
145.556902,147,3678.354031
147.098735,112,3678.954264
145.821235,160,3679.773577
201.881878,160,3680.929153
137.981275,89,3681.414691
154.743307,120,3682.036182
182.768603,152,3683.301617
187.707685,147,3687.272499
76.301219,100,3687.868125
139.999341,158,3690.556705
146.332766,118,3691.253806
137.516185,213,3692.619056
158.878142,97,3693.300295
173.573967,142,3695.877742
17.252714,97,3696.404906
200.276071,179,3697.359367
88.728504,102,3697.929789
134.413326,199,3699.10414
131.902162,119,3700.090901
166.998496,132,3700.913767
818.248447,186,3703.631161
159.213698,153,3704.430306
-88.553738,31,3704.606428
165.079211,102,3705.197682
167.226838,157,3706.709251
210.544011,165,3707.731861
1233.572556,241,3712.045163
168.523709,175,3715.322232
150.797603,81,3715.788844
178.750424,174,3717.597867
-84.115136,26,3717.749609
174.770729,91,3718.22957
151.029276,174,3719.263778
176.033522,135,3720.076084
204.328759,224,3721.393777
199.885187,153,3722.11923
170.219515,149,3722.896532
165.350844,128,3726.169263
155.888086,120,3727.150796
1212.647351,186,3729.156955
-59.211096,1,3730.074839
173.805274,166,3732.191781
193.314596,142,3734.231939
473.93297,84,3735.599907
251.487591,224,3736.754985
166.553457,130,3739.179588
60.765535,241,3752.589351
143.975994,126,3755.142201
168.888356,86,3755.592955
188.557811,186,3757.706894
1377.49355,241,3760.86974
165.439214,106,3762.560115
131.432057,117,3763.902255
168.329997,142,3766.638739
1059.770146,223,3769.668675
154.793418,161,3770.682248
148.489664,167,3771.535001
130.798749,109,3772.331491
215.467965,219,3773.4965
171.180109,90,3773.963875
152.677246,113,3775.392183
93.558938,99,3776.784844
143.512655,123,3777.372838
123.119983,106,3778.782583
141.684629,107,3779.313536
117.949379,94,3779.883233
184.513974,157,3780.867617
211.771198,168,3782.503327
153.840813,78,3783.774574
123.13466,87,3784.179754
193.537224,162,3785.082556
188.297883,146,3786.291386
50.459598,241,3789.544823
168.372955,113,3790.257513
144.749286,132,3791.143394
178.500308,96,3791.663805
147.826407,146,3792.47937
161.358224,125,3793.473116
244.324365,185,3795.348912
143.067627,118,3796.844773
147.029129,138,3797.484344
142.846833,97,3799.78577
153.656728,130,3801.858247
96.948178,241,3803.06926
130.535563,132,3803.769405
171.32247,146,3804.648585
146.572698,123,3807.92776
143.886319,92,3808.346856
199.054463,166,3809.412951
158.191099,104,3810.002905
-121.742074,53,3810.307708
127.567746,138,3826.18047
144.979606,120,3826.849398
960.260287,241,3832.438793
854.233872,126,3834.998944
136.077378,103,3836.540548
-59.261967,1,3837.545519
223.208004,169,3839.242589
173.121302,168,3841.534601
219.613482,179,3842.456781
184.549428,134,3844.85302
164.506208,177,3847.479917
52.820153,161,3850.253315
217.698215,179,3851.419706
137.214297,148,3852.403538
138.16012,112,3853.093796
157.385113,122,3854.717886
202.629925,182,3855.794634
1737.170236,115,3857.360494
213.108573,156,3858.326335
207.94036,188,3859.435104
184.996177,124,3861.847993
162.672627,136,3864.432322
154.100893,143,3867.299233
152.254993,137,3868.356795
148.744946,156,3870.717018
237.534402,181,3872.08292
108.678571,85,3873.713761
170.045156,156,3874.841343
198.332643,165,3876.58046
174.561025,168,3877.705111
175.775359,196,3878.979305
159.093071,131,3879.788876
252.569398,202,3881.779646
267.600692,172,3883.614535
198.458854,166,3885.95237
135.089499,108,3886.562784
28.227453,241,3888.927877
186.380049,182,3891.104145
140.615371,122,3892.719939
118.311907,106,3893.383966
168.202361,179,3896.396189
201.93391,190,3910.471541
165.562537,180,3912.417897
128.907929,138,3917.531841
205.036511,163,3918.846968
154.36264,93,3920.253704
183.166855,171,3922.813022
220.123405,171,3924.245481
33.883828,164,3925.208993
198.452405,161,3926.246383
59.893221,241,3928.790495
152.07678,84,3929.459706
179.934263,152,3930.401371
612.997331,177,3932.522132
230.934653,181,3933.58301
186.546939,241,3935.050048
191.419199,194,3937.190439
152.285893,134,3938.82251
198.705009,215,3940.628157
126.821758,121,3942.337134
153.26929,149,3943.353659
148.167338,82,3944.425799
147.370962,124,3945.889581
191.256567,146,3947.095447
281.450446,217,3948.360861
157.884756,130,3949.299118
164.358992,133,3951.051216
172.798525,132,3951.809976
162.888736,132,3952.540613
238.444432,176,3953.448176
142.502912,100,3953.981857
137.559686,91,3955.330232
183.440784,218,3957.527343
237.030262,211,3961.878948
227.396757,174,3965.868668
189.997811,160,3966.781764
129.279661,147,3967.664733
165.579755,130,3968.551707
-99.512549,36,3968.757062
171.014743,153,3970.605471
131.646268,102,3971.233667
1055.976579,211,3973.145332
145.84511,141,3986.315213
203.706768,189,3987.330383
205.714432,180,3988.351116
145.424763,122,3989.097507
1221.147827,241,3994.197462
153.551883,121,3996.236632
153.668562,105,3996.972036
134.728079,118,3998.144104
166.339721,136,4000.228402
175.223838,92,4001.999148
159.730033,123,4002.62022
900.524172,196,4005.293885
222.044092,164,4007.002417
188.431383,241,4009.097649
-97.659498,94,4010.468338
237.342055,198,4011.456622
119.838734,96,4012.876592
198.576664,163,4013.51089
149.632783,121,4015.448281
157.297157,148,4016.251268
237.168473,187,4018.22725
177.737559,170,4019.575285
176.519797,185,4021.745086
201.834491,194,4023.763537
169.855417,113,4026.21282
120.462548,241,4028.467414
109.05846,112,4029.879199
122.015758,102,4030.422849
116.49371,124,4032.868695
121.882536,99,4033.291395
163.73522,124,4033.928835
1597.164652,207,4036.718651
141.453246,102,4037.777364
230.350303,164,4038.663752
150.779206,86,4039.234467
201.417215,241,4040.940463
167.362402,129,4042.26256
165.812652,173,4046.361699
196.417367,182,4047.448891
232.04102,182,4050.860136
220.752499,176,4052.557906
156.222538,105,4063.851332
172.518531,191,4064.917077
158.156683,106,4065.482145
1175.299458,239,4070.145329
145.162497,173,4071.873137
218.733572,204,4074.200174
180.389074,148,4076.088284
177.167172,183,4077.156812
114.482503,108,4077.851587
158.68722,152,4078.975206
255.001326,191,4081.093185
108.978746,125,4081.828624
142.270903,149,4082.749762
148.777014,99,4083.351475
152.333566,167,4085.228837
153.016177,194,4087.098486
168.798704,117,4088.560487
226.698546,184,4091.019988
149.145364,120,4091.656849
173.28846,97,4095.148858
178.715283,194,4096.791814
266.430167,187,4098.960805
616.873109,241,4102.027137
118.987222,101,4102.447982
222.283801,222,4103.674565
224.590929,213,4105.89982
171.761268,87,4106.330251
172.013346,103,4106.805375
272.646861,204,4108.005279
154.150164,94,4109.300545
171.397952,138,4110.641269
179.196247,121,4111.404432
169.726674,121,4112.165232
193.980739,132,4112.951542
127.981393,120,4115.403277
871.612615,169,4118.284341
164.768478,121,4119.707913
274.824866,226,4122.530291
159.36861,145,4123.248347
160.577184,163,4125.033099
899.363301,230,4140.043408
189.4625,146,4140.86783
134.753312,149,4141.986305
121.387621,116,4144.158622
117.866923,108,4145.07823
156.00049,116,4146.206573
111.141125,104,4147.056986
250.580354,178,4148.219576
134.87112,113,4152.593279
157.566991,89,4153.096242
208.308519,167,4154.863846
150.896104,129,4155.407741
233.536876,180,4157.120169
234.788024,196,4158.146388
217.415643,231,4159.440642
168.348125,87,4159.967102
174.965008,216,4163.752331
187.330467,134,4164.871216
256.537285,198,4166.651598
207.595555,184,4168.950376
65.305684,241,4173.318692
222.449761,234,4175.405408
138.708631,161,4176.383587
139.912154,116,4177.014847
155.776054,135,4177.749883
206.984129,150,4178.519585
219.042165,190,4179.489489
172.92413,118,4180.9456
183.813962,166,4181.841884
168.009543,152,4183.373267
220.293171,175,4185.13456
237.834873,154,4185.953593
500.664814,241,4190.239677
165.763462,143,4191.082276
106.085894,109,4192.574708
531.46538,241,4195.413473
881.896315,84,4196.59656
167.352204,156,4198.15534
175.978738,96,4199.440966
209.538937,193,4200.432375
136.394802,171,4213.922165
190.979379,206,4215.300769
881.131509,241,4221.218259
197.93963,122,4221.960336
144.79178,148,4222.92333
224.496648,184,4224.784345
107.969385,108,4225.415307
182.772715,207,4228.135096
225.93737,181,4229.978687
221.102519,176,4234.038073
166.844296,136,4236.47906
181.914874,96,4237.816927
156.61939,136,4238.543576
169.989215,91,4240.026019
958.985453,241,4243.039044
208.043687,153,4244.539212
-16.813796,107,4246.0946
143.820606,113,4246.646901
133.16092,132,4247.661658
143.129011,126,4249.669257
184.406165,148,4251.03498
196.736558,152,4251.897823
118.176283,109,4253.381809
284.339655,194,4255.383525
177.237768,141,4256.163256
118.427841,120,4256.922393
160.570893,136,4257.781336
174.25341,214,4259.081334
138.721823,118,4259.75217
138.317353,241,4264.097371
107.866309,241,4265.629515
166.645799,143,4268.127943
129.058673,109,4268.769927
184.744447,203,4271.811955
230.997488,158,4272.616956
150.912216,96,4273.111478
275.116636,224,4275.319224
157.535653,100,4275.803104
144.459474,142,4276.674817
144.644706,114,4277.375383
153.076278,131,4292.066963
152.390055,104,4292.663462
124.206679,110,4293.274674
161.144139,95,4294.301397
143.60898,225,4295.767242
178.282526,143,4298.869397
203.492704,169,4300.454736
-180.172821,35,4300.708693
153.322954,112,4302.249112
154.804006,87,4302.824078
185.021582,117,4304.692103
180.338697,145,4305.634499
236.860006,185,4306.903755
1059.265398,241,4310.150357
176.274393,129,4310.801682
178.686867,90,4311.269342
194.202727,234,4313.503275
168.562316,153,4315.077629
169.755519,119,4315.744767
166.182639,151,4320.050493
183.974219,147,4320.892819
166.863782,139,4321.661432
165.072477,187,4323.686706
177.276955,90,4324.174976
156.503309,180,4326.063653
140.526084,89,4326.505222
93.056015,137,4328.260368
212.95507,241,4329.871155
277.657378,189,4331.106366
575.025614,115,4332.806368
166.171806,232,4335.4735
191.198944,214,4338.319861
169.263652,139,4339.739626
121.523007,241,4344.106969
169.311254,125,4345.634434
187.405927,213,4346.901309
122.415858,114,4348.440741
128.431423,196,4349.630574
1071.396654,241,4352.879511
161.590808,87,4353.370675
90.92448,241,4357.498548
336.804434,241,4376.501175
195.996047,194,4378.787765
238.909533,221,4380.496072
220.636278,171,4383.72478
247.943328,146,4384.685866
125.086213,75,4387.282634
961.872862,219,4389.514498
132.773384,155,4390.488376
1043.811189,241,4393.944372
233.296107,160,4394.761754
-113.917936,42,4395.021427
202.658486,185,4396.348088
160.860188,169,4397.389291
192.954665,241,4399.369269
171.241709,125,4400.904361
234.918285,199,4403.682396
201.751173,176,4405.458687
140.261442,89,4405.996574
122.770066,118,4407.766462
239.605982,170,4409.410338
171.851178,156,4413.383109
167.676026,144,4414.565638
125.749559,241,4416.045587
205.622892,183,4417.982301
260.626715,190,4418.977386
125.35079,128,4420.213704
191.09073,136,4420.916907
155.89675,133,4422.672106
216.828838,114,4423.320593
124.804775,134,4426.206033
36.710427,241,4427.994987
124.312305,112,4428.660996
131.483982,114,4429.299229
113.856104,112,4429.956974
247.132449,165,4431.877586
189.100358,177,4433.612133
212.002621,158,4436.086612
195.783021,171,4436.838437
219.219134,241,4455.752722
158.512633,129,4457.476756
112.982146,143,4458.357665
149.66848,167,4461.407327
147.76555,119,4462.442393
188.488098,192,4463.783133
1345.390588,241,4470.10592
109.962447,97,4470.616452
173.178772,136,4471.563045
140.761704,121,4473.097889
174.745085,145,4476.440167
248.664839,179,4478.094697
170.157063,137,4478.725121
175.98915,106,4479.297642
176.838299,153,4480.680547
189.342351,175,4482.566568
212.589465,197,4485.169436
233.754078,181,4487.062211
112.544843,134,4487.980399
214.504982,184,4490.779217
170.603339,104,4491.347073
243.568656,187,4493.368745
159.797341,122,4494.862523
158.28527,74,4496.292803
1157.260014,108,4498.660849
210.549987,165,4500.373876
210.965001,139,4501.130701
1614.64702,239,4504.043811
141.840209,139,4506.179946
128.160298,161,4507.235408
140.644228,144,4508.60291
161.567687,95,4509.951288
-64.038132,41,4511.269371
143.565713,128,4512.787345
1235.195909,230,4514.706611
131.079619,93,4515.225281
35.373712,241,4516.555058
699.660643,191,4519.368753
167.31976,91,4519.822172
175.516927,218,4521.886025
134.022764,117,4522.552667
158.387582,105,4523.062187
155.425736,114,4539.432155
202.492185,181,4541.359652
184.613623,198,4543.386452
94.988577,108,4544.405489
206.324119,191,4548.157802
1286.720955,198,4550.328737
196.249939,106,4552.682165
164.295961,111,4553.288679
166.044455,134,4554.914386
142.5379,129,4556.452753
121.098014,110,4557.034595
49.315903,241,4559.998978
150.301579,97,4560.566933
179.169431,159,4562.499744
172.197323,120,4563.716925
188.127105,241,4565.883139
145.439255,117,4566.602459
180.468571,112,4567.275152
230.391023,157,4568.508045
160.423926,135,4570.023888
152.892281,133,4571.626057
139.303962,140,4573.402648
194.708461,178,4576.156155
151.515626,124,4576.743434
166.374402,134,4578.367846
243.525272,202,4581.067638
1319.679185,190,4582.891211
-178.855675,21,4583.022698
132.830303,100,4584.119952
-99.391023,1,4584.134951
167.307213,156,4586.643958
120.739257,155,4587.705437
169.47174,100,4589.155899
152.147239,138,4590.368954
174.526438,170,4592.283867
150.364201,94,4593.788225
-59.047949,1,4594.720468
200.759945,174,4598.21188
176.648417,128,4599.686214
190.277993,140,4601.360361
141.57027,168,4602.291977
158.654992,194,4603.406426
234.499217,175,4604.479094
139.770941,86,4604.955088
185.496189,139,4605.701471
175.939691,146,4620.772044
185.744467,173,4621.742774
120.364813,92,4622.251637
173.912388,118,4623.868241
121.136154,241,4627.068602
250.417086,174,4628.544397
166.022208,116,4631.360841
195.152831,154,4632.050878
143.321787,98,4632.50533
195.970942,137,4633.174568
208.931492,178,4635.228628
175.429926,131,4636.085601
436.633661,241,4638.35535
146.863698,134,4640.539082
155.320554,152,4641.405133
173.480101,146,4643.912702
157.181989,143,4645.851488
138.575895,101,4646.307955
183.546541,109,4647.009393
1055.711945,241,4649.273433
172.617069,116,4650.005679
153.036167,132,4651.586098
150.272588,84,4651.913509
206.243013,129,4652.577061
202.423632,155,4653.406695
159.997261,89,4653.90055
187.681898,162,4655.758028
1261.516712,186,4657.66667
136.605989,116,4658.89828
147.552384,93,4659.526625
155.526151,145,4660.386885
1324.108184,241,4664.914919
222.538599,176,4667.511743
150.634618,121,4668.058493
119.836257,85,4669.491425
156.006775,93,4669.952629
162.685333,102,4671.440829
122.128945,117,4672.103066
209.561989,171,4674.917683
219.210541,175,4676.606129
1304.793338,170,4679.22167
171.979296,126,4679.952066
163.481518,91,4681.350983
219.279741,147,4683.447403
161.929614,97,4684.011648
253.389179,221,4696.924142
214.415529,178,4697.905787
125.462162,91,4698.490577
141.373904,102,4699.199544
-127.2021,31,4699.396788
160.107705,76,4699.974398
148.409263,96,4702.516719
164.704257,100,4704.388928
267.807682,163,4705.230912
177.718303,148,4706.096046
122.997473,103,4707.080717
193.409285,158,4709.072055
147.878396,88,4710.493946
187.796597,105,4711.06842
160.266632,157,4711.917439
