#{"t_start": 1770577590.875335, "env_id": "crossing_planes_multiHead"}
r,l,t
-73.063802,62,8.369153
229.992561,241,10.458432
-140.319401,88,11.749719
196.626894,212,12.684807
-52.876632,93,13.898757
65.002377,143,15.304712
-100.035283,77,16.227358
-113.627063,78,16.681012
-87.713679,50,16.983203
-113.326992,82,17.416578
-80.596981,109,17.998495
80.704487,105,19.529541
91.005212,93,20.187887
-225.205219,43,20.503504
575.052862,241,24.672578
-104.262266,25,24.810481
182.750091,211,27.522348
135.638705,148,28.878709
132.171918,166,32.232388
157.985879,241,34.695858
138.581806,161,35.855192
100.818528,166,37.900394
-81.60247,67,38.497659
259.561041,241,42.081761
-130.385456,61,43.549634
6.294544,129,44.144188
-76.276816,60,44.413664
-73.561727,44,44.666316
-83.011149,61,45.020149
-123.090367,97,46.298311
170.451664,157,47.19739
-119.32543,57,47.547004
166.571128,112,49.161624
159.191473,175,51.682754
-152.057702,63,52.497655
72.02722,84,53.34347
-84.869687,51,54.604458
-122.012177,19,54.725437
-85.297796,74,55.1139
179.735688,130,56.291891
-99.723442,75,56.803708
-70.625656,51,58.001122
27.971898,110,58.68481
-52.729703,76,58.955266
169.654024,155,62.071078
177.53559,182,64.80228
107.78114,89,65.515832
118.10401,128,67.29771
141.599954,119,67.923586
14.75624,174,69.643897
-114.360203,80,71.201508
120.150535,125,72.134741
669.066861,241,75.526859
167.310841,117,77.185386
185.977169,114,98.729498
-172.886324,26,98.863446
-94.733238,33,99.00941
177.688947,110,101.299404
186.210272,241,105.369941
209.070767,233,106.414845
141.53578,106,107.010339
239.545293,179,108.741524
130.643184,137,109.520858
119.929924,138,110.550121
-20.211078,79,113.513029
-61.844358,56,113.846904
-74.373921,76,114.424973
163.872544,140,116.574961
234.351403,233,117.964553
-181.644149,24,118.103891
138.78304,106,119.113018
-102.945539,69,119.44298
176.680486,134,120.99873
180.261172,190,124.177679
133.380955,102,124.678883
44.296954,132,126.132435
123.573713,147,127.644821
-171.500999,30,127.788243
-105.366736,45,127.977291
162.924293,149,129.551722
-99.197374,1,129.562971
143.197641,102,129.953133
-159.800002,55,130.183809
143.211271,132,130.837644
143.674158,141,132.269348
-90.90889,83,132.633317
185.357014,173,134.837695
-120.861837,42,135.202061
131.036883,88,135.742818
-123.889292,49,136.025001
-75.427197,74,136.357194
144.094818,159,138.303495
-124.442081,32,138.45763
-109.229231,96,138.918402
-129.56355,62,139.213771
-90.274091,73,139.536009
173.541732,160,140.543653
181.15797,180,142.369632
139.878877,176,144.439788
211.130843,158,145.159788
-220.56187,51,145.414911
72.450773,138,146.087396
-50.391476,142,147.04581
-61.346084,1,147.94306
171.313541,190,149.033227
776.648131,241,151.846695
179.659145,189,154.401292
188.002579,173,156.443951
76.406756,124,171.416486
131.573644,112,173.278457
171.960692,155,174.911645
201.008956,185,176.383518
-146.306958,70,176.736801
170.611427,180,180.775493
-117.822129,49,181.000798
-24.211387,7,181.992536
179.995293,150,184.410105
95.542085,121,185.997927
151.509689,138,187.477658
49.867558,131,188.152202
151.320954,141,189.210571
133.283103,76,189.543778
116.881989,106,193.447719
211.771042,183,195.470791
207.349654,192,196.42325
133.025826,83,196.916832
162.395682,133,198.425022
112.116714,123,199.029247
141.80936,161,202.228859
151.913976,129,202.768899
209.403133,240,205.889036
184.951308,167,206.672091
-191.948006,22,206.770145
151.629417,162,207.46135
137.977901,159,208.170967
140.713873,118,208.673977
141.093715,131,210.344516
-94.348065,53,210.875494
170.072948,154,212.028863
186.19417,148,213.254782
69.830249,160,216.932578
128.174812,116,218.397414
219.230222,203,219.432686
172.867731,121,220.891808
161.304733,142,222.495424
153.434197,129,224.996518
133.488704,167,225.859617
102.75928,113,227.316839
105.662321,162,228.042234
154.007074,144,229.808945
159.445789,172,232.350014
70.425219,117,233.960228
-73.513647,62,235.07682
151.253404,132,237.13612
189.967711,200,237.985433
140.434587,113,250.684062
125.821401,135,251.270755
161.655722,137,251.865843
175.552214,131,252.440674
-85.387754,31,252.619327
116.952859,143,253.278613
208.109978,218,254.419711
145.043959,212,258.407155
223.29681,144,259.922732
121.595665,200,262.285823
-82.837764,74,262.659453
-133.179478,16,262.744531
168.267294,112,265.883815
187.601334,160,267.825616
170.156147,176,268.643192
145.819128,78,269.882679
173.860607,126,270.476061
131.995709,104,271.052207
28.145449,138,272.39196
1170.556528,241,276.349083
154.766161,173,277.925172
-156.631158,34,278.081878
119.658137,120,278.561474
-143.665069,68,280.614639
129.650221,119,281.132997
169.332408,187,282.90858
196.865,179,283.860995
130.95486,116,284.386142
140.272899,111,285.731071
-94.464945,73,287.338158
160.444596,156,288.001296
-135.777004,27,288.143194
-277.188348,44,288.343268
178.777718,188,289.29718
182.533334,156,290.066678
184.294703,163,292.608347
231.766023,173,293.670341
108.069506,49,294.828756
136.804486,127,296.396665
180.949628,129,297.083333
-96.105365,62,297.418014
-118.343636,70,298.971249
189.699901,118,299.501197
138.990331,150,300.243729
149.953945,86,300.65649
185.30482,179,302.431028
180.910012,153,303.125423
156.294926,44,305.491685
213.564915,148,306.984398
996.340398,148,309.708577
159.663207,144,323.518023
208.212551,216,324.687212
86.136259,104,325.245643
-110.455312,38,325.467728
195.15764,183,327.924558
190.079956,165,330.950417
166.149909,198,331.850806
194.092756,159,332.605675
175.239013,98,333.16998
114.940443,89,334.584199
238.161063,185,335.532369
29.81374,145,337.583827
205.051978,137,339.045177
199.595127,115,339.491949
166.772758,170,341.185669
199.016631,190,343.611415
154.746907,86,344.055703
-3.165093,88,344.551003
220.463464,198,345.467082
219.425174,212,347.377806
138.484239,175,349.023282
245.14026,201,350.593782
228.602497,214,354.377363
162.637937,184,356.26954
153.528247,241,360.069203
197.624832,164,361.121116
171.277411,114,362.933751
137.267229,108,363.78861
107.490296,128,364.52491
163.235045,160,367.913847
85.347299,118,369.43745
244.306629,49,370.556003
137.503516,100,371.055213
212.944598,196,372.113411
209.756857,162,373.803744
157.828224,154,374.484825
1194.446968,241,376.599185
155.451659,121,377.507557
131.312745,121,379.928831
147.469739,139,382.326239
-209.473718,32,382.502178
122.287186,80,383.880661
210.342472,223,395.174185
158.117403,165,395.988371
190.818471,177,397.729809
78.781328,99,399.42655
176.344465,238,402.328366
92.269035,94,402.948283
183.548568,109,403.506087
160.593588,184,405.796607
168.856836,145,409.308193
147.334189,129,410.933299
159.12309,122,412.494363
106.573569,101,413.463783
137.107164,117,415.226777
151.327268,173,415.975098
-59.208002,1,416.944844
140.722683,104,417.642972
151.369159,207,421.990594
204.973254,196,425.115268
169.546584,150,427.543211
110.851698,145,429.220626
163.105739,142,431.946827
184.433022,189,432.823598
148.106228,102,433.303922
140.679794,154,436.837058
115.173328,95,437.237221
133.728091,100,437.719159
165.675114,87,438.099213
182.818025,177,439.311097
157.086077,134,439.964194
191.438502,216,441.822136
-157.605944,31,442.008238
183.776524,197,443.691965
124.170382,177,445.67863
115.42409,83,446.125475
137.348025,124,448.354747
135.311044,112,448.770841
172.095037,139,450.276091
121.845633,180,452.736831
203.868297,172,453.556318
180.063449,154,455.096864
-81.771045,50,455.342066
-142.964947,35,455.487643
173.694145,183,456.820808
180.761802,176,458.479364
-44.580147,99,459.876307
1256.456088,204,462.014948
133.767577,105,474.335559
54.884926,171,475.285302
135.596255,146,476.068783
179.767974,187,477.887889
132.538268,158,479.179311
212.180278,174,480.664189
254.442733,221,482.089371
99.848162,86,482.698456
198.006516,223,483.933123
148.774235,130,485.193851
67.992266,111,486.680978
132.72514,106,487.146921
216.484872,171,489.353749
134.133614,124,490.461403
126.105611,141,494.07402
162.21514,120,494.683961
188.526486,153,496.364911
238.076123,198,497.419248
158.270628,75,498.680763
201.64414,206,499.575881
211.950402,236,502.271249
171.303663,216,503.425618
138.303923,109,504.356947
94.089002,97,504.828783
128.154486,112,506.190733
177.546719,160,506.88858
111.380993,82,507.285594
131.980371,93,507.842308
154.828238,171,509.606324
180.383181,162,510.380347
155.587647,80,511.709001
131.24397,97,512.205691
110.982666,119,513.74547
172.996111,113,514.2681
122.180341,87,514.710094
161.650405,137,515.432252
115.950866,132,516.0427
190.07874,149,517.651889
196.82452,159,518.35212
-365.901199,57,518.612658
226.087818,208,520.022893
131.919674,106,520.484502
177.265783,134,521.178741
153.858086,69,522.41407
128.702799,136,523.325622
192.656728,182,534.384815
160.970265,143,535.918587
146.602305,148,536.502922
184.287946,159,537.116245
194.112892,151,538.134332
-34.328266,84,540.018583
188.953408,187,541.582803
1414.285938,241,546.524611
119.427099,80,546.877602
214.192639,222,548.548694
132.790387,124,549.191382
156.084445,81,549.588059
159.053701,83,550.013934
116.379226,78,550.486041
-58.795835,1,551.603391
191.663113,113,552.767139
-102.577233,42,553.011684
666.330157,161,555.466832
162.641343,190,556.426693
107.965398,75,556.842725
143.697006,133,557.563433
235.597748,211,558.706443
222.321591,196,559.764157
96.661433,108,560.452999
189.085778,182,562.294392
102.179992,128,563.381287
166.797452,179,565.262714
162.181729,89,565.792839
169.563505,101,567.558769
-58.795836,1,568.854571
-100.901409,69,569.450096
147.968881,151,571.130598
166.611924,153,573.456919
178.02234,171,574.087703
1121.459074,190,575.833665
133.592787,128,576.443932
186.391428,171,578.996091
119.105739,89,580.218793
189.169096,162,580.791896
146.254715,106,581.261348
173.188926,175,582.19928
103.404453,99,583.180089
-97.52727,39,583.392578
176.847947,119,584.012935
162.598824,104,585.449205
182.864231,150,587.82282
91.6218,105,588.471228
1068.241071,175,591.180515
90.216322,125,603.341773
141.842191,126,605.857226
166.678282,95,606.392213
183.278297,154,607.533286
104.073399,97,608.132102
190.613779,160,609.503557
132.207999,109,610.020233
181.33813,148,612.954854
104.433531,131,613.566301
-136.784512,60,613.818331
135.477954,92,614.251685
-306.950255,50,615.003047
158.176167,183,616.909132
136.017301,141,617.545746
166.220507,173,620.578124
157.626439,156,621.274297
162.221669,138,621.839703
222.524406,155,624.281409
-94.364917,40,624.497713
157.659563,192,627.303122
153.315446,117,627.742574
158.354349,76,628.026321
171.754486,132,629.738173
118.878317,118,630.97373
158.437682,136,632.736688
-131.483402,56,633.01516
116.73725,107,635.376906
141.666082,95,637.592148
151.037736,111,638.641226
184.93615,172,640.251469
228.413578,185,641.157469
100.400852,110,642.967568
182.662995,143,644.489532
172.244787,100,644.888383
196.681147,129,646.350562
168.856513,100,647.81909
171.012905,135,648.490144
132.822486,177,649.219274
146.773013,113,649.752047
228.490666,156,650.462279
877.470983,118,653.370583
147.684068,139,654.065429
124.384721,135,654.784703
147.745394,115,655.766298
171.181057,87,657.848427
118.844886,74,658.094354
-103.714011,56,658.3644
169.660615,85,662.014216
1096.89201,127,663.541249
141.729317,135,665.084991
313.763894,35,666.087248
190.856026,190,667.95413
169.137226,158,683.880164
117.670759,80,684.333242
141.965414,77,684.701714
225.907351,181,686.463438
127.421876,120,687.375025
135.98429,112,689.117726
84.57141,112,690.794195
218.499956,194,692.007153
303.305722,59,693.304231
185.878575,168,695.925573
159.150704,180,697.976987
130.364303,127,699.576417
180.181444,154,701.400502
138.767737,190,706.490524
159.941523,90,706.89924
193.022327,177,708.811459
157.485985,127,709.476742
172.840903,87,709.932969
323.587404,43,711.039655
1028.283128,141,712.466183
195.039471,138,713.125719
147.179163,99,713.570078
165.95616,138,714.983088
-87.091397,41,716.12236
152.994058,71,716.481059
119.922663,116,717.017676
-238.51514,41,717.246699
178.368821,142,719.310088
136.363671,118,719.884684
152.341836,146,723.13627
141.417294,100,724.310697
152.650998,106,725.624609
114.720453,85,726.983868
194.804324,149,727.572445
151.848253,69,727.880512
219.245253,178,728.72539
147.857298,89,730.022001
225.60942,176,731.690586
168.829106,117,732.179178
1023.602312,172,734.784638
-98.98735,1,734.801679
155.378245,114,736.338109
160.673073,78,736.717222
200.151285,185,737.52987
131.788795,158,740.401194
134.525474,97,741.701477
190.108545,153,742.383997
159.503576,87,742.796533
123.120496,82,743.554843
181.881757,167,745.916171
145.279779,126,746.419189
205.650562,158,748.093534
522.087327,110,761.561329
185.559539,141,762.372581
189.263304,143,763.166154
138.310054,123,763.820286
184.037636,165,764.708057
390.768122,67,766.297572
222.334144,142,767.310313
228.452025,205,770.102287
205.927898,123,770.875267
152.459173,68,771.299236
142.591751,92,771.952862
182.517872,179,774.061814
130.646099,139,774.850356
151.933703,115,775.430528
206.464089,160,776.314936
186.294617,103,778.747409
1025.273927,207,780.64819
138.92159,103,781.105315
143.125501,81,781.578779
137.023961,117,782.20227
178.45509,159,782.940129
215.443072,178,785.019882
169.12628,104,786.127743
180.674741,134,788.152536
206.405992,157,791.586046
167.228544,87,792.318181
188.696936,169,793.19641
148.321331,105,793.79153
183.457772,157,795.775031
147.124359,127,796.484034
165.064363,181,798.347811
461.292305,99,799.793532
122.748279,124,801.210955
205.035393,152,803.868551
226.360676,172,807.310927
163.344845,95,807.683795
184.506469,180,809.451174
-105.544468,37,809.800692
128.372607,137,811.45417
121.051548,96,812.29803
234.186309,174,814.015013
1224.738204,154,817.89055
116.339133,88,818.273947
-193.882786,35,818.445787
-155.398733,70,818.770055
155.967859,78,819.081389
203.419409,188,819.955983
1051.270049,129,821.452639
-98.15708,12,821.519269
186.588869,152,833.674878
154.978264,151,835.384154
1045.032742,195,837.137654
203.132354,172,837.963881
205.421913,164,842.150321
171.486162,108,842.620322
-58.795835,1,843.614837
237.988851,196,845.061447
128.618453,77,845.417899
134.189483,92,845.942634
152.844324,112,847.322716
167.033446,141,849.604292
236.363083,199,851.368375
262.835067,176,853.852409
157.134816,141,854.610391
170.018275,109,856.162969
138.767107,113,856.747267
157.972942,99,857.955356
-64.64779,98,858.355904
8.624154,159,859.967062
163.126524,127,860.539318
165.260889,90,861.017835
-112.159639,60,861.359388
184.085167,140,863.937438
117.692284,102,865.74751
-58.795842,1,866.679929
186.357881,102,867.133212
145.90009,111,867.658138
152.704475,145,868.951458
150.519478,120,870.46563
142.731328,108,871.035179
161.820568,139,872.55919
148.137988,91,872.966405
164.350715,85,874.225967
143.205613,130,874.914046
148.338055,119,875.468366
216.374463,192,877.241196
187.075108,148,878.914411
184.308051,226,880.776174
150.514017,89,881.10517
164.389777,81,882.303329
204.966377,193,883.834652
168.427417,137,884.5346
206.428296,156,886.173045
163.483604,119,886.718288
159.867909,109,888.61622
142.383664,118,891.020487
161.801801,105,892.322937
166.332877,128,892.796574
180.261621,179,894.498266
161.13958,162,907.628779
198.574317,135,909.062184
1152.759368,238,915.438785
203.404583,154,917.223208
181.776628,139,919.106328
206.587523,180,921.246615
179.63423,174,923.037819
118.004765,163,926.595405
207.579605,157,928.094503
195.926582,162,928.841489
149.138292,136,929.561008
164.303836,85,930.776793
171.778218,177,931.624589
150.898077,136,933.160329
94.33753,140,933.807672
121.159655,107,934.354913
183.066426,145,935.895676
178.1202,241,939.661588
141.881387,111,940.674654
165.569261,172,941.642592
139.059945,110,943.092426
212.937967,172,943.803909
156.590467,76,947.499881
133.972062,236,948.649609
-98.501672,37,948.834465
139.699051,120,949.356819
166.531746,183,951.147449
216.464438,177,954.478677
-158.832698,26,954.591829
217.315667,177,955.438036
247.961931,185,957.932042
134.545316,99,958.372301
276.075839,217,960.230801
1468.68246,148,962.276738
149.92412,135,962.873126
165.091957,170,963.616985
-143.921156,41,963.837207
153.375072,115,964.388296
195.541743,149,967.721078
206.95865,180,970.060723
182.173424,136,971.594417
1089.929526,169,975.098483
173.346422,88,976.463469
150.789065,100,988.116097
152.629754,125,989.257077
185.693131,97,990.596457
164.062624,136,991.22031
154.430761,83,992.692857
144.147243,85,993.183073
1410.090246,241,997.451063
158.648575,116,998.007053
194.449151,175,999.166507
166.348696,139,1001.132258
140.781491,123,1001.866068
207.20037,166,1004.553638
185.537198,171,1006.242113
122.527892,119,1006.754892
129.784937,95,1007.190285
122.563041,148,1008.001533
201.493973,157,1008.69309
102.393603,99,1010.053414
133.695636,83,1010.452815
118.509003,155,1012.895472
180.356698,162,1013.709663
139.912471,91,1014.614278
121.000264,115,1015.242549
43.666516,96,1016.607019
211.19947,164,1017.51006
140.625608,115,1020.360623
202.017602,115,1020.831957
226.46324,139,1021.498371
200.94752,173,1023.250105
-80.670886,45,1023.496395
140.356258,109,1024.084308
194.792159,105,1025.529122
170.212628,85,1026.820569
1039.090791,120,1029.894683
103.246338,92,1030.266911
164.533089,102,1030.770586
132.987991,86,1031.156425
205.004833,153,1031.798646
165.075459,136,1032.39996
180.205036,118,1034.34572
138.259869,133,1035.066977
221.583482,173,1037.465587
141.330013,111,1039.232244
124.156022,93,1040.600228
1038.613676,155,1042.084319
1046.714217,129,1043.515417
215.46709,164,1045.215755
149.537719,140,1046.816223
142.028231,137,1047.547432
154.472753,148,1049.196011
180.069887,116,1058.033313
145.701413,114,1058.564802
153.917495,186,1059.528395
124.721454,165,1061.67644
202.936596,204,1063.389271
121.501518,89,1063.782028
178.771673,124,1066.283009
173.58503,130,1067.222448
163.335316,152,1069.249234
143.860263,103,1069.739413
184.560092,145,1071.435996
79.034766,116,1073.850276
175.716632,177,1076.542248
181.94251,176,1077.354048
134.807734,103,1078.824193
101.882241,136,1079.536917
135.023812,146,1080.238217
954.120709,131,1082.479598
200.332506,217,1084.929229
233.549458,161,1087.597908
152.277918,152,1092.675103
127.373511,129,1093.224474
143.48585,126,1093.899315
206.412293,181,1094.790428
177.288954,139,1097.37342
173.53581,160,1098.128184
147.593382,138,1098.99343
156.63068,124,1099.563424
185.855719,148,1101.174777
353.036602,66,1102.357878
153.632631,103,1102.861468
182.537405,134,1104.419875
206.067012,150,1105.902782
106.917029,119,1106.97923
235.810932,213,1109.016298
166.103187,91,1109.424943
156.932185,108,1109.893852
-20.697404,7,1110.900925
149.915352,113,1112.005061
-108.358516,66,1112.382906
229.110004,202,1114.218712
124.996204,75,1115.438644
182.357278,168,1117.129307
173.739758,151,1117.829245
125.511039,118,1118.469714
728.265969,82,1120.587551
-59.650354,1,1121.536305
170.588113,90,1121.909295
123.047879,93,1132.814479
1154.570971,201,1135.448055
130.133256,138,1136.169804
149.692345,89,1137.634619
156.598667,134,1139.094879
151.878001,148,1140.102918
181.39257,140,1142.006008
225.512322,219,1145.192641
161.600722,149,1145.944871
146.111692,79,1146.292185
171.655323,193,1147.266723
249.382495,210,1148.263333
120.983784,77,1149.675895
971.394087,155,1153.198202
135.42264,142,1155.661868
196.080577,161,1156.596672
233.911635,180,1157.45265
179.709089,166,1159.732071
185.777872,170,1165.040805
186.193024,146,1167.887114
-126.072422,44,1168.215392
194.329387,157,1169.747047
163.288924,119,1170.598832
169.58818,140,1171.944232
-62.752457,122,1172.569595
204.652284,118,1174.08811
142.631248,98,1174.588059
174.947068,101,1175.131218
114.258921,84,1175.594449
169.368456,193,1176.572237
215.469672,175,1178.383049
1138.898742,203,1180.377601
134.739336,89,1181.241911
117.529603,74,1181.615498
212.166974,193,1185.468759
152.956176,130,1187.006273
130.771485,85,1187.449543
210.174736,152,1188.160028
198.242968,179,1190.834738
163.894704,130,1191.447437
171.798817,133,1193.87815
153.541209,72,1194.173824
142.082449,137,1194.7389
170.140822,167,1197.322922
110.486645,111,1197.837892
241.19623,182,1210.101411
145.495558,129,1211.720252
190.512547,155,1212.927263
160.454646,130,1215.093446
156.854398,72,1215.65165
125.396026,92,1217.271174
606.189527,80,1218.581295
167.673334,97,1219.36338
175.273198,146,1221.163949
180.503224,154,1221.973263
-103.635279,65,1222.339195
1337.737136,233,1225.760379
216.833962,161,1226.613296
203.65714,152,1229.251898
209.111616,241,1232.205753
935.532364,122,1235.367289
158.480241,111,1236.74772
165.82392,164,1237.948129
143.812615,124,1240.251434
157.59633,81,1240.602003
140.320066,112,1241.094897
116.560998,117,1241.935678
161.127155,137,1242.976804
187.460696,135,1243.523116
141.153437,98,1243.960255
660.67368,59,1245.131976
175.987343,173,1245.968153
145.001857,98,1247.285225
212.92822,166,1248.074574
171.099344,133,1248.680131
212.496969,151,1249.39097
55.778309,106,1250.886122
191.150885,160,1254.277357
126.428083,128,1255.667779
464.946055,99,1257.464361
472.881296,241,1259.48498
186.082498,159,1260.3309
1209.566604,193,1263.555891
182.466025,169,1264.515871
119.375209,95,1265.060828
1377.128414,162,1267.676652
148.472415,130,1268.446952
-25.60972,53,1268.738343
1174.849272,143,1270.343142
173.948673,131,1272.677852
127.167761,109,1273.212981
181.340734,95,1273.671478
210.161175,171,1291.777907
205.90741,166,1293.921046
163.18068,134,1294.831818
123.932084,117,1296.601865
239.862413,237,1300.14036
1068.356094,100,1302.13243
172.946721,132,1303.035601
187.753308,136,1303.801761
5.884051,107,1304.473877
147.503113,109,1304.911403
186.41741,134,1306.589065
213.374248,157,1307.287213
140.400668,101,1307.805512
1374.516387,166,1309.543059
196.852985,148,1313.938342
185.517335,164,1314.693801
186.189923,144,1316.572339
123.963402,118,1318.033468
138.596951,101,1319.714164
153.878358,105,1320.795617
260.902142,164,1323.114278
216.76508,229,1325.100906
181.708481,117,1325.740558
-152.636459,26,1325.855904
127.081322,241,1329.057945
183.716693,133,1329.656258
1369.56401,164,1331.603031
144.123979,105,1332.157879
169.497496,162,1332.982351
158.949506,123,1333.663573
174.553185,171,1336.46425
-45.143651,90,1337.405983
158.35811,85,1337.957381
994.39339,146,1339.557304
93.370986,110,1340.120382
159.158208,137,1342.22596
-35.098756,67,1342.564301
109.938196,80,1343.023425
156.446747,117,1343.595994
111.607101,93,1344.05515
76.096211,111,1344.638962
167.635378,89,1345.093154
234.310291,181,1346.874649
144.093671,124,1347.511831
-81.830571,59,1347.79949
185.244019,146,1348.461922
257.111062,189,1349.599174
165.137555,153,1362.973476
232.538056,170,1364.370194
176.090195,126,1365.904681
116.438453,75,1366.326779
131.45407,108,1367.375677
192.32593,158,1369.485781
-38.473712,81,1370.20434
125.194069,157,1372.217451
187.896786,143,1373.183809
144.189515,119,1374.15211
159.413761,83,1374.607081
148.368702,151,1375.283435
186.622867,137,1375.837373
-59.236625,1,1376.759285
179.498548,140,1379.394024
143.397872,88,1379.866176
-15.239593,134,1380.525792
154.645512,104,1382.080129
174.657867,162,1382.925221
203.072219,164,1386.451484
210.636208,139,1387.221904
171.545369,93,1387.712494
821.702682,98,1390.536878
163.376277,138,1391.180798
199.751783,149,1391.895274
170.852663,132,1394.362948
146.425762,135,1395.164638
172.464692,185,1397.121209
168.122789,80,1398.599737
1338.94236,187,1402.679486
141.288784,128,1403.295875
110.332104,119,1404.856685
876.216093,117,1406.336705
168.392888,124,1406.954672
213.256702,176,1409.189331
260.08957,191,1411.964245
-110.235694,33,1413.317999
155.712684,95,1413.732091
171.378866,157,1416.365846
150.013459,123,1417.869003
205.777967,162,1418.575686
187.539886,166,1419.412753
161.162614,137,1420.136761
149.114676,95,1420.588326
198.219618,108,1421.190056
1339.135108,130,1422.747186
143.216856,107,1423.303118
1052.247536,169,1424.839671
238.750907,232,1426.749376
168.592706,156,1439.729538
173.982438,144,1440.457545
199.037906,157,1441.238202
147.47757,102,1442.618255
168.892907,128,1443.637987
264.743555,169,1445.655662
163.218181,148,1448.316088
160.775702,89,1448.826428
170.635292,89,1449.468832
174.302049,126,1451.012826
185.741337,132,1451.647405
159.172155,173,1452.541508
976.493667,190,1455.327001
187.466681,142,1456.986093
158.589371,143,1457.735949
136.959018,113,1458.787912
-152.722529,33,1458.934166
135.552033,103,1459.479858
144.929821,107,1460.846556
220.664917,173,1461.715594
151.436797,91,1462.3704
184.418072,142,1463.867836
140.693219,137,1464.67927
130.504107,120,1465.302664
157.991113,100,1465.797379
150.450331,107,1466.32568
131.98816,128,1467.065321
149.160976,103,1467.650974
190.741019,134,1468.399988
181.249586,137,1469.117035
187.477962,131,1469.754169
111.827213,112,1471.258467
-74.240068,58,1471.570985
201.898827,140,1473.702141
185.375971,143,1475.155761
162.411954,156,1475.996993
972.297882,188,1480.006228
223.286159,194,1481.658863
165.323825,89,1482.080686
215.806337,177,1483.832296
116.13988,86,1484.247957
158.388884,113,1484.98968
152.383895,114,1485.611187
232.774963,178,1488.333349
126.680952,83,1488.791785
240.123062,211,1489.882492
197.165424,226,1492.631894
190.938023,162,1512.22854
171.931824,197,1513.27096
136.585351,121,1513.950206
235.60761,165,1514.850022
145.338862,111,1515.375889
155.300799,166,1517.571219
143.8297,96,1518.271709
166.614721,132,1522.283177
202.640676,150,1523.177232
223.100273,166,1523.922788
169.312296,165,1525.868514
150.79495,104,1526.32686
142.547897,149,1528.060338
127.823108,116,1528.720569
194.208803,155,1532.53616
175.025133,110,1533.404032
208.823623,174,1534.546284
928.458179,122,1538.94581
185.416678,170,1540.720649
1454.898469,160,1542.466035
198.510609,146,1543.249056
146.658734,159,1543.989712
197.471226,169,1545.691244
183.686358,134,1547.198526
144.222974,96,1547.598589
205.030308,180,1549.404405
191.086528,101,1549.852579
172.771775,190,1550.795138
152.898131,107,1551.779012
193.43985,162,1553.318438
246.538368,172,1554.162988
125.834107,99,1554.616965
266.4927,185,1558.23594
187.266395,130,1558.818708
123.568926,107,1560.233443
933.602989,110,1561.546221
189.104741,161,1562.307331
171.552669,122,1562.856188
-181.89343,41,1563.066465
233.619912,151,1563.757808
-27.192564,94,1564.196314
128.387767,85,1564.515109
120.665185,90,1564.946275
139.311054,135,1566.524293
132.618565,110,1567.421532
165.406493,113,1569.626895
180.234486,189,1583.276436
120.45966,74,1583.682162
150.765163,139,1585.39654
118.301455,86,1585.869818
138.76938,112,1589.088769
229.912997,175,1590.825254
166.965298,118,1592.412487
237.599522,185,1594.289101
143.272278,93,1594.727954
-121.481155,75,1596.020138
137.705312,95,1596.484352
201.647372,149,1598.151368
1017.634653,120,1600.417765
1046.453125,241,1602.456839
123.317795,92,1603.359483
208.018051,181,1604.260177
161.421559,79,1604.663873
169.032639,150,1607.539866
-176.232881,26,1607.755057
159.422383,155,1611.061548
157.704788,183,1612.002444
167.787619,88,1613.302064
157.834993,91,1613.742027
208.484041,147,1614.439744
152.361984,69,1614.733154
198.891536,181,1615.645769
209.526943,173,1616.621489
198.078972,176,1617.570983
164.480996,149,1619.191902
160.62146,139,1619.804363
159.309732,136,1620.884442
88.906666,139,1622.520552
133.462897,114,1624.180216
122.332248,126,1626.561999
262.90471,22,1627.58437
218.482887,180,1629.375052
214.052891,187,1632.038869
83.811072,167,1632.802519
135.761092,97,1634.184627
163.304616,75,1634.556748
147.385072,102,1635.897444
-59.236731,1,1636.790017
164.498829,143,1637.600999
134.668642,112,1639.036832
121.23423,150,1640.637502
-58.795835,1,1641.532944
254.524473,15,1642.459434
176.29662,150,1644.032524
177.80621,164,1644.787968
-120.005669,80,1645.734218
669.361785,102,1647.176515
1369.778611,163,1661.360495
-80.54603,85,1661.856571
1120.778964,241,1665.985048
143.075061,141,1666.959502
64.600384,241,1670.790353
170.721877,93,1671.49624
188.17977,154,1673.119843
115.104139,119,1674.592755
127.986674,118,1675.188498
160.063416,157,1675.922196
173.817226,96,1676.468405
177.720864,93,1676.962311
177.67103,182,1678.338253
188.877102,147,1680.790237
1056.531365,141,1683.344889
181.123271,148,1684.355984
175.819721,91,1684.838813
203.215496,166,1686.550106
127.912769,93,1687.781362
232.42428,171,1688.545603
128.971678,93,1688.956093
151.839993,114,1689.577813
131.633301,89,1690.074525
155.476522,135,1690.829935
174.97327,102,1691.287372
928.513233,164,1694.722679
190.2145,103,1696.191269
140.160061,90,1696.571714
73.341163,100,1697.889867
125.736834,100,1698.861519
170.802758,108,1699.319958
200.121513,120,1699.86577
137.320999,88,1701.28124
175.099742,145,1701.967197
135.693033,99,1702.665291
172.363842,138,1704.273304
167.089773,119,1704.979136
106.905763,110,1705.560752
185.699054,147,1708.103103
131.897134,107,1708.644528
1572.036302,183,1710.431196
132.529074,84,1712.523965
152.827778,141,1714.296708
143.67833,96,1716.158055
144.511646,114,1716.714328
1063.712219,100,1718.20587
178.33335,155,1719.793553
258.605131,195,1721.627073
180.180636,90,1722.101472
270.394214,189,1732.462259
165.136107,168,1733.413379
124.555448,78,1733.750732
174.395272,146,1735.165859
1418.495101,241,1740.161266
130.783652,84,1740.684737
210.29224,157,1742.592786
-101.786359,26,1742.738154
118.132947,107,1743.283859
882.993333,181,1745.138193
183.167434,136,1745.756795
168.663081,96,1747.16121
876.996718,155,1750.102938
191.858239,101,1750.556113
153.296008,127,1751.053719
193.606251,162,1751.984436
145.596003,101,1752.642144
1207.348087,143,1754.783337
72.881361,241,1756.26179
176.074314,122,1756.877363
129.315345,109,1757.532497
120.330782,77,1759.042293
169.187029,134,1760.54909
383.826735,53,1761.866056
168.993321,119,1762.401376
163.959873,140,1763.923167
233.710539,150,1765.591827
180.786653,151,1766.402272
173.118539,87,1766.959908
209.201826,156,1768.37473
256.667094,170,1770.207044
170.236895,171,1771.14246
122.994802,150,1772.554981
137.423784,100,1773.735691
239.922123,170,1777.334092
135.434721,98,1777.797758
214.755747,121,1778.354927
158.549337,79,1778.750245
222.256746,200,1780.669381
177.467606,163,1781.653953
144.647148,144,1782.456756
211.28812,166,1783.417143
165.045738,152,1785.10851
109.066447,95,1786.152099
869.634714,128,1787.86389
200.068886,114,1788.44114
192.059024,144,1789.407344
208.923023,167,1803.532611
150.540159,118,1805.053879
128.908167,81,1805.473358
116.84643,117,1807.964718
811.194629,174,1811.342393
145.75833,176,1812.757226
163.48839,87,1813.16306
208.489912,122,1814.594346
135.064084,110,1815.155721
186.005143,196,1817.014746
117.336633,83,1817.444761
157.125993,95,1818.063078
164.860447,125,1819.126132
136.15637,117,1820.730512
164.871389,131,1822.208114
259.151238,193,1824.078723
150.01467,106,1824.63146
160.624647,120,1825.282338
220.059713,188,1826.235407
160.757637,111,1828.581218
1128.794496,120,1829.925253
160.341442,123,1830.426015
191.190788,156,1832.028025
181.659957,165,1833.698218
114.015844,98,1834.140958
220.654139,189,1836.133975
234.791682,182,1838.366808
1092.151671,184,1841.923554
117.733353,241,1844.073034
96.47486,115,1844.715284
177.733131,156,1845.554166
215.710212,173,1847.389571
175.42676,147,1848.127319
178.7129,133,1848.724127
171.571117,107,1849.280256
-25.645567,95,1850.664744
170.269,86,1851.06433
-24.272469,85,1851.497773
183.407936,128,1852.096986
148.952782,143,1853.682122
180.10573,152,1855.199231
145.825399,98,1856.561849
137.689266,99,1857.545929
163.629568,123,1858.12118
149.315328,123,1858.673798
254.023763,181,1860.398542
130.192716,143,1872.427649
129.191985,84,1872.922097
178.611488,128,1873.611387
169.861342,118,1874.326837
184.840915,145,1875.03918
148.050006,96,1876.766687
160.071112,122,1878.143813
215.851081,173,1880.479939
141.601135,104,1881.99815
1225.04594,241,1884.088244
125.070944,102,1884.605312
188.576767,120,1885.674976
128.675978,89,1886.134401
193.181029,143,1886.832516
195.84369,131,1887.604459
264.027272,194,1891.535724
-159.790921,47,1891.827566
148.869495,113,1892.467854
159.518661,77,1892.929602
137.934897,100,1893.50784
198.546965,143,1895.211994
220.555302,167,1897.050043
187.219972,208,1899.431909
142.369145,132,1900.416283
186.685002,141,1901.181199
173.722308,144,1901.991582
192.059717,168,1904.205328
202.481411,111,1905.691078
171.515782,175,1906.486428
165.788096,85,1907.869604
154.976633,144,1909.067605
147.186348,105,1909.672771
157.851951,163,1910.578199
157.454679,122,1912.163683
114.07296,91,1913.559547
136.663893,108,1914.05437
320.64756,40,1915.121033
146.573553,119,1915.744698
140.906291,143,1917.520311
179.69081,144,1918.294298
174.411157,97,1918.75069
208.831373,124,1920.192717
179.048811,127,1920.907361
205.146437,135,1921.570198
258.905059,170,1922.780609
158.941917,145,1924.554183
117.998193,73,1924.923197
160.818884,111,1925.482485
-149.452501,79,1925.902442
196.06398,113,1926.510572
183.373002,164,1938.922248
599.491561,72,1940.170087
587.116268,229,1942.525857
121.45697,107,1943.894313
184.664941,149,1945.322241
100.742172,125,1946.222063
181.535959,96,1946.756491
232.671886,188,1949.096817
170.451663,233,1951.2451
685.551708,78,1953.02206
152.826225,117,1954.512435
202.68627,147,1955.249481
140.934497,99,1956.967162
145.030909,100,1958.062052
196.399707,149,1959.014307
-172.156379,29,1959.228852
229.571886,197,1960.529769
138.251388,161,1962.333455
201.786832,143,1963.874488
176.656981,143,1964.535891
188.316496,153,1965.277776
139.582561,98,1965.815298
164.501138,167,1969.146275
162.196665,92,1969.585948
227.679063,176,1973.178159
258.812339,185,1975.38967
159.955751,82,1975.741632
177.542008,138,1976.482836
264.603718,172,1978.781965
236.435493,183,1979.837927
220.179988,170,1981.652409
172.001154,137,1983.122439
146.108651,110,1984.527073
143.783616,72,1984.846468
198.961982,141,1985.493556
150.850596,114,1986.902568
164.092793,100,1987.39202
1166.769862,156,1989.041002
134.077957,99,1989.586713
103.948255,131,1990.342964
139.141798,241,1992.027494
183.635832,166,1992.87826
225.06094,196,1993.94784
-188.000743,35,1994.171933
212.332364,162,1995.928236
161.092686,78,1996.612841
171.491031,163,2005.240458
164.18732,107,2005.780403
505.116411,104,2007.238255
137.694599,102,2010.434153
220.152182,172,2013.528272
158.178528,138,2014.613133
1161.53033,161,2017.091665
212.182228,120,2017.661902
-132.729876,30,2017.838567
169.454145,120,2018.33145
166.507818,95,2019.204338
-200.471651,58,2019.515509
172.550217,95,2020.922339
1370.089419,233,2025.515234
213.136073,160,2027.16002
173.194858,129,2027.789141
139.843341,112,2028.302761
228.057782,178,2029.166475
146.63746,102,2030.551376
205.448538,147,2031.273837
179.254024,128,2032.862732
157.936541,91,2033.408691
207.104239,157,2035.096106
210.227375,215,2037.053792
244.833069,194,2038.507549
154.979146,105,2039.125737
169.502232,136,2040.685765
166.087569,128,2044.003678
190.276244,103,2046.297259
1091.654162,202,2047.987885
258.403228,195,2049.815262
-98.413862,71,2050.221027
239.724066,174,2051.118405
218.142518,122,2051.726845
176.904828,121,2053.238587
220.931492,174,2054.106597
141.34349,110,2055.590165
217.835176,161,2056.442709
123.983308,76,2056.764842
172.953441,119,2058.261006
129.524657,86,2059.149213
225.263239,167,2061.608237
157.501589,85,2062.995602
145.09085,145,2065.126767
176.403466,150,2066.77151
184.288454,131,2067.548433
186.724064,178,2070.33587
182.889062,140,2080.034071
189.443934,150,2080.861156
108.438881,81,2081.508562
158.71277,97,2082.239888
132.575661,119,2083.930169
163.139827,145,2085.29032
210.816547,151,2086.388295
233.648482,179,2088.592645
218.890708,194,2090.787562
159.340579,183,2091.911687
1356.971105,169,2094.340701
131.658472,120,2095.779302
100.167907,112,2097.809933
164.280528,138,2098.377919
143.011392,124,2099.83456
149.361208,96,2100.381309
140.29949,108,2100.982749
202.409667,186,2103.671965
157.376135,96,2104.114273
179.010737,149,2104.857489
109.445054,97,2105.261002
193.75611,144,2107.668537
117.997693,133,2109.205038
191.508289,163,2110.410169
144.391377,138,2111.941994
163.666246,87,2112.350563
152.670812,103,2112.824287
208.640999,165,2114.471453
162.749218,114,2116.701632
248.470096,207,2118.356875
198.789649,142,2121.09166
177.962563,148,2122.728858
239.337644,174,2124.767288
160.23057,131,2126.543042
147.965647,136,2128.174234
169.236547,84,2128.640374
166.345529,152,2130.500264
160.73154,118,2131.973204
150.500271,121,2133.060087
144.630129,156,2134.860762
196.505384,157,2135.625085
115.555794,146,2137.184214
191.555001,179,2140.649628
1190.197523,241,2143.497372
166.474982,135,2156.13528
-59.21299,1,2157.299395
149.574947,97,2157.817548
200.519478,167,2159.594134
201.875601,169,2162.087877
225.688333,190,2164.07379
175.343673,127,2166.227624
141.6028,162,2168.072522
170.549813,155,2169.208461
243.495804,186,2170.178467
203.079566,125,2170.889516
141.710151,80,2173.960425
95.620518,161,2174.910909
161.569431,131,2175.733214
169.099574,120,2176.414339
233.680652,161,2179.166173
146.716112,95,2179.614648
122.379253,73,2180.010336
164.769944,154,2181.764779
228.186391,178,2182.568371
141.84075,159,2183.43413
177.484427,130,2184.109425
150.678837,86,2185.461319
150.191283,69,2186.619744
160.697736,86,2187.456211
150.632125,148,2188.298019
166.672697,75,2188.651178
190.253944,165,2189.474312
218.593131,172,2190.492491
148.133084,123,2191.51067
179.17346,95,2194.308053
191.214742,139,2195.000087
137.02286,120,2195.628014
209.215639,175,2198.271669
232.453186,166,2199.098938
1283.927557,200,2201.796804
207.095453,148,2203.430632
232.93911,162,2204.29231
190.354391,154,2205.654451
169.149033,127,2206.469192
166.172153,117,2207.10907
172.307528,155,2208.106016
152.757392,91,2208.660701
181.93206,153,2210.435108
165.984777,152,2211.409465
125.797452,78,2212.694408
624.555138,96,2214.081243
207.320669,155,2226.345235
127.587519,79,2226.697948
160.441273,155,2228.511369
1020.190767,94,2229.923539
178.124101,130,2232.076953
228.749898,207,2233.387152
173.349609,122,2234.214752
1000.82998,146,2237.435825
164.95648,153,2238.19049
1161.670603,190,2240.839515
157.212161,157,2243.494754
183.113537,95,2243.980023
211.831798,167,2245.97196
214.659026,154,2247.633507
218.490355,183,2248.569816
176.052763,89,2249.909278
-58.795835,1,2250.814237
174.388427,88,2251.169585
173.321866,190,2252.883306
156.437996,128,2253.494098
136.351404,158,2254.159828
223.890484,168,2255.750883
177.500185,166,2257.147262
165.538777,113,2259.362774
205.405296,175,2260.211852
130.536285,116,2264.104069
163.034951,144,2265.134282
127.753398,115,2267.588127
159.894358,104,2268.532923
168.915215,150,2269.393863
174.556762,171,2272.26656
152.745013,180,2274.051104
199.923131,145,2274.702245
153.38389,121,2276.963196
182.679443,132,2277.636398
164.210511,153,2279.285405
181.676136,107,2279.83015
162.210375,109,2280.796825
175.445253,126,2281.400278
165.196268,79,2281.7978
189.775359,163,2282.672823
127.695699,80,2283.033379
214.114459,155,2285.385742
128.100853,129,2286.101599
1037.245904,140,2289.410554
204.826568,208,2291.128704
185.367075,140,2302.48679
250.726476,164,2303.362924
247.486513,157,2306.911134
205.914856,188,2308.613345
165.69494,121,2311.342006
163.600808,130,2312.517026
127.848186,117,2313.556983
245.342655,186,2315.355976
129.778034,92,2315.853831
216.715793,161,2317.270612
200.438762,153,2320.056472
141.087009,104,2321.488074
256.10031,197,2323.191235
145.854789,93,2323.66409
171.053867,106,2325.046797
128.916405,122,2326.467834
175.195231,138,2327.07481
128.605209,89,2327.480462
158.850608,125,2328.900398
173.278887,126,2329.428582
204.168717,161,2330.092004
161.277293,102,2331.125619
168.223544,140,2331.921047
172.507196,157,2333.791968
205.640594,154,2334.642591
167.747468,124,2336.734959
148.086606,199,2337.900325
1314.617974,215,2339.876833
221.764069,205,2341.63582
196.446688,109,2342.108638
190.744067,145,2342.762856
181.204671,128,2343.476037
203.478956,171,2345.337146
150.076594,114,2345.895391
135.428179,86,2346.400775
155.804495,96,2347.292233
152.229731,119,2347.931904
158.64091,128,2350.442987
183.929237,166,2352.269704
180.392417,161,2353.965506
196.348115,172,2356.55467
160.84131,111,2357.052003
142.202662,186,2358.848554
145.751072,141,2360.379895
124.218144,83,2361.654256
158.465105,86,2371.077145
234.821626,179,2372.008761
192.021699,164,2372.733933
158.385539,118,2373.339052
149.422437,95,2374.840413
1180.11469,146,2378.051084
-66.680861,6,2379.182584
153.1358,173,2380.064872
-122.871282,40,2380.290868
179.081114,137,2382.770346
160.998389,136,2383.722367
241.461402,187,2384.728844
-86.647868,185,2385.796848
208.242825,162,2387.053602
1070.054692,208,2388.920423
185.24534,119,2390.404722
185.904246,159,2391.108078
127.453011,96,2392.411915
-121.910543,47,2392.608351
141.595787,134,2394.008631
192.859816,137,2394.634773
146.445713,107,2396.490317
165.876641,108,2396.988492
187.494743,143,2398.501755
136.789735,92,2401.199243
143.674461,116,2403.117556
246.145165,182,2404.191984
1239.702628,173,2406.920969
125.970839,111,2407.445341
220.920454,174,2410.284043
232.90858,187,2411.257531
972.740701,114,2412.65847
178.365939,128,2414.199588
170.406956,87,2415.424623
172.273126,127,2416.02542
228.237383,171,2417.07786
157.355022,93,2417.662223
120.607727,241,2419.507364
159.904942,88,2419.942371
137.153401,130,2420.627955
146.466078,85,2424.16569
205.879948,159,2425.487963
156.056368,114,2426.162197
217.992322,122,2426.9084
206.217701,151,2428.530934
166.354551,126,2429.994415
163.787046,79,2430.340902
227.302843,130,2432.693212
160.899258,100,2444.439836
159.012523,112,2445.093527
224.996205,178,2446.201066
1157.038892,190,2449.550378
181.41411,134,2451.335739
166.664827,118,2452.889575
149.09134,90,2453.328297
189.207305,179,2455.930546
165.327813,122,2456.599306
116.237171,115,2458.174302
208.795582,202,2461.314985
175.068691,177,2462.294281
30.292275,132,2463.807025
202.504842,172,2465.582861
139.586166,184,2467.318081
163.789081,147,2467.969227
168.88997,129,2469.641735
184.481535,93,2470.16143
1098.673325,202,2473.472727
181.49853,141,2474.207289
162.970342,144,2475.072345
200.36689,174,2475.945933
-98.795836,1,2475.961126
-108.056141,26,2476.214747
867.617845,141,2478.760024
160.232834,116,2479.385569
163.378057,94,2479.912249
219.16371,170,2481.031658
197.099865,177,2482.925703
189.542059,99,2483.321798
203.076248,154,2484.983808
153.481865,118,2485.565743
1324.225154,216,2487.540019
186.985423,149,2489.108432
180.04538,130,2490.079085
1291.074626,227,2492.070642
167.418914,115,2494.018688
180.357282,138,2496.163734
116.818879,72,2498.606423
217.953039,223,2500.735241
159.134093,140,2501.476018
204.299988,161,2502.469321
160.023985,152,2505.224819
160.670153,179,2507.025001
168.027522,103,2524.470084
171.221448,83,2525.962447
178.805603,156,2526.788464
90.85269,133,2527.529966
174.773492,136,2530.021664
237.11274,172,2532.99244
224.10139,177,2534.576701
1366.866631,241,2537.871123
157.029059,143,2538.760446
76.499581,93,2540.391803
213.070744,164,2541.393864
145.081431,79,2542.974667
173.335893,119,2544.401106
166.433722,121,2545.066854
215.483588,122,2546.677315
-101.229667,3,2546.701452
191.280282,155,2547.455448
210.719811,174,2548.505746
170.159791,122,2549.205875
177.540636,94,2549.724474
135.823935,93,2550.800146
189.407254,160,2551.804489
203.028974,148,2553.583849
187.461378,116,2555.691599
143.22702,138,2557.641185
159.97672,123,2559.798029
182.473907,142,2562.609852
210.179881,170,2563.867722
220.094448,162,2565.750104
163.551902,113,2566.353463
168.895381,92,2566.779073
1318.090669,213,2569.580796
164.491366,130,2570.288527
135.441241,86,2570.747453
1079.308921,241,2574.139875
206.202653,153,2574.95611
132.1103,95,2576.391511
125.872476,78,2577.024877
175.598889,187,2579.014485
176.377654,99,2579.637783
-9.048827,31,2580.771041
139.628897,95,2582.090676
163.774565,110,2583.526218
142.978841,137,2585.034516
161.596105,98,2585.547431
134.543781,91,2586.888459
238.880884,157,2587.538218
154.909632,119,2589.014411
157.536587,241,2601.025326
-58.795835,1,2601.94408
166.097431,99,2602.455786
219.425395,190,2604.64326
181.514654,124,2606.544664
191.079917,153,2607.973489
158.36458,103,2608.738458
209.298751,184,2611.195977
137.773894,112,2612.672992
147.39591,196,2615.487537
184.330183,170,2618.05985
223.944066,201,2619.136675
169.714166,153,2620.991022
-172.470973,32,2621.161904
129.346061,81,2621.567505
180.685034,122,2622.451305
170.122263,125,2625.312251
203.708496,163,2628.673649
-236.851516,45,2628.908089
129.749655,148,2630.513665
165.364603,128,2631.521656
1271.426352,211,2637.983029
193.926619,135,2638.631179
232.527624,181,2641.527276
242.785557,145,2642.198993
179.852157,146,2642.979931
133.737824,96,2643.516101
232.583881,229,2644.910594
136.894705,241,2646.449086
102.724532,140,2648.301955
151.597726,114,2648.82252
214.253349,155,2649.513514
164.547032,126,2650.590405
138.888581,94,2651.073059
152.542896,150,2651.92997
159.643275,82,2652.348513
229.062513,165,2654.208746
154.964159,84,2655.246705
126.015355,135,2656.527552
240.069165,191,2658.545638
164.006251,89,2659.063924
210.87698,162,2659.907137
124.630612,106,2660.459078
144.877141,119,2661.033392
62.140563,84,2661.477579
164.872835,84,2662.914955
217.365292,154,2664.473828
1289.932444,241,2681.517474
111.662687,95,2682.535766
164.590369,134,2684.623258
162.644297,83,2685.747683
194.402873,150,2687.27042
147.298354,86,2687.826779
225.892682,203,2688.866374
231.721657,217,2691.467127
135.141118,97,2692.292474
170.918556,126,2693.780706
1189.571381,143,2695.831955
174.401609,131,2696.630175
172.653491,114,2699.28583
149.519211,100,2699.721865
232.821036,182,2701.536468
186.304933,155,2702.273705
155.326563,116,2704.163644
198.280045,105,2705.507653
-143.158764,16,2705.595936
200.064692,156,2706.352974
132.880931,115,2707.251071
177.008432,155,2709.416776
66.044793,142,2712.081588
156.302201,110,2712.628425
135.997605,108,2714.067405
170.837038,126,2714.671212
238.350479,141,2715.269233
161.620683,101,2715.713749
-163.962796,31,2716.78861
191.848638,164,2719.246059
155.766459,102,2719.72178
178.104965,90,2720.183484
151.846705,70,2720.513138
192.839538,144,2722.056179
152.467075,103,2722.598147
149.116669,93,2725.310336
194.037539,141,2725.993575
164.656292,74,2728.23825
138.844484,98,2730.139138
161.53242,139,2730.980862
153.606061,120,2731.632312
166.124145,98,2732.25946
203.982851,163,2734.324163
937.0725,241,2737.075646
162.023424,80,2737.428751
176.088251,149,2738.046492
281.216572,219,2740.228233
143.705779,93,2740.684932
-148.742108,34,2740.899676
1012.790399,189,2754.102448
194.069356,103,2754.652581
126.647199,84,2756.4424
186.611719,147,2758.933482
161.854218,108,2761.41409
140.367231,112,2762.168846
176.303244,146,2764.258252
150.817611,101,2764.821716
184.209421,152,2765.732205
152.7625,102,2767.885021
170.673166,125,2768.823107
185.861431,129,2769.547037
180.873976,144,2770.29029
191.5254,117,2770.780407
176.124638,105,2771.414473
180.542764,153,2773.093376
132.485607,112,2773.714423
148.85042,107,2774.36357
165.945677,124,2775.022954
159.610363,107,2776.156775
189.69045,155,2778.803973
933.566685,147,2782.154482
140.383803,108,2783.687899
134.321117,82,2784.144203
64.961044,241,2786.32275
202.028108,145,2787.127594
170.007758,101,2787.751208
136.789033,141,2788.626483
128.7298,117,2789.333678
176.393786,192,2791.211229
161.116016,126,2791.786485
166.073257,38,2793.663806
-160.769261,20,2793.752777
137.136176,135,2795.093592
131.719155,91,2796.504158
168.556785,156,2797.827173
187.056625,174,2798.81052
143.795945,91,2799.260712
157.047454,73,2800.456974
165.285315,81,2800.81863
165.628498,132,2803.481021
142.288934,101,2805.384811
176.028094,125,2806.937487
198.271746,241,2808.667723
132.238366,105,2811.127972
1039.954935,141,2812.62566
179.321161,163,2813.645332
177.674585,120,2814.46604
141.900543,133,2817.106461
152.970179,124,2819.537129
178.229179,144,2821.458591
165.346297,153,2833.859591
170.528413,119,2834.48145
165.464009,168,2835.391968
219.713779,183,2838.965641
190.763556,100,2839.971936
145.862519,93,2840.850141
157.496869,113,2841.694133
164.702643,76,2842.103436
151.325616,83,2842.53135
145.0547,106,2843.242032
221.893942,169,2844.059218
210.952479,161,2845.772048
189.370323,133,2847.352379
148.028004,150,2848.92133
169.712695,119,2849.482375
119.549219,89,2850.806364
215.095553,154,2853.809189
170.741525,136,2854.45441
158.587451,128,2855.069462
792.155522,170,2857.449238
227.114902,128,2859.286223
143.683757,95,2859.800867
149.793395,98,2861.193382
134.777243,91,2861.633388
139.30078,110,2863.037312
169.116635,157,2863.734269
169.278834,105,2865.116794
1221.251513,176,2867.872445
162.855801,89,2869.26488
165.375508,113,2870.66412
154.260554,125,2871.267732
279.314122,83,2872.596895
204.556723,167,2874.178199
195.818721,105,2875.12698
150.921741,131,2875.875997
202.687657,184,2877.777229
153.482676,154,2880.043045
164.724545,129,2881.410132
187.753271,149,2883.217137
1097.814256,203,2885.115331
96.81428,235,2887.29199
150.792371,110,2888.71905
179.988228,137,2890.280215
126.608333,87,2890.745592
174.756388,140,2891.412857
204.678556,152,2892.899124
204.795511,147,2894.568215
176.55146,125,2906.399711
186.107363,96,2906.847177
178.149761,149,2907.824767
192.342074,101,2908.471136
141.85781,106,2909.070878
167.810954,80,2909.519
175.192427,166,2910.54349
139.874572,97,2911.700928
223.251037,126,2913.569622
-84.112511,55,2913.874732
238.646952,180,2915.797726
199.473925,163,2917.513624
981.066447,217,2920.44692
183.978254,126,2921.002237
156.897483,73,2923.172145
190.602184,149,2924.673941
146.533708,107,2926.482196
1155.019348,142,2929.704146
211.749446,125,2930.729047
102.604295,147,2931.874903
245.814407,144,2932.732127
130.490121,91,2933.28058
206.600122,147,2936.021055
153.8892,130,2936.643184
230.687442,146,2938.141598
139.420811,87,2938.565848
179.276738,133,2940.095325
115.025761,150,2940.922703
82.912452,93,2941.434831
191.820331,160,2942.405062
177.256667,113,2943.055745
-141.032765,71,2944.427054
164.086026,209,2945.890122
186.053349,152,2946.690876
170.937814,159,2947.465779
152.087425,96,2948.921891
201.582809,156,2951.096888
-84.686206,49,2951.776009
197.369327,150,2952.570658
206.171115,177,2954.379731
161.517952,119,2954.902638
159.905732,98,2958.427141
226.497251,176,2960.261952
183.209268,173,2961.042375
153.405363,147,2961.854502
1304.629832,241,2965.662201
141.795171,127,2967.663268
141.320897,90,2976.61422
230.789092,187,2979.285473
222.882154,167,2980.081529
201.756247,144,2980.975493
200.079787,160,2983.833999
252.740074,188,2985.776394
180.729212,194,2987.848062
180.185488,92,2988.279684
169.154742,147,2989.867799
118.936035,120,2991.711123
999.990611,144,2993.367712
151.113411,109,2993.866258
133.22111,89,2994.344133
129.18055,110,2994.973019
226.43217,214,2998.725328
134.542701,84,2999.213719
157.319208,106,3000.966638
164.010544,140,3002.187138
174.342945,124,3003.540993
140.230053,141,3005.739889
165.196437,167,3006.899014
128.194001,149,3007.641866
159.078542,74,3008.024643
177.489342,85,3008.488074
255.087578,196,3010.686513
156.522802,102,3012.181924
167.911852,131,3012.991275
223.933999,182,3014.147552
266.628174,171,3018.121588
257.773116,178,3020.516377
210.137306,163,3022.109584
157.061749,121,3024.013213
105.156723,167,3025.223235
262.225284,162,3028.821968
183.474356,181,3031.452855
856.524845,162,3033.838105
259.459032,201,3034.720639
156.684535,82,3035.250343
171.172953,150,3035.880495
270.481682,187,3037.574652
106.927603,110,3038.142265
157.085346,106,3038.703185
193.481392,144,3040.715903
175.886534,152,3042.458185
1128.77363,155,3056.873774
1378.190504,233,3059.782563
165.493914,135,3061.872646
191.918602,99,3062.550402
152.516289,97,3063.393501
136.097831,98,3064.377852
175.331434,87,3064.899459
171.650704,134,3065.697772
186.535619,102,3068.249653
-152.567398,35,3068.448836
-80.472402,52,3068.744913
202.067436,165,3069.679076
154.938928,116,3070.278399
155.51318,133,3072.862654
-20.072403,7,3073.867007
145.403358,104,3074.423685
182.739097,137,3075.587423
165.912247,144,3076.422984
162.902994,139,3077.228776
159.187729,159,3078.981371
155.879673,142,3080.413854
1062.386317,128,3082.071541
210.513946,150,3082.845909
224.717741,162,3084.79018
121.010807,118,3085.395394
143.474363,93,3085.858307
138.724051,124,3086.578087
143.004151,92,3087.074684
181.513955,179,3088.03952
209.824507,160,3089.811429
144.136211,146,3090.495944
217.694673,152,3091.681447
80.784289,99,3092.222909
162.641216,110,3092.866575
161.822408,95,3094.315158
136.641116,97,3094.908792
155.909693,96,3097.041744
-74.639302,64,3097.416393
148.417648,119,3099.82757
155.943135,116,3101.215261
182.087612,130,3102.604442
224.559838,180,3103.537082
187.232393,135,3105.197529
-65.549181,35,3105.375748
141.437869,105,3106.751262
-61.207531,1,3107.685446
203.856949,145,3109.276589
174.660312,145,3109.909954
154.725138,95,3110.445569
182.188603,130,3111.997147
145.516793,130,3114.012741
199.208293,155,3114.780421
155.697851,137,3116.708555
187.966387,173,3129.546953
206.50698,114,3130.17248
-102.446201,55,3130.479456
208.048825,166,3131.402686
133.045385,112,3133.820735
155.217413,123,3134.723052
150.658679,114,3135.621041
224.339786,160,3136.491599
153.162054,104,3137.103919
216.685825,154,3138.449372
-99.902687,1,3138.675041
170.160643,116,3141.191345
140.789423,102,3141.611948
172.268245,84,3142.861108
268.621479,194,3144.237793
174.352694,133,3144.966673
131.214499,81,3145.502448
228.720207,191,3146.670457
54.35343,142,3147.850348
159.735427,119,3149.304319
161.895854,75,3149.814343
171.58023,81,3151.292445
184.027435,97,3151.754926
203.32043,107,3152.311403
171.950697,94,3152.807414
154.598708,170,3154.530714
152.876059,133,3155.131378
137.716844,87,3155.599279
207.283156,198,3157.664658
-107.226821,23,3158.685858
158.460942,95,3160.011507
138.374956,103,3160.528134
172.985204,104,3163.206917
1192.740989,201,3165.004519
173.096737,93,3165.451199
249.560337,217,3167.723197
164.546237,87,3169.232499
140.161348,119,3169.729083
183.13037,111,3171.17104
150.989094,99,3171.677041
238.594553,201,3172.673707
157.935762,72,3173.08402
216.466955,169,3174.217536
102.886624,90,3175.607764
186.655926,122,3176.257964
154.485488,134,3177.001059
157.488819,111,3180.262963
168.128304,99,3181.055048
238.352951,173,3183.121651
168.33937,113,3183.666386
212.12026,169,3186.748672
1562.426604,162,3198.194788
178.107259,92,3199.611366
141.604495,89,3201.279734
167.748346,79,3202.405263
219.509984,177,3204.54134
114.88556,73,3205.401071
219.067221,168,3207.37256
1033.484098,241,3210.272839
240.432036,178,3211.18314
131.532744,126,3211.85774
166.537448,150,3212.76379
161.978236,124,3213.966211
171.395508,161,3214.849605
131.777697,105,3215.467554
191.069505,134,3216.229187
151.00199,99,3216.679054
161.572996,76,3217.124843
164.588537,143,3220.48501
192.326478,98,3223.597094
189.812239,145,3225.073626
173.608958,110,3227.355454
238.245272,189,3229.118393
253.913666,200,3230.963396
1122.962015,189,3233.555092
897.793762,145,3235.258224
164.696299,159,3236.783407
160.841527,175,3238.210697
141.705413,108,3238.687962
-79.732294,35,3238.832347
-58.795851,1,3239.6996
225.44349,170,3241.422274
165.902,109,3244.736907
203.320511,163,3246.410399
206.738143,210,3247.340698
792.244726,160,3249.05135
126.228084,84,3249.423679
160.431231,90,3249.878224
250.566232,200,3251.804455
260.503199,159,3253.319235
155.952841,85,3253.747056
152.183643,122,3255.278678
177.3278,126,3255.857792
133.638032,164,3258.354148
180.439787,141,3259.107986
152.006686,110,3260.592916
190.80984,144,3261.281571
1291.131126,241,3271.940217
1147.072623,166,3273.689642
128.294679,95,3274.276737
174.649488,137,3275.017941
157.115784,107,3275.63455
167.471907,90,3276.575632
623.462002,136,3281.630299
156.926897,130,3282.501588
175.518104,158,3284.236623
170.709204,126,3284.816855
155.737254,130,3285.670534
211.77653,171,3288.671561
141.928609,125,3289.400255
203.021463,108,3289.93536
162.352349,112,3291.406472
118.604986,89,3293.176995
178.586971,155,3294.819587
148.912854,100,3295.338646
163.564757,77,3295.717904
214.170533,156,3297.490255
167.932811,168,3298.437567
176.094008,87,3298.878645
137.616732,148,3300.58336
164.607802,163,3301.406655
138.771954,164,3302.325213
209.816147,157,3304.948065
188.916466,177,3305.821116
-89.75946,21,3306.410565
135.483643,84,3306.850854
186.988356,175,3308.823121
184.711004,152,3311.447681
158.454861,127,3312.566613
169.21894,121,3313.246805
148.021821,110,3314.790042
192.591286,168,3316.579469
185.774428,130,3318.143531
179.344144,139,3319.723234
142.037337,112,3321.373004
-99.176575,1,3321.384437
170.357793,137,3323.059646
148.695297,104,3324.414738
195.588038,148,3325.946917
135.71847,123,3327.396289
217.944383,217,3331.497842
147.696787,108,3331.941674
-126.252473,28,3332.051992
172.855239,124,3332.606685
155.297614,144,3335.068542
230.583512,176,3337.005665
220.310245,188,3353.540385
151.468731,82,3354.785654
136.970484,93,3355.265541
207.289819,199,3356.626228
146.283944,139,3358.421935
157.476847,112,3359.337963
1054.167475,155,3361.483595
187.843328,145,3363.051859
-177.619403,18,3363.192165
128.026882,96,3363.786622
204.20722,146,3365.537379
191.743882,163,3368.25377
126.941316,102,3368.784252
200.862065,146,3369.680968
155.376729,128,3370.381798
209.398302,164,3371.720354
175.288779,111,3373.907235
130.269357,99,3374.436323
170.218085,83,3375.672953
225.55513,166,3376.664024
238.812971,195,3379.033223
210.505253,154,3380.707939
153.779387,101,3381.19435
198.154999,143,3381.899075
-159.11442,71,3382.219551
193.115589,156,3383.022716
234.810016,187,3384.489472
208.143066,182,3385.513231
179.811416,122,3386.087914
252.899493,188,3388.642143
148.954119,116,3390.34853
162.946557,76,3390.780476
168.222929,124,3392.39341
264.87337,197,3394.307312
168.067808,239,3396.326237
185.27051,95,3397.645048
213.351735,122,3398.209925
184.72165,96,3398.648508
123.988428,119,3400.345858
1420.01717,234,3402.336914
179.903641,130,3403.447829
175.4858,148,3404.369354
94.450248,129,3405.297985
158.59496,120,3406.08624
173.690833,101,3407.940163
223.972834,184,3409.862058
182.558899,151,3419.851297
130.0917,120,3420.596337
156.947671,93,3421.107479
175.961323,160,3421.982364
152.710286,70,3422.389738
140.518016,85,3422.863001
156.197841,92,3423.379836
152.974376,112,3424.556629
153.097041,92,3425.777622
183.664768,92,3427.628859
-40.474195,59,3427.980719
146.707471,137,3428.834805
181.94649,157,3430.609233
123.76028,75,3431.082798
182.274839,137,3431.850996
141.9895,133,3432.63359
163.327918,132,3433.376973
177.010401,144,3435.305332
1516.760731,233,3437.722138
241.716093,178,3438.875497
150.542144,123,3439.703236
165.193,128,3440.591676
116.830453,150,3441.507028
230.892877,136,3443.13446
239.845077,40,3444.153129
171.879459,165,3445.063855
157.882481,102,3445.579955
167.27728,123,3447.576587
199.303504,173,3449.296512
150.692683,165,3451.592918
210.277389,157,3452.890688
162.710141,75,3453.270112
234.898445,147,3455.134867
194.628284,135,3455.888839
1066.753921,208,3458.719426
211.732207,157,3461.316539
240.037483,174,3462.185554
281.092514,199,3464.143846
219.69008,162,3465.030891
134.51738,123,3466.463686
223.160077,186,3467.937403
136.632325,106,3468.537801
183.302062,139,3469.435035
195.675381,162,3471.247669
213.902631,152,3472.294559
165.07802,77,3474.100002
227.276367,203,3489.362631
174.212626,125,3490.909089
124.435355,88,3491.404543
130.211005,108,3491.962642
182.242003,153,3492.827361
183.816769,93,3495.135137
188.677015,150,3496.548652
156.114077,102,3500.785711
1129.28876,120,3502.3741
206.861829,190,3503.410814
168.860029,140,3505.410599
143.040636,131,3506.081644
166.951363,137,3507.859301
194.1899,145,3509.99175
210.302929,155,3511.275478
190.190175,138,3511.958961
201.505292,190,3513.842654
154.539995,114,3514.468098
170.711518,121,3516.777923
147.665497,128,3519.98852
143.995322,90,3520.366369
206.561975,145,3521.910278
148.516613,107,3522.333567
263.369663,189,3524.079785
149.915887,98,3524.660037
210.73247,189,3528.757615
182.703193,136,3529.394521
112.217926,91,3529.962499
153.627421,123,3531.558827
178.109263,86,3533.762892
130.726802,118,3534.421997
203.71114,151,3535.107998
135.187082,128,3535.828772
253.374561,159,3536.642154
228.088467,178,3538.464772
180.212129,127,3539.044082
246.677266,183,3542.604197
-79.480716,22,3542.729102
149.295044,97,3543.231757
167.483431,109,3543.854796
146.312334,94,3545.729533
206.75993,154,3547.117949
173.658396,131,3547.956475
176.486235,130,3550.499001
154.785803,168,3552.251114
1331.418647,241,3555.766111
196.876034,152,3557.452888
139.864138,107,3558.030934
1344.585351,241,3573.965033
216.372864,184,3575.014195
155.157922,120,3575.603479
114.291574,110,3576.145453
157.425136,115,3576.878375
870.785578,136,3579.554281
161.239142,91,3580.572808
147.276305,118,3582.825057
33.269331,118,3583.468261
173.864307,131,3584.267146
1280.12479,161,3588.032425
133.993715,100,3590.559751
179.55238,89,3591.88384
154.318644,106,3592.366398
176.240582,128,3593.801108
207.77382,185,3595.709634
157.63978,131,3597.250749
877.740459,241,3599.277512
130.297738,85,3599.764264
194.929541,140,3602.285911
174.986336,146,3603.844797
247.952895,155,3605.572436
180.876387,133,3606.724933
234.16952,171,3608.521581
225.714394,184,3610.345788
172.917948,161,3612.339167
232.330062,170,3615.62534
173.353313,129,3617.383273
183.832597,163,3618.290417
158.98922,78,3619.708313
169.411147,130,3620.454242
206.922196,161,3621.478384
155.094527,121,3622.268482
183.217744,105,3622.817281
146.707857,130,3624.410664
198.203861,154,3626.129835
163.140449,94,3626.758952
117.779904,163,3628.911557
164.518467,93,3629.445384
176.456288,90,3629.95908
174.800132,143,3630.910424
147.715434,114,3632.062
148.111543,89,3634.844767
397.016551,241,3637.016699
232.093185,167,3637.836651
149.853457,82,3649.717468
159.545168,115,3650.27236
160.473378,94,3651.626347
207.736696,152,3652.451646
163.723213,145,3654.507954
178.229723,90,3655.586367
159.845479,93,3657.654834
1416.961108,241,3661.641208
200.845877,163,3662.613214
177.759458,144,3663.420095
248.649801,195,3664.708121
170.305247,117,3667.186957
167.681199,146,3668.761961
178.647491,107,3669.255626
513.967247,66,3673.191237
195.250249,141,3675.547155
160.069681,84,3675.871609
252.88418,179,3676.706853
1375.262307,227,3678.704836
236.523315,176,3679.669836
195.881597,105,3680.175613
926.736328,189,3682.512335
1106.622021,202,3684.450551
232.469059,182,3685.446613
165.404179,118,3687.530596
180.596312,126,3688.802946
1242.113188,168,3691.552624
216.570222,129,3693.102693
231.542286,168,3693.881324
155.491618,114,3695.413879
149.53612,98,3695.892797
183.123673,123,3696.495679
183.509668,167,3697.507448
-53.348252,58,3697.812306
159.819003,86,3698.252391
265.923526,192,3700.255571
168.246486,132,3701.393587
151.170172,102,3701.9137
167.97033,160,3704.495223
157.61083,141,3706.188461
158.959576,134,3709.31061
166.233632,78,3710.570475
165.491946,142,3711.303374
165.843508,79,3711.753453
103.162715,96,3712.309752
164.341763,96,3712.822029
1249.313963,192,3727.219395
204.379138,144,3728.975774
152.565968,89,3729.362736
134.329567,126,3730.032751
258.511243,188,3731.206044
224.008886,179,3734.191917
187.545789,128,3737.407995
163.819026,91,3738.302198
180.816404,94,3739.151965
124.481931,110,3739.956954
146.759202,106,3740.657111
179.27795,139,3742.450442
-97.768767,28,3742.714722
175.190572,90,3743.245369
1051.431902,152,3745.88433
216.012506,177,3746.86882
181.199549,120,3749.235254
182.110836,122,3749.740626
169.177355,132,3750.446004
180.600974,152,3751.351788
186.608922,190,3752.393918
171.103604,157,3753.405835
207.355521,210,3755.145235
1429.39956,239,3757.158087
236.384824,186,3760.859521
165.449516,96,3761.443507
171.540019,133,3765.029997
-94.090025,52,3766.188004
197.825624,142,3766.90088
188.112454,131,3768.465503
169.983292,115,3768.956448
200.304889,132,3770.567966
151.187581,108,3771.12051
178.564694,104,3771.680895
142.672678,134,3774.091153
141.241703,120,3774.592708
210.341573,165,3775.301613
214.248006,154,3776.710698
230.790291,165,3777.604321
164.847713,188,3779.477323
-38.023252,241,3782.967739
137.797033,123,3783.888379
162.259138,134,3784.652646
173.811657,89,3785.11614
125.122733,104,3785.713656
154.050253,107,3786.376917
150.673649,115,3786.96803
142.166884,92,3797.282127
1230.685022,202,3799.318161
147.547762,133,3800.097244
160.398248,131,3800.803452
141.244945,90,3802.924031
143.015841,172,3806.600081
-203.54469,54,3807.887294
196.57919,150,3808.555506
-62.808652,56,3808.8501
182.473438,132,3809.495502
195.738742,148,3810.972732
188.827579,153,3813.035807
1119.341682,237,3816.615245
138.589153,83,3817.041554
208.485689,157,3817.886933
209.092456,154,3819.505281
105.398104,110,3821.743383
151.324528,115,3822.308802
169.773853,126,3823.706485
184.37037,131,3824.316969
230.265734,167,3825.241632
193.323228,148,3828.364999
158.742666,113,3831.242246
199.45337,147,3833.004187
167.465825,182,3835.762193
143.772965,125,3837.280817
311.856181,29,3838.359278
-81.653379,60,3838.798784
122.158706,107,3839.353009
177.808661,127,3840.03657
167.711879,111,3840.654953
219.983375,181,3843.019882
177.512173,152,3844.606489
227.750151,166,3845.398207
153.074951,107,3846.828007
125.926187,105,3847.36838
165.487902,125,3849.066477
153.180866,101,3850.139282
126.725938,131,3850.876968
196.252803,148,3852.506673
178.853184,159,3855.206579
217.77919,152,3856.923577
168.118155,94,3858.285072
132.012263,105,3860.589951
123.511839,166,3861.426474
196.715555,141,3862.14013
231.273681,181,3863.148253
187.691106,103,3863.74914
939.717067,109,3879.945089
1010.774325,118,3881.394871
178.996944,153,3882.144048
152.96274,116,3883.5731
131.651197,156,3887.706739
206.218808,148,3889.590535
276.583913,210,3892.196668
1437.430881,241,3894.280624
172.179661,104,3896.067182
235.370273,172,3897.803749
127.412787,76,3898.13399
197.43652,163,3898.995618
120.309085,82,3900.24493
76.008035,119,3900.914116
168.879824,100,3901.529147
-98.795834,1,3901.546494
271.640054,185,3903.512837
180.421136,123,3904.082176
133.618754,84,3904.524027
233.208335,174,3906.147836
182.454509,94,3906.951803
148.620478,95,3907.334533
191.34171,136,3908.059182
146.253749,94,3908.593577
147.317572,127,3909.396339
173.240384,131,3910.306135
174.354542,130,3913.524941
180.987744,176,3916.724724
222.660262,161,3919.399947
129.601991,109,3921.334548
124.252422,83,3921.747301
201.007133,136,3923.454805
184.325897,133,3924.212102
120.590161,156,3925.248766
843.148399,171,3928.349634
201.843119,148,3929.052684
174.506348,121,3930.236503
179.899255,131,3931.076804
161.602796,78,3931.612484
154.244369,126,3933.153716
212.827149,161,3935.876273
148.147027,162,3936.658708
168.942456,101,3937.195209
217.59925,154,3939.051374
302.927899,86,3940.495211
126.524891,78,3941.787385
201.130226,171,3944.237344
158.212315,101,3945.621347
177.608976,134,3956.230627
164.505384,120,3957.606947
170.304654,89,3958.89381
210.893558,158,3960.639607
138.083772,105,3963.171318
164.752117,90,3963.835798
153.508588,114,3964.50897
176.407021,137,3965.370875
220.52362,123,3968.58912
175.049959,125,3969.232852
121.550194,113,3969.823938
213.916229,172,3972.031021
131.84804,82,3972.404091
154.553869,101,3973.815914
64.671752,107,3975.333773
187.407337,159,3976.857393
1222.635588,175,3978.507802
1129.519046,198,3980.532649
161.856892,129,3981.27661
156.15399,107,3981.968788
162.691295,126,3983.236673
202.964498,139,3984.035528
169.614322,138,3986.644358
160.70116,86,3987.604373
-81.089727,52,3988.348379
171.544654,131,3989.256832
220.166331,150,3990.037413
190.906928,199,3991.919933
181.047619,129,3992.709025
215.084067,163,3994.671586
191.202984,144,3995.357368
-101.576134,4,3995.385955
167.624963,120,3996.905515
226.469443,163,3997.782221
208.944311,150,3998.678226
157.898547,115,4000.115435
113.498724,127,4000.788783
183.624054,145,4004.531912
199.78025,186,4005.289076
-39.165658,69,4005.597418
182.25104,177,4007.398908
153.850948,106,4009.154112
237.286369,210,4011.264181
162.345044,76,4011.627274
190.528877,140,4013.296255
164.015387,107,4015.549721
227.439203,174,4016.329779
197.206122,161,4017.117698
162.811094,95,4017.586847
171.437788,120,4028.676027
103.184248,90,4029.285116
149.485759,97,4029.824023
158.251223,112,4030.433577
183.040893,93,4032.347375
-43.12813,81,4033.091102
190.070698,133,4034.436546
158.218448,119,4036.450108
167.84458,80,4036.962801
252.338986,204,4041.09
251.776119,183,4042.386396
189.010428,99,4042.980919
235.053464,173,4044.403018
145.409945,109,4045.074705
176.359507,103,4046.677396
182.027825,114,4047.250945
-85.211379,158,4048.202562
195.157098,144,4049.875033
-58.795836,1,4050.787287
179.46818,149,4051.515681
168.911401,84,4051.935351
201.460243,158,4054.198813
124.843219,89,4054.654116
267.817152,32,4055.839351
194.273016,133,4057.656036
163.302672,125,4058.359214
159.623773,113,4059.05519
145.524385,188,4060.07289
209.766205,148,4061.024449
240.513186,181,4062.045653
279.193248,222,4064.84928
172.068805,85,4065.333048
172.973218,119,4066.909523
238.184409,195,4068.810876
223.045544,161,4069.858762
240.777091,155,4071.272329
151.168908,118,4071.981772
195.276739,158,4072.874783
183.20538,158,4074.886149
186.181216,156,4076.652108
223.524673,165,4077.788073
984.283846,180,4080.51426
146.820321,127,4081.195981
226.949432,174,4082.883631
172.79966,129,4084.309579
153.808891,112,4086.709888
169.108945,167,4087.731521
195.126916,152,4098.55118
234.049168,40,4100.290413
294.468465,185,4102.245228
196.664183,161,4104.498797
889.512218,117,4107.829162
192.667081,151,4110.283618
165.891619,132,4111.37989
171.366863,174,4112.554311
217.156955,148,4114.954758
163.069428,90,4115.605745
234.8326,167,4117.53668
138.966394,114,4119.058901
156.366108,101,4119.631302
228.328481,151,4123.26279
195.25803,133,4124.779673
192.774325,148,4125.486991
183.363653,140,4127.180656
170.950668,101,4128.511101
175.117151,113,4131.230494
-99.218885,1,4131.244721
272.661604,174,4133.309306
177.759865,127,4134.841221
176.050335,147,4136.03363
181.092693,152,4136.878216
166.641037,90,4137.384878
169.867515,83,4137.872133
155.639832,143,4138.696749
197.166323,157,4139.578345
187.853383,98,4140.208113
1006.733767,146,4143.008001
200.431029,152,4143.737384
201.45354,149,4144.445052
180.414169,90,4144.866431
276.997513,185,4145.999733
211.318761,117,4148.096957
223.280965,190,4150.282944
181.310634,122,4152.696443
160.063631,147,4153.621913
180.680371,116,4154.344287
1278.441311,212,4156.606118
181.304736,131,4157.36189
239.248035,185,4158.691569
139.382874,86,4159.23466
256.949342,177,4161.106664
237.454037,172,4162.100778
1295.192882,194,4164.969098
176.029063,119,4177.240054
1361.286382,168,4180.472358
216.568785,151,4181.583961
135.187033,103,4183.487624
261.495457,212,4187.607349
173.454163,116,4189.986148
191.867211,142,4191.370463
172.294172,90,4191.907945
149.194798,155,4194.222437
172.051019,116,4194.993915
-4.931152,115,4195.750077
149.793915,118,4197.607323
167.037027,142,4198.734691
165.818571,101,4199.478724
146.901448,147,4200.529243
205.67879,172,4203.286215
189.423388,155,4205.685079
179.907146,90,4206.292187
1417.846601,241,4213.123615
114.20641,97,4214.775385
123.098389,99,4215.367893
212.882957,158,4216.323304
231.206682,210,4219.117077
257.372153,181,4220.153255
180.927639,95,4220.749159
225.121985,175,4221.798599
162.228081,103,4223.33629
138.648569,140,4225.062779
175.870294,117,4225.831178
131.988173,96,4227.28347
185.607333,127,4228.777246
153.657703,106,4230.900374
176.707755,176,4232.058815
61.384697,241,4234.495551
179.797352,149,4235.731345
207.923441,151,4237.506721
161.58146,111,4238.368119
167.999626,86,4238.819393
164.072712,144,4241.511758
182.645483,93,4241.957148
123.224282,81,4242.395599
178.461202,136,4245.054935
172.095617,83,4245.533091
1205.984505,241,4248.678061
151.812,112,4249.262706
195.448579,133,4250.112707
-98.980439,1,4250.134878
125.397589,108,4265.743458
206.509647,178,4267.722464
154.317839,108,4269.247588
257.853784,193,4271.554834
157.982863,89,4272.359629
189.640949,133,4274.013987
127.987054,110,4274.79512
178.951067,125,4275.805781
100.789114,96,4276.459869
143.289048,116,4277.687588
-98.035698,5,4277.788702
171.610536,136,4278.939833
136.049168,124,4279.646823
168.512757,114,4281.76765
124.656544,148,4283.49821
164.894641,125,4284.097585
1146.479818,220,4287.960411
271.417916,191,4289.445938
181.332496,192,4290.613617
142.453464,111,4291.300696
167.215465,103,4292.057926
174.521945,141,4293.72371
159.191728,105,4294.827292
156.267346,152,4297.312634
167.835078,99,4297.828015
162.479246,124,4298.520403
242.447022,178,4300.633188
657.977131,65,4302.017268
177.978872,123,4303.304379
261.877961,235,4306.985189
266.495843,189,4310.183379
172.137541,119,4311.390377
237.259721,137,4312.185605
228.153176,182,4313.363204
250.351982,182,4314.45781
131.466404,81,4315.454817
177.74227,106,4316.935917
1454.129636,170,4319.797089
153.038568,90,4321.133801
156.076056,98,4321.609619
153.69551,144,4323.492246
163.871311,106,4325.038292
176.091651,101,4325.703697
244.119626,192,4328.979345
147.10174,95,4330.457501
174.672842,133,4331.191577
162.082583,122,4332.00113
-75.91984,63,4349.359475
151.888664,97,4351.007782
159.940116,106,4351.690034
166.178007,81,4352.16083
33.41284,241,4354.215651
1143.775748,233,4359.018232
216.776843,174,4361.284083
171.248895,89,4361.725265
168.25025,160,4362.675219
167.268596,109,4363.434979
174.804991,85,4364.006987
164.707529,133,4364.91009
51.767691,188,4367.714447
143.934187,106,4369.19779
130.089821,96,4369.714448
175.234037,98,4370.270023
188.205434,189,4371.924131
183.401048,93,4372.504408
-55.491765,37,4372.791499
206.307595,154,4373.778391
134.255901,116,4374.520939
233.913849,181,4377.580457
-99.660349,19,4377.672235
151.574487,98,4379.204387
127.794863,145,4381.02245
-58.795835,1,4382.048613
172.195289,128,4383.643828
1089.154939,163,4385.233727
190.943196,145,4388.185761
181.686811,127,4390.312307
172.701653,113,4392.178964
162.773997,144,4394.845083
176.43645,116,4395.586441
151.607938,159,4398.355384
175.970102,132,4400.064044
242.010801,199,4401.569056
160.811989,81,4403.410305
183.199984,164,4405.704027
219.479463,184,4406.790973
225.347091,177,4409.748261
140.275073,113,4410.435841
195.415769,139,4411.275412
108.254296,111,4412.010497
207.629786,150,4412.973964
218.652103,152,4413.841628
-137.053432,98,4414.390151
137.413971,115,4415.088938
145.037952,135,4415.874612
201.252801,164,4419.126486
136.876886,84,4432.062594
58.174281,241,4433.580164
175.02152,92,4434.109185
-77.218024,52,4434.484777
165.657489,122,4435.376973
144.249999,94,4438.111009
162.253446,121,4439.380994
138.392522,108,4440.400692
-61.298462,1,4441.405066
162.537935,167,4442.710911
151.350898,96,4443.344269
181.600235,149,4444.303391
1102.47396,161,4446.935096
1513.492567,241,4451.283038
154.182352,119,4451.977
170.227449,87,4452.54662
180.791702,135,4453.907999
199.606993,139,4455.925798
168.396972,241,4458.564695
158.036991,103,4459.669687
183.600203,140,4460.491478
269.426212,163,4462.50401
182.660057,125,4463.214609
-106.738545,40,4463.453783
151.102099,117,4464.194851
155.845469,73,4464.64007
161.295301,130,4468.176785
123.663012,116,4468.875531
186.781349,114,4469.711194
183.957044,91,4470.365856
179.382862,136,4472.978713
-152.627619,57,4473.327175
191.290677,116,4475.179695
123.204374,87,4477.224709
202.132298,148,4478.863992
222.995686,129,4479.703489
161.494988,102,4480.421906
148.684238,84,4481.134757
-206.406759,35,4481.49141
280.211921,175,4483.355374
121.542847,94,4484.277275
1161.029265,185,4487.315382
-97.698515,9,4487.397821
171.888621,154,4489.225485
167.697934,136,4489.997054
156.922924,75,4490.492927
257.607549,193,4493.442506
200.662218,168,4495.403066
198.66933,179,4496.518887
240.353669,191,4498.235463
177.345392,158,4513.510877
179.467051,89,4514.13463
171.049584,128,4514.879908
183.15151,159,4515.826133
157.87587,127,4516.800638
132.904764,159,4517.685864
142.776337,112,4519.347139
167.665378,134,4520.691332
143.324979,127,4522.000525
272.29333,171,4523.905431
1195.377424,152,4525.912957
190.556498,131,4528.459987
-74.967643,81,4528.877496
167.085405,183,4530.108815
