#{"t_start": 1770125181.200347, "env_id": "crossing_planes_multiHead"}
r,l,t
123.210104,207,9.295301
116.297881,147,11.322707
-64.148854,50,11.654516
158.448817,121,13.39829
165.431183,241,15.656427
-130.560816,37,15.954061
-95.618567,33,17.579048
92.380214,179,19.883998
179.006244,200,22.221754
-152.836942,67,22.839451
152.639079,131,26.991324
-52.682753,60,27.337536
-72.243973,83,28.07366
-59.239036,87,28.795138
164.467736,180,31.691484
148.160516,130,34.731101
183.193122,159,40.776858
139.148636,116,42.617898
-242.177767,64,43.056178
-80.904869,84,44.786923
243.689691,199,47.505392
231.884531,232,51.014877
-78.866314,57,51.459181
97.940648,174,52.565717
156.08792,147,53.746608
163.507473,85,55.076366
-84.713011,67,55.932659
211.218129,204,57.825004
145.360566,199,59.097555
-102.340912,67,59.594935
175.076607,218,61.259918
-54.188458,105,66.221084
-163.82095,106,68.180491
157.853093,151,69.230514
-80.783857,123,70.173414
145.540592,92,70.822362
141.043887,151,71.923787
143.11662,125,72.829705
-161.095731,55,73.249673
-96.300455,35,73.482671
-167.477603,51,73.86372
118.24839,153,76.921874
225.18343,217,79.228272
129.633847,131,79.927746
-82.037986,79,80.41638
149.212718,114,81.162624
144.989428,190,83.234581
198.227943,163,84.483294
105.155409,122,90.696844
-169.918636,55,91.067121
-73.716162,81,111.869213
-122.91099,85,112.468946
46.065203,165,116.456507
-30.981297,84,116.977054
148.063837,183,118.521603
217.480161,200,120.664339
1057.169362,241,122.994786
122.609617,155,124.969604
-96.078612,65,126.330036
96.324543,135,128.913311
95.09231,132,129.675606
905.921188,127,132.444403
169.587342,135,133.264068
-89.955837,81,133.720294
173.512552,181,138.394198
200.818684,190,139.750569
161.191532,128,141.440111
45.514374,114,142.123101
-84.049495,66,142.483506
172.434602,174,143.520824
-104.887898,28,143.725531
-144.671015,42,144.014089
180.123848,165,145.890333
135.84055,177,149.626295
90.381868,117,150.407497
-87.851286,13,150.494052
114.137316,158,151.515667
224.204635,146,152.4118
126.240368,125,153.169311
179.359899,211,155.504601
129.554899,114,161.120814
-86.353952,90,162.40957
173.489856,205,164.746806
132.227227,160,165.811233
150.519576,139,166.773643
119.997837,194,169.007636
-109.17367,37,169.272111
121.264274,151,170.260956
-156.141425,28,170.45702
-59.301896,1,171.477414
175.851628,149,173.29055
-68.893461,85,174.743732
111.079477,172,176.418286
90.321892,114,177.68753
178.79082,178,179.253186
-105.881587,76,180.704139
102.108461,103,181.268288
120.548414,126,182.112537
184.366189,203,187.089081
132.617105,131,208.757214
1146.522843,195,212.047833
124.902713,116,212.653824
-170.2168,34,213.068213
-162.5485,38,213.261349
115.683509,84,214.799799
-70.496433,42,215.070834
-141.25809,14,215.249761
162.65771,173,218.225135
179.068606,146,219.806609
147.943946,241,223.905718
150.060055,131,226.254736
129.37098,150,227.776886
226.659365,228,229.39418
139.625537,82,231.791603
241.882612,217,238.672695
129.177618,120,240.176589
1046.674413,179,242.750355
118.151839,210,243.859634
141.999651,117,244.659698
744.866123,160,247.438869
122.272531,131,248.130592
-99.110756,62,248.455638
1401.500308,241,252.451874
145.298054,130,253.159283
169.316293,165,254.363112
164.771594,196,255.873018
112.377904,120,258.827387
926.326873,143,265.732945
123.815363,87,266.411991
115.520176,101,267.40562
135.628386,119,268.792093
123.45746,171,271.140592
191.553611,241,274.350584
174.503328,143,275.572784
157.130237,147,276.993847
248.239871,197,279.365436
157.903399,142,280.136415
-144.913181,31,281.184351
108.488627,94,281.592311
116.973424,80,282.109328
164.99672,152,283.143957
107.737027,115,283.816388
115.515858,241,288.240807
83.790886,105,288.997817
155.258749,131,301.861547
-32.341691,76,302.301578
103.545621,101,303.750438
184.655449,158,305.68139
133.811175,88,307.144206
87.534995,100,307.689444
184.304709,144,309.248626
146.462536,119,309.783121
148.131072,134,311.409586
-143.830502,46,311.642459
155.923755,222,313.581108
227.5019,196,316.246281
160.193199,227,319.174704
948.41552,183,325.640887
1432.082444,241,330.321849
132.545724,108,330.889687
227.362621,207,332.616768
139.856471,137,333.612905
-58.795835,1,334.580536
138.958281,103,335.096988
114.641182,123,335.745988
142.551899,141,338.297866
-85.890644,51,338.533933
150.633179,111,340.122139
199.660644,123,340.895243
122.007274,106,341.506924
201.5712,180,342.409278
1219.486825,218,344.866824
217.622772,230,349.295451
140.714265,87,350.582318
112.832638,75,350.938047
196.777501,200,352.979732
153.415912,174,353.996836
155.014817,101,354.563746
166.034883,121,355.361078
93.579287,127,356.417895
1463.333611,193,359.61873
174.713227,222,361.482179
133.650801,99,362.091595
144.331064,73,363.613754
86.962856,8,364.537716
248.913955,223,365.679008
179.115094,147,366.458606
125.136509,89,369.857662
137.145207,110,370.601682
183.580844,117,371.360662
-111.824599,39,372.594913
-200.013567,35,373.751309
-36.97694,125,385.244514
114.932333,135,386.016349
-144.197241,44,387.13431
192.409786,165,389.019614
174.925782,145,390.636178
132.376292,146,391.586393
190.55901,148,392.476449
86.017892,100,394.806248
1079.061952,204,397.510561
125.419089,92,397.966986
158.0309,155,399.491988
198.611667,164,400.361857
154.828001,180,406.013007
100.77181,130,406.628205
247.97923,197,408.551587
139.85385,118,410.020235
-98.408115,2,410.044757
200.893957,176,411.922952
118.01456,103,414.08654
150.440929,102,414.703141
175.027095,147,416.327118
172.022793,93,417.147425
188.69097,164,422.403469
95.694819,141,423.355355
137.323069,117,424.173675
100.005808,155,426.062904
168.717017,151,426.775726
192.357235,174,429.258454
89.96971,135,433.018042
185.883595,134,433.9361
232.088682,201,435.356646
210.28378,241,436.784091
113.769916,114,437.543754
926.910109,121,439.076567
123.702037,87,440.369348
219.463673,203,442.412586
166.429921,173,444.438529
199.996328,189,448.669182
211.06153,229,451.958471
197.804435,166,453.005325
141.496093,120,456.68752
155.800822,89,457.193191
253.424102,180,458.614572
173.908372,131,460.234478
127.216218,142,472.89036
121.058725,115,473.600491
135.037701,163,474.79614
112.084486,105,475.457952
-168.633555,31,475.649361
188.013319,151,476.988082
202.728622,155,478.415537
168.181589,85,481.576357
160.478618,96,482.272578
125.680119,149,483.298275
-194.34534,42,483.595113
201.19903,166,485.624065
139.832423,108,488.129014
123.203086,95,488.538498
-112.682352,74,492.808728
123.208698,151,496.238243
97.764186,121,497.679716
170.382983,128,498.477687
144.830342,108,499.188256
191.939011,134,500.085713
147.56013,142,501.975636
162.740533,141,504.495635
-140.434713,78,504.894672
101.377447,110,506.555464
-117.119575,36,506.764004
131.581277,152,507.731759
186.35519,129,509.404008
938.639383,241,514.301208
125.97238,85,516.068966
182.175383,164,518.558369
-200.382039,43,518.7769
196.19535,182,523.614568
86.132679,93,525.136137
115.47118,131,525.961145
148.42124,105,528.484158
159.225995,85,529.00043
95.992349,241,531.368191
138.928727,131,532.119674
123.988116,98,532.733799
173.591345,140,535.33064
128.119615,123,535.912586
207.479491,184,539.576146
165.168545,94,540.154743
1172.180481,241,544.688702
157.243959,78,545.170508
123.861224,120,546.052161
198.262394,192,550.298158
237.406631,231,551.910419
1409.97052,241,564.4814
135.539942,100,565.103196
1160.303748,144,568.449954
-159.837877,41,568.655437
185.516223,151,570.338051
247.003458,195,572.476399
171.286306,152,573.902768
-181.653151,40,574.457319
178.393038,154,576.221073
108.102286,90,576.815348
178.255937,223,581.046889
111.797046,130,585.956306
186.097899,180,587.667689
122.632409,96,588.237093
129.463225,104,589.943185
136.562772,153,590.792481
216.89496,136,591.719278
140.753084,157,593.885018
135.712821,144,595.562194
194.250642,230,596.942875
177.744736,140,598.603382
137.144802,127,601.029759
144.326779,156,603.583161
1058.454799,241,607.260419
800.03766,146,609.999536
-85.491768,70,614.454334
168.990079,170,616.034442
171.751959,159,618.249413
126.562912,84,619.154399
164.565398,156,621.086489
111.99753,114,623.705799
123.802104,109,624.284709
158.737785,83,627.548291
1110.274928,193,630.646101
147.093246,117,631.543205
178.83028,96,633.179243
205.41423,181,638.875648
179.19897,157,639.735277
241.008478,177,640.842318
150.997919,109,641.501369
163.218426,159,645.63764
118.161893,96,647.750368
154.314156,160,649.734982
198.914166,170,650.780929
149.095791,90,651.370436
118.703135,84,651.980675
250.903761,223,670.379004
181.735661,100,671.033385
116.616693,134,673.297133
147.854582,154,674.679509
-97.065302,54,675.977135
151.455164,142,676.899363
132.26524,114,677.679681
147.839714,149,678.64753
197.854628,203,680.124389
144.579922,121,684.209367
108.944997,136,685.322737
161.302226,142,686.378211
116.525579,81,687.051671
94.264117,117,687.897231
157.319005,134,688.898685
140.272035,142,692.709368
150.774042,120,695.388651
157.122408,131,696.793985
203.035173,160,698.958421
188.585813,103,699.570919
167.058836,169,700.838587
156.320205,100,703.444617
110.752181,116,704.110179
140.361202,101,704.655753
163.129433,90,707.118166
207.877948,241,711.658081
170.954249,138,713.932794
159.889878,152,714.957411
216.561675,204,718.059701
127.843953,142,720.716245
149.23978,117,722.805794
158.536797,135,723.539979
174.709924,140,725.137663
158.224534,84,727.586582
163.371101,97,728.301224
183.125597,101,729.101594
101.527384,113,729.931521
167.322047,139,730.76168
155.02535,167,732.065474
173.672734,165,733.174778
163.184558,128,738.892902
196.628308,185,741.599977
130.54646,142,742.566239
-22.743834,167,745.503109
187.756695,180,746.640789
231.558408,170,762.417488
226.85103,149,763.618194
1067.124313,146,767.680184
168.276183,224,769.413737
122.838511,96,771.053821
192.537949,143,772.838761
-250.561543,35,773.071183
456.38241,99,774.690498
164.601875,88,775.22622
158.041902,87,775.876051
205.043138,119,779.539991
139.364874,107,780.188645
195.864296,180,782.776391
101.102172,142,783.831169
148.179076,126,786.810974
128.519104,164,789.889905
168.506821,153,791.0872
166.255246,157,793.205002
176.582478,142,795.184263
-97.734996,88,796.814268
192.506082,193,799.071453
109.386317,99,800.723804
205.991455,173,802.740181
234.738192,214,804.326884
96.777067,88,804.923987
103.921502,177,809.491548
146.618608,135,811.439014
156.956689,140,812.44929
176.044232,136,813.553442
149.593114,88,814.337415
171.13707,154,817.865606
194.095651,153,819.112908
169.796695,140,819.976485
161.056119,127,820.672804
172.066878,90,821.198632
162.012362,88,821.772887
137.668756,122,822.531924
162.043844,147,823.590956
208.981922,216,825.922359
173.166055,134,827.676368
163.354535,151,831.885728
224.277843,198,833.550702
167.941567,87,834.253758
-98.989943,2,834.284975
173.368439,122,835.453407
146.880879,107,837.087873
127.219547,139,837.992222
190.247933,153,840.035637
225.364861,175,858.555931
124.405664,136,860.647865
126.448372,126,861.42421
254.005831,226,863.194845
135.333846,93,865.152202
141.962379,122,865.826377
198.528804,140,866.6507
179.662326,143,870.675826
252.880783,162,872.010916
113.763666,92,872.703463
1250.869908,219,875.844872
173.919645,177,878.645644
161.851716,131,882.452121
-16.523537,151,883.523552
165.100186,134,884.570838
1094.708179,131,886.321914
185.035902,153,888.344832
191.74668,106,888.894248
-72.372255,49,889.270442
132.706294,96,890.006855
146.174849,128,891.939426
121.107122,98,892.681164
-127.180812,30,893.880239
171.615087,90,894.465704
162.543052,140,899.404745
174.442005,126,900.081394
109.959013,116,902.834871
172.837721,99,903.37405
140.482628,135,905.221644
207.272898,173,906.487621
201.493089,158,907.942038
167.615686,90,909.133145
155.593705,144,910.714321
143.06954,119,911.664417
209.966732,177,912.907807
41.66133,152,913.993475
126.388828,86,914.626449
189.550116,151,917.739447
157.379881,141,918.957706
168.463473,163,923.425602
155.747531,110,924.391767
139.662234,121,925.182644
152.131102,73,925.669185
149.019768,89,926.239824
218.049944,192,927.510615
131.546935,95,928.097965
161.694328,94,928.728382
196.424494,121,930.417514
130.37233,90,944.277135
107.883654,168,947.776636
-60.927674,73,949.988854
132.716896,144,951.249464
192.951127,167,953.344961
160.173271,136,955.229824
170.233671,139,956.385788
148.250635,149,958.484178
189.059179,184,964.019893
160.464687,135,966.069835
111.760533,114,967.081411
194.831801,169,969.517345
155.68179,157,971.322042
128.506431,94,972.003116
1307.781166,241,974.812633
189.56302,157,976.150093
143.738949,104,976.958269
168.667556,147,978.93866
152.169833,132,980.5983
141.28469,115,981.350964
147.863934,101,982.227145
146.862403,138,983.402698
248.318572,201,988.30828
167.515024,95,989.03436
178.501509,153,991.082391
182.221337,187,993.403815
164.466705,88,993.865573
181.517538,87,995.38663
152.751524,103,996.000057
193.735991,154,998.921169
169.936823,104,1000.643403
221.342383,157,1004.141514
154.798368,168,1005.224417
156.343023,76,1005.753124
160.482049,84,1006.37869
115.383101,81,1006.948974
170.715345,195,1008.476191
205.914892,179,1009.98365
152.2272,93,1013.76421
201.914295,193,1016.764362
957.620272,169,1018.883622
114.553022,102,1020.446487
171.631211,144,1022.23061
1135.619907,241,1024.82698
168.701689,147,1025.936712
247.804217,160,1044.303751
508.298318,107,1046.056969
153.584614,105,1047.080383
156.117436,98,1047.781688
-146.815654,29,1049.137491
188.385139,146,1050.934127
135.060776,129,1052.727544
150.627834,149,1053.711945
196.513672,155,1058.893515
183.897987,155,1062.072866
120.674493,102,1063.413675
184.056052,97,1064.162378
164.383492,87,1064.7856
-149.203333,29,1065.001051
116.073693,88,1066.628841
193.83989,167,1067.711098
154.498585,87,1068.37581
161.058208,119,1069.198455
166.777379,115,1069.971501
1189.428029,199,1072.135723
108.859433,118,1072.880012
1090.896313,131,1074.649835
173.640707,118,1075.520108
-10.563347,93,1077.12612
164.572639,148,1079.16884
200.111218,188,1084.873233
135.897357,118,1085.580397
129.774105,131,1086.529527
1127.119772,166,1089.443267
124.244344,92,1090.388576
154.186659,143,1092.693358
210.078565,168,1095.449566
219.663469,166,1096.474238
180.70455,174,1097.644543
179.510451,132,1099.440609
-145.778483,62,1099.817572
57.856376,99,1101.459684
154.430879,167,1102.487114
137.144796,100,1103.157347
167.260831,114,1103.968647
176.781959,92,1104.662356
198.4101,158,1111.119799
107.355717,98,1111.905519
139.896402,98,1112.545853
257.447962,166,1113.723406
216.521178,163,1117.588297
202.451952,157,1118.797593
148.078979,99,1119.539378
155.617267,117,1120.800058
144.345516,114,1122.246649
132.759686,108,1124.767763
-34.900717,109,1137.522787
145.820524,106,1139.182152
-75.644846,75,1140.743979
142.88755,116,1142.794446
135.301109,96,1143.563816
160.613832,108,1144.398827
117.697402,133,1145.482525
133.523222,91,1150.822507
1236.014678,241,1155.097181
171.700297,158,1156.343472
257.964591,165,1158.255547
202.019285,176,1159.424011
105.495291,130,1160.280759
171.837048,92,1160.941222
135.283919,121,1161.922849
189.074547,153,1164.103042
114.351937,107,1164.751198
147.131922,118,1166.613021
158.643201,129,1167.558651
120.968746,80,1168.221005
204.617311,145,1170.362291
133.653985,83,1170.885109
169.774789,180,1175.022672
163.014702,129,1176.347091
167.756538,118,1177.31573
162.165703,108,1178.194965
171.586261,106,1179.812268
149.93257,148,1184.14264
123.034077,100,1184.743557
150.450871,141,1185.850444
140.318047,129,1186.785007
221.784116,179,1189.115748
164.519555,153,1191.306443
134.506758,116,1192.068648
276.052102,219,1195.088252
131.629847,114,1195.869072
207.296538,179,1198.190388
182.29402,95,1201.849179
162.382434,88,1202.741115
165.110598,119,1204.011894
152.767127,115,1205.832533
129.662472,107,1207.54808
137.347744,95,1208.091081
105.362156,127,1208.975227
158.540796,84,1209.546378
167.235872,131,1210.937562
167.593222,154,1213.154596
192.651612,144,1216.600224
180.892295,135,1218.476121
87.830553,94,1236.256696
134.718821,125,1237.92803
162.972613,80,1238.488976
164.233599,136,1241.236043
-51.03539,108,1242.988663
169.551525,119,1244.505334
125.372408,89,1249.533334
139.972775,141,1250.443552
164.202109,241,1252.54324
213.432304,169,1255.84183
223.968139,178,1259.537669
158.617207,129,1260.388329
157.906571,127,1261.246029
136.38331,93,1261.895508
207.844437,223,1263.741817
161.555668,89,1265.1627
173.195797,183,1267.337171
1006.772925,146,1269.34415
1205.895027,199,1273.518996
242.738663,216,1279.48558
160.576042,127,1281.510861
151.534659,99,1282.287962
166.920599,89,1283.813152
122.322138,95,1284.456572
217.711772,241,1287.282256
-51.909054,78,1287.741348
150.060022,137,1289.610805
202.346201,221,1290.926436
182.617903,150,1292.249839
172.543253,141,1293.219939
146.843025,100,1293.917988
143.045839,93,1294.584951
214.599389,191,1295.891131
143.857865,103,1297.539742
225.825908,180,1304.334392
189.739819,147,1305.936625
923.310567,124,1308.884017
200.074794,143,1309.959799
166.707841,85,1310.55743
1556.020393,201,1314.635255
226.183249,168,1315.91471
116.776205,81,1317.591763
144.083964,96,1318.153967
166.437199,92,1318.737281
173.238603,164,1321.774541
210.404072,174,1341.129234
126.148613,147,1342.304898
131.647763,106,1342.995226
180.259744,97,1344.590435
173.222972,152,1351.051841
174.712321,157,1353.68132
202.469793,151,1355.253473
213.930077,154,1358.993796
151.427382,135,1359.956096
251.480245,191,1361.440098
1305.499432,185,1365.196146
267.140382,186,1366.688306
168.338145,91,1368.510496
182.452155,138,1371.146296
905.193448,193,1375.499795
153.446618,118,1377.391103
172.538999,124,1378.232224
1225.407118,238,1385.822357
160.52447,85,1386.952146
172.477,92,1387.963099
144.803919,172,1390.590359
197.754595,180,1391.775661
127.055532,241,1395.963453
166.47284,195,1398.207366
169.757388,171,1400.2229
219.554946,173,1401.460033
184.662994,141,1404.527521
179.793148,94,1405.107721
177.623873,149,1406.065591
178.104959,139,1407.214226
177.388197,123,1408.95091
163.315814,96,1414.27533
185.00444,152,1415.379262
164.321125,163,1416.55723
170.101799,142,1417.639744
154.333595,117,1419.342444
219.759839,171,1420.429977
150.141174,201,1423.463489
148.677074,144,1425.095393
253.172035,178,1426.58345
187.177023,138,1427.58912
185.424823,134,1436.502095
152.091964,141,1437.460006
951.881207,138,1439.304725
254.68256,189,1445.137346
124.10484,94,1445.79767
-132.666575,17,1446.900199
111.964553,81,1447.408742
184.248713,93,1447.947226
160.099512,89,1448.658958
185.758983,173,1451.42507
154.089592,117,1453.990896
182.200779,121,1455.551554
76.538044,159,1456.843471
114.528435,107,1457.655964
138.387357,89,1458.178969
145.916816,125,1459.058422
220.255869,166,1460.138156
135.309245,98,1460.847336
170.103077,125,1461.686396
147.05321,145,1462.753303
179.409151,87,1463.342833
147.989635,134,1468.019843
176.390465,134,1469.514729
159.579455,111,1471.665329
-143.043948,51,1472.012636
145.158884,96,1472.656158
146.070193,128,1473.551316
225.692466,188,1474.835489
112.296664,148,1476.728927
144.848591,121,1477.327847
171.322659,123,1479.016329
-157.893688,38,1479.256914
268.05198,192,1480.601138
122.301062,80,1481.209069
129.009857,105,1481.994343
161.64589,95,1482.809976
188.243679,154,1487.219048
1043.499585,141,1489.955097
198.535123,142,1494.626126
145.002411,127,1496.394064
176.353074,130,1497.885468
156.474353,119,1500.438888
152.399383,133,1502.262937
259.734916,219,1504.698883
176.258015,121,1506.509919
209.573141,173,1508.464001
232.691429,136,1509.330007
185.970816,139,1510.248423
164.155716,120,1511.114542
256.486278,201,1514.325672
163.16572,88,1527.443879
134.138849,89,1528.017389
147.228413,129,1528.881928
152.780511,109,1533.630449
169.466793,130,1534.998501
144.003319,72,1535.475067
163.975385,110,1537.101364
144.400306,120,1537.888987
180.226255,143,1539.790873
240.433901,180,1540.906707
207.446202,185,1542.257449
154.931491,137,1543.98784
143.170943,88,1545.15157
118.200466,112,1547.329893
97.977577,120,1548.190413
119.495331,77,1548.704687
187.850175,97,1549.304476
177.665241,90,1549.971782
118.856157,92,1550.709704
119.275505,78,1551.224991
110.321956,140,1552.143765
167.057537,112,1557.575
190.171807,103,1559.346244
118.389895,123,1560.15676
255.724281,203,1561.83362
206.032695,165,1562.891569
99.317488,101,1564.325032
111.956715,134,1565.172475
255.636008,195,1568.758441
207.90446,156,1571.588135
187.026959,98,1572.088574
887.534521,171,1576.169716
221.433107,184,1578.20658
130.154424,114,1578.776608
160.76443,118,1581.371463
156.837493,124,1582.888089
152.425368,118,1586.466291
169.553221,117,1588.057424
242.70833,212,1589.913916
152.319302,99,1590.637975
163.968761,90,1591.249299
139.301093,122,1592.092178
119.919351,192,1593.417773
167.132147,86,1594.006165
229.579576,175,1595.302069
156.060355,103,1596.929218
112.071821,111,1599.506104
171.807646,150,1602.444239
152.171687,78,1605.895297
197.257113,150,1608.928004
179.183071,104,1618.761221
198.241323,107,1620.38356
234.810892,222,1627.427791
204.892798,167,1628.746195
147.680951,108,1630.521107
185.515552,136,1632.387014
1227.947559,184,1635.690121
158.017775,111,1636.860646
140.870617,87,1638.690444
123.998478,109,1639.379917
125.304642,82,1639.929654
255.321533,186,1641.202533
132.448118,191,1643.48481
-113.730206,60,1644.037907
1221.568294,180,1646.223346
220.619323,131,1648.035346
215.848503,166,1652.363994
163.23834,107,1653.459711
232.578622,172,1655.272782
190.63596,150,1658.748274
135.265852,145,1659.635655
187.230117,135,1660.619361
151.046175,91,1661.294692
155.709311,83,1662.777187
179.200983,92,1663.540579
157.199021,109,1664.974481
172.509008,124,1666.21267
138.324336,126,1667.557877
205.387638,168,1668.815078
162.633512,148,1670.596416
163.651068,117,1671.255596
458.484472,99,1672.769589
934.407399,136,1674.44432
216.902475,183,1680.151353
152.509937,112,1680.833108
131.402024,92,1681.483351
154.245113,106,1682.363128
143.871162,98,1683.066251
162.850734,122,1685.502461
146.596704,127,1686.223544
148.7763,117,1686.995264
163.683794,115,1688.664994
167.730731,132,1689.667764
1178.189895,241,1693.113699
221.548763,156,1693.950428
209.814757,150,1695.03122
222.917905,166,1696.149092
-65.89225,32,1711.865015
234.190059,204,1719.497074
210.558063,118,1720.572947
182.015556,149,1724.148539
146.442718,123,1725.233702
158.323188,111,1728.084399
159.553179,96,1730.083499
141.111319,81,1730.610495
171.547215,148,1731.48235
149.454097,114,1733.194304
157.871178,132,1734.167523
192.282195,151,1735.887775
158.199033,95,1737.270307
126.513899,101,1739.877122
-40.179926,101,1740.84322
152.02465,139,1741.953188
143.485932,100,1742.886717
225.277735,169,1747.199519
135.783837,100,1751.048868
233.835319,175,1753.165694
138.015344,97,1755.696668
170.3176,135,1756.765981
1094.429437,183,1761.749897
154.972039,121,1762.566129
1361.170074,241,1765.819954
186.113405,132,1768.441794
200.065249,156,1770.232095
169.975663,149,1772.214036
142.845517,103,1772.954486
154.792105,122,1773.865537
169.987762,119,1775.683883
185.963434,151,1778.472851
225.110217,194,1782.938572
163.687662,91,1784.214829
135.323789,118,1785.603172
119.068183,100,1786.505172
172.312594,144,1789.736136
194.120259,148,1791.996081
170.748625,127,1792.862686
120.110752,118,1794.935066
135.07919,129,1797.076939
188.770374,137,1799.314268
159.527699,219,1801.494063
172.329988,131,1804.386116
196.494532,141,1805.206142
135.429546,111,1805.96824
161.184335,94,1808.266595
206.506803,155,1830.002654
159.518015,137,1830.888693
164.855348,130,1831.698064
186.563229,141,1834.330102
506.041126,107,1835.859013
167.566919,120,1837.646074
172.225561,118,1838.551983
183.926652,98,1840.429304
200.694393,146,1841.285598
176.659105,157,1842.531754
183.886628,100,1844.125778
994.626674,146,1849.165798
209.586253,150,1850.986568
100.116271,138,1851.922082
186.728018,132,1853.697527
156.778838,91,1854.241003
230.256177,156,1859.447376
151.698934,126,1860.949356
148.754849,71,1862.748666
206.119278,163,1863.728517
243.813497,179,1865.060672
164.432817,105,1865.672417
122.932178,88,1866.257819
1215.927384,176,1870.111371
174.262982,93,1870.636368
170.567189,123,1873.39891
153.93244,210,1876.520605
155.871142,119,1877.233631
167.843497,148,1881.991559
183.269346,158,1884.005501
184.940842,97,1885.682575
182.090989,99,1886.357505
1005.60006,128,1891.280745
165.313855,100,1891.962537
225.582507,160,1893.169196
166.972052,172,1897.41003
167.008413,162,1899.510725
133.697799,137,1901.397214
202.39345,143,1903.338777
190.804758,137,1904.963013
191.365696,140,1906.903477
205.159069,178,1908.692125
178.885605,144,1911.579152
172.44755,105,1915.041161
225.087589,166,1917.062562
285.096949,232,1919.765578
130.592468,92,1939.208678
195.300223,157,1941.515914
175.157516,206,1943.533871
204.661674,137,1945.355201
632.631941,79,1948.38586
211.542377,167,1950.228086
147.164696,119,1951.787699
133.23754,93,1954.476555
-97.122248,61,1954.981707
182.453149,134,1956.65269
161.431179,117,1959.185962
263.446915,178,1961.250836
168.20793,120,1963.015815
207.221615,154,1964.206105
178.650329,110,1966.123814
171.335456,197,1974.320459
157.695918,136,1975.323054
195.784952,167,1977.426761
138.14699,97,1980.001575
142.631016,127,1980.84126
-124.567017,41,1981.241628
139.641421,132,1983.293805
155.06534,154,1987.379872
156.282115,91,1988.856904
201.233966,169,1990.032671
190.735741,154,1991.150156
115.830348,99,1992.814038
143.036045,100,1993.51578
154.718023,150,1994.607067
156.631136,149,1996.669654
133.299283,115,1997.461391
167.150821,155,2004.251508
263.30067,191,2005.9613
1190.217528,236,2009.415643
235.408671,178,2011.348785
187.7894,132,2013.335531
176.183056,135,2015.303133
157.031402,106,2015.895956
138.410065,91,2016.491338
161.686922,123,2017.428942
231.61928,199,2020.479187
166.909325,89,2021.867101
135.632097,131,2022.738616
134.878183,107,2024.715163
162.688655,123,2025.997185
172.589198,183,2035.514421
180.721435,197,2049.536726
255.599703,178,2051.133493
163.613438,113,2052.791194
194.403879,166,2055.576991
195.232584,194,2058.510321
165.472841,124,2061.814628
229.906806,181,2063.86345
182.516511,168,2064.80839
196.312571,168,2065.907961
182.358983,123,2066.808594
1168.559375,241,2072.09446
185.621695,157,2074.015566
165.343817,138,2079.263581
190.545283,150,2081.565864
150.392464,81,2081.974045
225.735653,161,2083.11104
165.708385,87,2083.744784
151.570578,103,2084.599928
145.556954,97,2086.422035
170.03796,90,2086.966951
684.282146,117,2089.276894
245.782045,167,2093.284638
228.273462,150,2094.101725
189.732834,137,2095.888464
158.094124,120,2096.515222
205.954837,165,2098.501578
132.78556,125,2100.184898
210.223526,157,2104.070369
186.777884,130,2108.064832
165.575091,132,2109.739204
257.615013,181,2111.93089
179.694951,123,2113.840879
152.332646,90,2114.471094
187.841576,186,2117.510512
205.101524,166,2120.363508
132.859036,118,2121.550165
175.492949,94,2122.285086
1313.727321,163,2126.07064
1366.828586,207,2131.153952
158.804204,104,2131.874243
234.2727,138,2133.744039
230.058252,135,2135.337571
160.480152,146,2139.322453
248.991657,184,2140.907023
-30.17727,79,2160.150505
153.038532,128,2160.995614
141.668796,120,2163.631378
145.149193,104,2164.738231
196.038292,151,2167.529868
156.328734,73,2167.947993
198.3192,109,2168.507351
167.492357,123,2170.306692
221.918782,192,2173.46569
116.301516,123,2174.288367
156.277688,170,2175.513459
208.42607,173,2176.725016
778.341611,163,2181.668242
129.816023,81,2182.327875
214.702779,149,2187.547529
188.321373,186,2189.995586
187.4216,139,2191.535645
240.550308,177,2193.353999
122.493916,81,2193.865525
151.602607,124,2195.688405
214.315425,157,2197.552927
197.650729,169,2198.554068
151.921374,112,2201.119727
176.819709,87,2201.537024
248.105935,147,2202.526073
234.648251,171,2203.8787
173.234442,103,2205.56479
135.992656,132,2206.438605
-70.770272,89,2207.072113
-124.362232,38,2207.344671
163.320291,192,2213.699426
148.414745,114,2214.569372
213.86233,177,2215.852329
81.310371,112,2216.578959
185.023808,163,2218.644651
151.062383,96,2221.098593
245.007644,172,2223.074714
220.485389,167,2225.915448
160.516335,153,2226.845314
220.324712,211,2230.013793
167.88178,87,2230.465909
120.993076,107,2231.051947
189.928667,117,2232.587381
156.876082,110,2233.332117
169.475848,103,2237.729297
179.067131,156,2240.352001
155.937126,139,2243.186395
137.365491,90,2259.540607
158.211072,102,2261.106008
128.905064,90,2262.706372
187.788168,154,2263.750729
-156.899404,37,2264.045194
175.755455,90,2264.63448
184.98128,91,2265.610057
156.561856,89,2266.550484
154.670204,145,2269.170323
1377.290332,210,2272.189901
241.876564,192,2275.371689
148.813777,119,2276.219894
174.019789,126,2278.03018
241.696973,168,2279.850384
236.8543,177,2284.267466
157.360821,116,2286.244329
205.490236,165,2288.275081
166.598291,122,2289.057168
149.874103,129,2290.834489
204.569058,156,2292.768669
231.094302,171,2293.906726
200.310467,171,2295.083311
149.086339,157,2297.847035
149.802224,97,2298.469074
146.308501,84,2299.056667
198.838103,150,2300.126768
168.281196,108,2300.790215
216.888374,171,2304.188264
195.057587,166,2308.32089
128.375546,99,2310.563643
169.884303,158,2312.910564
194.284956,208,2314.376391
189.260154,150,2317.243961
204.768746,108,2318.857121
212.446039,176,2321.887315
214.298514,147,2322.742966
167.937225,161,2325.792946
167.687884,84,2326.213144
915.364407,167,2328.92062
208.369929,163,2330.105414
172.570259,139,2330.940047
143.244866,241,2338.370968
161.327239,128,2339.548156
117.886264,79,2340.444224
221.08105,167,2341.899874
221.061895,171,2356.995174
185.600238,142,2358.079628
262.422689,184,2359.505734
155.55106,122,2361.807322
145.432147,136,2364.542108
1055.023395,180,2368.303394
162.511166,156,2369.56499
1139.680538,197,2372.462301
134.769493,88,2374.431953
1456.47898,168,2377.732579
165.740136,91,2379.204526
197.345079,134,2382.91324
196.859939,108,2384.244622
136.791215,95,2385.375276
154.387925,128,2386.424825
185.187484,178,2387.698954
177.909607,139,2388.508568
163.027187,130,2390.175588
124.775785,101,2390.77869
157.536406,78,2391.321169
230.454111,186,2393.732943
170.306774,144,2396.314556
165.81434,95,2397.014913
192.369674,140,2397.92746
175.053884,148,2399.001216
156.938147,143,2401.081094
152.271933,112,2401.727835
162.496462,170,2407.217086
154.401167,156,2409.323498
162.221915,157,2410.398213
183.039202,175,2413.597251
209.676135,167,2414.903639
177.269043,88,2415.527924
245.56501,178,2418.344801
144.93241,106,2419.140594
117.496356,91,2419.854376
185.805186,128,2420.949525
168.658639,83,2423.420953
174.742163,126,2425.153464
120.921249,97,2426.079825
182.832432,135,2427.079182
208.102512,149,2428.179676
155.141434,115,2431.901316
189.534338,140,2434.440175
258.551386,195,2436.06681
191.58287,155,2438.078479
177.778366,126,2451.582615
1221.93876,181,2455.453367
155.077971,71,2457.964412
180.355625,155,2460.531747
234.604573,153,2461.660454
170.115571,138,2462.585417
126.901274,82,2463.161007
109.84693,193,2466.103078
164.176153,165,2467.301525
966.947295,241,2473.140172
198.533353,171,2475.106251
123.285427,92,2475.792291
147.83831,138,2476.873577
160.311061,118,2477.608951
162.214572,139,2479.400138
157.822033,115,2480.323585
137.631059,86,2481.788513
138.220274,138,2483.199356
139.299264,84,2485.689915
152.242991,97,2487.335286
174.642046,133,2489.291168
143.897095,87,2492.091846
199.135175,131,2492.99203
155.809545,133,2495.007318
151.672946,122,2497.839336
147.063976,138,2500.286089
193.390302,134,2503.983938
174.775508,122,2504.663113
228.755286,169,2506.515632
223.746884,160,2509.808768
187.353721,153,2510.623287
201.489707,161,2511.847601
153.135992,148,2513.587071
157.355273,112,2516.161622
1081.12943,202,2522.943696
163.504645,142,2524.707127
161.960284,127,2525.681791
186.001066,133,2527.863693
178.28941,142,2528.978395
175.3356,102,2530.634304
101.140509,89,2532.197776
142.285512,125,2536.069601
177.584941,197,2538.315851
160.100356,109,2541.502296
131.417105,93,2543.497192
272.162218,172,2545.871722
904.697141,121,2563.841882
228.939516,169,2569.236074
459.070912,78,2571.413677
153.710218,134,2574.088729
159.951918,160,2576.924046
155.878972,126,2577.948703
153.228339,141,2580.990541
110.556804,104,2582.808898
204.38991,144,2583.999905
176.170176,121,2585.916134
148.513619,122,2587.888924
160.994132,128,2593.807198
108.33394,137,2594.815602
179.572603,97,2595.619063
197.267411,98,2596.460634
143.729917,111,2597.310803
146.379666,112,2600.871002
185.583738,163,2602.229183
239.682604,174,2604.341269
164.560824,108,2605.828088
145.084839,114,2606.957193
242.761133,179,2609.370457
156.537264,174,2612.057578
207.733609,150,2614.199784
81.992958,112,2616.056308
137.44646,81,2616.57905
187.373341,128,2620.512036
180.015366,125,2623.054285
171.070321,155,2625.84166
172.689569,164,2627.976418
180.23099,150,2629.824454
215.098157,162,2632.916404
199.040551,192,2637.28201
181.615659,146,2638.666142
218.299664,149,2639.937289
167.267759,84,2641.690555
163.326461,156,2643.070857
171.27836,136,2645.258564
175.583227,144,2646.402903
-101.553364,1,2646.427614
399.904011,39,2647.754548
1035.828356,150,2650.700482
611.396234,112,2655.48589
153.782008,85,2656.116903
143.377872,106,2658.646441
137.90095,112,2662.453551
206.434875,107,2665.171883
127.476851,112,2666.384151
162.741511,44,2667.839695
1240.447577,210,2672.462814
242.182656,180,2692.292548
161.934025,76,2692.851371
1499.967794,241,2698.889347
186.291486,98,2700.006472
247.093506,212,2704.476991
179.211945,106,2706.333781
450.493719,90,2708.843846
145.650555,141,2710.862194
158.882703,170,2715.4177
1138.651149,187,2718.22175
171.654339,134,2719.293524
120.833357,122,2721.106512
170.648562,163,2723.297257
187.643089,137,2725.026014
108.846071,185,2728.963885
179.610602,109,2729.907555
161.445889,152,2732.077429
258.282086,175,2733.376459
209.14306,169,2735.563408
185.121158,147,2737.474916
161.412652,99,2738.118685
197.709776,116,2739.825807
1388.391643,241,2748.61242
174.804136,128,2750.514708
206.986431,179,2752.614775
161.345433,114,2754.34421
179.00185,159,2756.04299
162.676246,148,2757.370211
131.516496,96,2758.153099
173.445931,144,2759.307058
165.986,98,2759.966728
202.056848,113,2760.776096
211.16077,173,2762.151224
148.333266,165,2764.572633
132.118371,136,2765.625272
191.908127,123,2766.485013
168.742128,179,2776.332365
156.411787,155,2777.511371
852.835828,145,2779.531621
-85.566668,12,2779.617581
166.066066,145,2780.758965
1307.845617,157,2782.719044
170.205601,127,2784.43071
204.714189,127,2799.455972
139.493448,105,2800.123824
221.558249,178,2802.214912
163.305973,96,2803.890163
150.338453,72,2804.696302
239.789259,203,2810.164862
169.690305,112,2810.743369
211.61137,161,2812.972634
189.144694,145,2814.84302
183.594262,144,2818.837322
160.66432,123,2821.03778
151.240975,121,2821.714878
145.970994,100,2823.210357
139.108734,84,2823.731346
132.186629,139,2824.705318
199.843051,241,2827.288992
145.266057,69,2827.69581
190.198618,144,2828.634493
156.870645,96,2829.320333
152.137794,138,2830.265509
171.93368,196,2832.520717
246.257757,143,2833.365777
173.676935,137,2835.308604
199.511016,154,2837.209564
195.756497,151,2842.398352
266.082284,198,2845.010675
196.409685,134,2846.683568
168.079874,78,2847.20884
224.376031,171,2849.385897
136.987021,140,2850.312913
397.651456,38,2851.573968
130.538183,113,2853.211748
185.061743,129,2854.266574
189.486963,182,2856.755382
169.348329,90,2857.334199
217.754938,186,2860.173172
178.970928,130,2862.051402
120.315282,139,2863.081066
180.911854,103,2863.91372
209.565304,143,2867.788055
165.734938,153,2868.687187
167.284331,84,2869.723764
204.066055,154,2871.072205
186.395787,132,2873.791221
210.001467,147,2874.640427
233.707097,162,2875.805299
214.969247,141,2876.80165
-91.827318,78,2887.459124
229.748934,184,2888.909924
128.807479,86,2890.381325
169.650065,157,2893.010555
141.776428,92,2893.975144
156.962595,100,2894.986666
150.496216,138,2895.882544
140.916683,107,2897.487
158.078305,99,2898.094016
122.31181,93,2901.574057
158.48623,118,2903.799745
152.074834,73,2904.269237
858.808846,103,2905.841073
180.770255,144,2906.859805
167.653288,98,2907.461956
174.0957,90,2908.103048
1127.572182,241,2912.490101
-128.705804,53,2912.964109
148.070445,165,2915.141358
183.483678,151,2916.367111
131.706649,99,2917.073342
203.680422,142,2918.002311
150.918289,71,2918.496512
193.958727,142,2920.439088
136.62793,93,2922.090409
187.925517,137,2923.951271
144.372332,103,2927.644047
186.65523,97,2928.387115
154.313756,151,2930.991418
151.912067,111,2931.701535
23.301991,110,2932.419622
888.976979,130,2934.253858
207.66711,165,2936.410919
209.504593,157,2938.487011
171.65328,110,2940.360794
264.551744,169,2942.685322
260.475704,181,2943.663732
202.466139,137,2946.283155
204.845587,136,2947.24251
141.031169,94,2948.02154
151.56303,181,2949.562382
166.222332,118,2953.250336
239.814567,214,2957.494789
866.506244,109,2959.049799
206.011975,165,2960.089243
159.991504,126,2961.859837
139.105213,96,2962.439224
128.892206,116,2963.316111
185.999899,161,2964.576418
136.755343,96,2977.379276
180.091996,118,2979.378156
186.180257,90,2980.839807
1311.931092,196,2983.855853
1346.356463,241,2987.80667
-58.795835,1,2988.81011
1174.387899,178,2992.536388
161.415613,126,2996.10674
131.475959,81,2996.657878
163.216052,95,2998.921693
124.435836,74,2999.484491
180.923213,87,3000.127207
169.483768,116,3001.915321
162.316118,95,3002.448976
1118.866624,120,3004.946032
180.130309,128,3005.914548
220.23695,161,3008.076899
141.411357,98,3010.609272
194.907387,152,3011.695341
140.038295,93,3012.322868
245.231415,168,3015.161
186.548778,95,3015.698315
164.398878,123,3016.450065
198.670844,175,3018.558856
219.509005,127,3019.351235
150.044321,139,3023.154272
194.86327,123,3024.37946
220.437385,151,3026.936055
142.27663,101,3028.381775
167.095193,128,3030.943684
122.230346,82,3032.409091
222.907805,173,3034.486798
196.031354,159,3036.411621
165.080563,93,3037.94858
1232.992422,207,3040.928718
158.863393,111,3041.792764
730.069515,241,3044.092068
205.384692,158,3045.967444
204.452638,156,3047.115863
147.60352,99,3051.44228
409.662134,46,3053.960692
141.782082,98,3054.505813
126.009467,115,3055.31458
198.329717,131,3056.991535
161.769516,130,3057.784636
187.248557,148,3058.734721
235.483285,171,3059.884384
243.939682,174,3061.866424
163.528082,126,3062.813918
266.868635,215,3078.129073
187.226574,130,3078.822094
259.250552,189,3080.229095
176.438787,149,3081.273112
193.321683,203,3087.598343
143.681008,118,3088.457983
174.973836,131,3089.376925
216.428449,212,3090.787309
160.321771,124,3091.653904
190.608999,148,3092.740891
132.095511,89,3093.380518
154.78569,106,3094.201952
180.185948,84,3094.785305
157.336749,110,3095.556802
147.152389,82,3096.069673
235.333984,183,3098.063084
184.369382,112,3098.9021
165.215787,136,3099.879194
140.479799,99,3102.248962
177.751413,104,3102.788177
143.881225,87,3103.288343
155.130322,113,3106.965346
253.006426,186,3109.005452
-56.823677,56,3109.650911
-158.795834,1,3110.811667
223.943045,169,3112.659326
151.437372,97,3113.342343
148.369344,84,3113.979571
184.639334,122,3116.014054
257.295461,190,3117.274548
138.679682,80,3117.8268
-83.857106,16,3117.958943
194.386168,148,3119.811957
200.535147,158,3120.849055
155.372983,155,3121.966997
155.623237,108,3123.905007
201.7005,150,3126.617913
174.186393,129,3127.341457
166.485055,87,3127.999624
185.135905,145,3132.699796
220.375463,161,3135.613024
168.998824,103,3136.417589
169.374432,95,3138.084978
159.145597,177,3139.398051
238.58972,204,3142.281534
211.884297,175,3143.643885
214.762108,122,3145.601619
481.475427,83,3147.159424
172.364912,135,3148.079816
136.628339,123,3164.091045
177.010359,102,3165.162319
146.218724,98,3166.14097
227.399183,164,3167.439365
171.513238,89,3168.072691
177.931209,147,3171.233152
213.755054,155,3177.200512
172.727667,95,3178.750474
238.246803,171,3180.845032
212.65846,183,3182.386537
159.16901,94,3183.060376
135.232018,100,3184.88021
171.96546,118,3186.461448
171.096689,121,3187.238288
191.003755,119,3188.142215
172.076459,134,3189.159134
144.407572,135,3191.248921
244.247813,163,3192.305015
158.439454,73,3192.830268
200.205314,174,3194.188562
178.629075,96,3194.94166
240.426011,200,3200.381893
151.63169,116,3201.361709
119.574955,76,3202.307042
126.066817,103,3203.66463
219.749744,176,3205.875703
191.222547,145,3206.850889
203.469495,170,3208.058296
131.969828,141,3209.160617
245.815459,192,3213.011582
207.792328,157,3215.406248
640.824711,123,3217.293783
167.361124,131,3218.181092
299.953518,193,3220.596093
198.316471,145,3221.695884
157.625194,107,3222.530588
244.675049,197,3229.656029
195.251966,138,3230.741356
136.415475,142,3231.841801
221.100025,116,3232.55125
114.353953,109,3234.441155
153.013622,106,3236.143798
131.061147,90,3236.844327
123.685108,78,3237.544728
1045.794325,128,3239.495858
172.546068,99,3240.183708
227.296073,193,3243.738899
150.588001,113,3259.820039
150.68079,130,3260.71565
246.83924,169,3262.143971
197.257531,154,3264.382539
203.718259,146,3270.273441
165.623885,139,3272.42733
118.827887,118,3274.807163
164.848949,124,3276.522753
200.008796,142,3277.646527
213.471061,147,3278.701462
202.945891,181,3279.942358
264.190594,184,3281.315388
118.897706,107,3282.996696
188.970407,134,3284.053316
144.47249,109,3286.937642
161.137485,130,3287.748706
155.916205,101,3291.485724
170.086609,135,3293.248624
172.673375,90,3293.894926
156.392939,115,3295.828209
167.983678,173,3301.668364
102.578138,85,3302.330652
164.841196,131,3305.458371
1270.835274,198,3309.72681
230.784665,158,3310.742879
198.995317,200,3312.216666
90.895305,111,3313.054462
130.267302,84,3313.695016
136.464009,93,3314.419262
194.662526,128,3315.428814
165.34007,104,3317.390638
186.102371,155,3318.263392
245.700848,163,3319.312007
219.437066,138,3320.274952
191.789226,141,3321.53257
131.386012,84,3325.101288
171.164507,132,3326.547155
175.373362,86,3327.554476
232.944764,138,3331.883739
165.481923,128,3332.830203
139.516796,67,3333.338647
128.793986,93,3335.549569
192.439338,121,3336.412432
298.535997,191,3338.613026
220.956824,176,3341.665009
177.806818,91,3342.961948
1175.04259,138,3345.842188
-93.172445,98,3346.634524
148.14105,129,3362.691028
198.077506,155,3364.91792
139.889858,114,3367.436843
169.520193,101,3368.546885
1504.471598,194,3376.062293
232.338298,213,3378.463204
136.874699,113,3380.071066
166.854292,125,3380.873296
185.118591,41,3382.116015
215.365926,158,3384.949822
1131.220921,185,3386.914249
221.542925,131,3387.755967
206.087256,127,3389.572443
192.765838,164,3392.753191
180.911689,120,3393.391227
264.645918,219,3396.718315
117.18801,151,3397.537165
137.479792,86,3399.075932
190.81646,126,3403.742343
-82.445851,15,3403.891091
173.095906,137,3407.10858
225.513766,144,3409.138536
247.661565,164,3411.054445
220.174642,148,3411.91361
209.249457,147,3415.485809
139.168127,166,3416.65806
145.816817,94,3417.30957
201.293392,170,3418.559843
164.139179,130,3420.635892
1020.881372,179,3423.971008
204.973586,148,3426.315439
151.274659,83,3426.851105
222.506361,158,3427.956448
173.778048,148,3433.038423
159.217056,167,3437.478798
186.219446,145,3440.134911
175.73775,144,3441.368842
177.205851,139,3442.391023
210.950837,173,3445.400894
119.084659,103,3447.243982
1218.60015,140,3449.382709
148.028273,139,3450.324121
251.310148,152,3452.44664
151.118568,100,3454.240741
218.61585,163,3455.243313
256.101808,157,3468.443267
192.135334,147,3469.474818
278.502662,187,3475.497457
154.416407,139,3476.555932
216.044787,145,3477.778111
136.01947,115,3480.107209
279.138553,203,3482.910253
170.424122,116,3484.000645
276.870103,193,3487.378011
1264.901317,199,3490.55232
193.97027,144,3493.290314
109.937092,160,3494.279219
194.882805,132,3495.195009
150.037055,114,3497.856208
238.125501,173,3499.017747
187.487619,206,3503.336216
154.740603,137,3504.010041
222.955332,160,3507.816562
240.277002,185,3509.070652
171.144663,120,3511.685652
289.225135,176,3512.734195
189.306481,154,3514.774737
177.466315,92,3515.458801
159.16335,133,3517.521951
213.45586,168,3519.652198
156.989394,85,3520.179778
549.847852,70,3522.651132
138.85533,122,3524.434438
-31.024358,72,3526.015149
193.070148,151,3527.1178
158.208422,138,3528.197258
148.37405,81,3532.739602
158.384619,105,3535.377504
146.411277,101,3536.148356
162.816064,93,3536.907631
167.031053,86,3537.404257
205.131099,150,3539.442091
186.829547,150,3540.232367
183.613685,126,3541.05208
163.510642,105,3541.992746
280.198827,180,3544.236408
153.021967,124,3545.136162
182.461738,127,3546.866015
150.205758,106,3547.497205
183.713042,131,3549.157487
1423.241259,141,3563.410773
127.930534,99,3565.059508
218.295891,144,3567.341495
213.624427,128,3575.303707
234.207815,167,3577.523693
187.589723,125,3579.528303
815.258228,93,3581.117296
220.681155,140,3582.304745
254.677169,168,3584.567775
212.494685,107,3585.360782
203.046323,160,3587.645784
-141.508079,59,3588.245348
160.799612,107,3591.090295
457.570268,99,3592.546763
253.806334,181,3593.794007
141.733998,112,3594.541325
168.574553,88,3596.144407
223.26962,176,3597.138679
279.528779,171,3602.896634
213.461726,131,3605.192055
147.995413,120,3607.261856
165.01945,132,3607.946259
188.959268,124,3608.717807
252.987058,172,3611.636246
230.279928,155,3613.643598
151.307539,94,3614.204252
164.896798,114,3614.897059
288.263396,194,3617.117065
121.906335,77,3617.644285
178.078119,116,3618.551773
192.225985,137,3619.644901
161.912324,87,3621.203221
248.023444,185,3622.411623
177.850404,130,3623.157781
226.049009,133,3627.562585
243.09025,170,3630.641799
165.000232,92,3631.677283
143.437217,119,3633.504743
125.947739,204,3637.55879
155.833948,106,3638.127796
138.003287,88,3639.689742
184.71947,133,3640.577232
201.256925,119,3641.356422
215.80425,155,3642.592545
168.63856,120,3644.397982
171.959305,123,3645.192941
282.892027,189,3646.648896
169.283586,138,3647.726001
144.650296,88,3660.713153
194.118828,136,3662.876347
225.265066,153,3669.241118
177.088028,105,3669.794483
216.98643,146,3670.877327
171.858584,124,3671.714382
151.641382,82,3672.2526
218.827071,150,3674.092195
161.055258,122,3675.741222
240.893283,180,3678.035312
125.128092,135,3679.128271
1133.294512,200,3681.31496
221.322599,159,3683.15281
169.317749,91,3683.675919
952.414521,113,3686.296669
195.563743,188,3689.898334
1139.730668,166,3695.156394
20.639072,241,3699.424926
245.744517,161,3701.435511
188.977873,109,3702.286368
169.775106,133,3703.255611
195.846944,110,3704.048001
230.100586,161,3705.087297
175.205278,115,3705.856588
139.307967,91,3706.422711
250.806637,178,3707.721729
190.719987,107,3708.428915
174.66338,92,3710.803098
240.769011,183,3713.253616
169.394448,105,3713.938248
189.660289,140,3715.754665
141.2249,97,3720.639168
1301.268898,241,3724.109811
135.681821,108,3725.850977
301.111851,188,3727.067935
287.410299,206,3730.463383
196.549756,135,3731.646975
176.95837,95,3732.277058
186.844197,146,3734.125852
152.080882,115,3735.711153
172.395043,179,3738.776747
-98.795833,1,3738.792141
160.209414,76,3739.37522
-138.374982,19,3740.516792
209.277319,144,3743.090536
167.669957,123,3744.843229
997.874317,169,3746.951707
232.72294,196,3766.065367
458.484469,99,3768.850122
213.563213,157,3770.209721
232.831792,148,3772.392472
933.43218,131,3775.18739
156.284528,118,3776.037563
147.515627,121,3777.077273
237.512543,142,3778.218298
189.581094,146,3779.257595
130.983524,89,3779.854654
254.236778,170,3783.891949
106.029942,120,3785.597472
-40.194873,93,3786.327454
168.437593,102,3787.080732
1739.487694,113,3789.641005
211.739973,158,3790.80736
172.375787,121,3796.290821
230.38489,180,3800.105614
251.515125,162,3801.959546
167.050095,154,3804.818398
672.225645,114,3806.26847
156.582274,110,3806.928196
218.811426,149,3807.926499
-58.795835,1,3809.010547
150.24328,82,3809.418752
208.049119,125,3811.085222
227.979787,125,3812.053014
141.58501,98,3813.69285
144.021036,121,3815.227141
174.923502,125,3816.199658
642.201899,113,3817.801011
207.760718,154,3819.988067
184.444402,127,3821.997572
159.219941,88,3825.476255
158.938207,143,3828.125794
168.948928,114,3828.782919
-142.99002,51,3829.157389
173.724396,85,3829.802912
162.233081,136,3831.776347
178.193108,92,3833.228661
180.942801,132,3834.978433
125.883952,120,3836.643387
1393.336089,241,3840.554126
164.265354,115,3842.626253
173.633674,127,3844.93684
263.281299,180,3846.913498
191.903114,100,3847.789974
168.23884,137,3849.894284
190.21777,169,3854.03105
178.258593,128,3869.911758
246.514169,163,3874.587904
286.081788,165,3878.261507
139.241507,88,3878.876959
213.116666,172,3881.879588
123.2365,121,3883.650171
149.814191,87,3884.267765
164.856563,147,3887.330447
217.270722,159,3889.212822
119.603601,112,3889.913857
157.446414,137,3890.850971
156.879147,176,3892.047249
234.595126,140,3892.865489
190.69252,111,3894.691111
252.151319,165,3896.696719
138.227224,93,3900.201506
152.970781,105,3901.47346
234.099769,182,3903.275861
274.529085,168,3904.975349
299.546963,189,3906.701437
241.577187,177,3908.785972
232.753609,183,3912.083561
167.47074,89,3913.614839
253.173306,15,3914.572914
133.447548,68,3917.067235
214.661094,143,3917.804458
165.046264,102,3918.670577
161.366428,114,3919.540444
172.905617,87,3921.10063
250.591364,197,3922.412727
252.163619,166,3928.145385
152.996409,106,3930.44061
233.616381,184,3932.666585
162.939289,118,3934.961846
170.678652,156,3937.890392
259.561664,182,3939.326103
155.736907,112,3940.211357
146.627855,106,3941.075692
212.836537,122,3941.948882
127.933971,203,3943.466435
153.061551,119,3944.447537
207.36153,160,3946.714653
286.737136,176,3947.824897
170.252302,99,3948.531338
158.438312,119,3949.353986
148.246083,102,3954.114379
-149.682333,47,3954.488905
159.909114,129,3975.226218
165.350988,162,3978.1417
250.139109,174,3981.936461
133.082361,103,3982.818434
199.486366,101,3985.877027
171.024462,138,3987.024152
251.093037,168,3988.424205
207.158586,132,3989.534405
149.616857,107,3990.378711
176.854175,115,3991.431558
170.844156,137,3993.960098
-106.8482,5,3994.015886
221.314986,137,3996.197692
183.613561,99,3999.531698
132.035443,98,4000.419426
242.271655,160,4007.086206
201.784871,106,4008.282103
159.911272,111,4009.149689
201.654267,121,4010.27577
128.838112,102,4011.22498
182.258962,131,4013.63891
-3.351484,55,4014.187975
185.646459,128,4017.083018
1458.984424,206,4021.615848
164.131054,123,4023.607659
214.023333,151,4024.639678
184.851449,157,4025.889824
173.759988,89,4026.879016
140.072172,103,4029.262617
175.776685,82,4029.914543
186.931828,143,4032.047398
242.627848,146,4032.926522
213.456834,160,4038.154124
156.576255,116,4039.617453
199.829164,122,4040.823659
190.045641,157,4042.792034
173.396981,143,4045.634951
227.628038,125,4046.448838
263.510315,147,4048.439879
184.362441,141,4050.38222
160.51062,241,4053.107465
929.553702,199,4056.268475
163.095398,79,4058.474996
203.293469,156,4059.803001
227.781786,166,4061.8658
156.408062,115,4063.497822
264.706666,170,4068.786005
227.300268,166,4082.473306
176.499691,120,4083.306032
168.662152,113,4084.202727
202.679789,151,4088.087501
185.280466,112,4091.01328
252.566369,241,4094.190698
148.508785,101,4095.738714
253.928328,167,4097.835633
156.224062,94,4098.436206
159.526375,146,4099.482929
175.56553,101,4100.079399
143.859622,120,4103.648369
165.170324,80,4104.087506
234.735505,211,4106.653934
138.512234,142,4110.882655
205.753929,157,4113.52207
112.489675,145,4117.725176
1080.569957,202,4121.352447
191.082229,126,4122.083676
187.448604,133,4122.926434
234.788795,181,4125.219763
117.137206,241,4129.755916
183.326762,129,4130.588188
209.363435,123,4132.414719
175.889042,148,4134.33211
-58.795833,1,4135.417202
148.412328,92,4135.977405
176.573306,130,4137.920746
235.929726,172,4142.883818
159.016457,105,4143.91145
179.808844,138,4146.039365
142.158401,87,4146.632002
160.907237,141,4149.799688
171.718072,110,4150.750154
260.568729,160,4152.003824
181.048066,139,4153.803006
196.984128,134,4154.521498
159.010814,109,4156.37682
154.803382,128,4158.213893
193.652163,121,4160.113644
178.119129,97,4160.782953
1019.053918,173,4163.082216
1275.535098,189,4166.160387
202.12309,160,4168.102215
174.420346,140,4172.608639
453.548612,54,4175.400444
186.898966,143,4177.0478
239.117746,153,4191.075083
159.552093,84,4192.752414
189.967927,116,4194.845336
180.901157,157,4197.810958
269.838192,178,4200.049537
-137.54477,23,4200.238096
220.897989,162,4201.34072
117.527044,76,4201.936674
67.534616,241,4203.743309
303.085957,188,4205.139942
250.50366,151,4206.216262
223.056607,167,4208.210133
180.856056,216,4215.73991
217.01438,175,4217.898937
178.789631,101,4218.547276
153.708424,108,4219.312948
190.325312,95,4220.849719
983.715821,146,4222.656797
163.203152,98,4223.311435
201.283543,99,4224.052394
176.799097,156,4226.972527
164.301079,85,4227.494608
238.524571,166,4229.707581
222.476128,142,4230.651687
250.948834,166,4233.730361
184.023364,136,4236.541048
148.638274,118,4238.24786
153.052647,106,4243.662982
163.736338,121,4244.955196
159.764485,115,4245.981814
196.996901,101,4246.799447
286.403504,185,4248.059375
202.467841,137,4249.955676
1219.642148,182,4252.012223
200.893506,182,4255.120418
198.575672,165,4256.345225
186.524092,103,4257.063695
153.639334,105,4257.866273
180.244266,163,4259.953889
192.972191,140,4260.996673
185.04043,114,4261.822754
-58.795839,1,4262.872521
177.358327,134,4264.611744
1263.359116,145,4272.157527
157.860712,116,4274.2002
258.359951,193,4275.648884
151.749799,90,4289.362704
1328.778449,217,4292.117866
185.34011,132,4296.003324
238.531678,180,4299.37971
222.898013,190,4302.655282
236.237267,173,4303.876831
197.599681,107,4305.779626
161.496321,121,4306.569916
184.078434,141,4307.494645
1310.96582,154,4309.315302
118.258271,106,4310.997599
194.970891,99,4315.779945
147.920633,69,4316.686689
203.350558,157,4318.895149
205.804371,159,4320.243691
203.65997,179,4322.523481
269.15547,201,4324.922771
188.495159,125,4326.9754
245.415914,160,4328.067106
177.181668,189,4330.140001
162.459311,74,4332.474313
150.854949,103,4334.46493
296.184477,191,4336.001154
151.934401,122,4337.019295
229.441858,138,4338.140382
144.895092,99,4338.929337
241.714504,152,4344.072363
142.315838,92,4345.930711
1218.465957,128,4349.069668
194.111551,128,4352.08451
949.57976,219,4356.695735
133.775057,100,4357.514291
275.550613,197,4359.13997
210.151804,144,4360.315404
184.608165,241,4363.296673
206.51715,179,4365.147216
151.197418,127,4367.381627
217.792609,135,4368.466317
238.164518,165,4369.931445
201.742316,136,4374.017003
1387.926872,241,4379.021531
226.261005,122,4379.865067
202.002339,137,4399.508715
172.459689,117,4400.443831
162.239028,159,4401.661283
236.366595,159,4402.979948
164.70095,118,4404.337818
183.372668,124,4406.097414
177.3791,101,4407.21626
151.507329,100,4409.065858
177.746664,125,4409.961004
400.714705,39,4411.315103
139.087047,93,4412.037397
314.957199,178,4416.876388
130.78531,87,4418.668458
285.296474,189,4423.638534
160.879041,141,4426.480182
245.465808,148,4429.122735
285.317977,175,4430.482557
272.950529,227,4433.309677
139.25803,100,4434.082256
-98.795834,1,4434.103536
220.535819,151,4435.313313
173.173798,104,4436.508247
241.502464,160,4438.681462
40.530842,137,4439.922119
207.30786,130,4440.8805
201.228707,191,4443.42163
116.215381,75,4443.899652
122.489801,89,4444.49967
183.605191,122,4448.56059
212.403888,137,4451.423585
243.896574,163,4452.744963
138.071307,91,4453.416849
206.593262,174,4455.855733
-299.556372,39,4456.473892
175.258806,178,4458.775414
158.911226,107,4459.822107
217.829667,143,4460.999594
178.213373,126,4461.981801
263.867057,189,4463.339328
159.480023,86,4464.011563
209.283644,159,4467.238716
259.237067,157,4469.604344
1101.115171,183,4471.93058
174.046063,140,4476.11638
273.326216,185,4479.264648
168.398489,112,4480.274076
207.84428,135,4481.460346
191.093506,95,4482.208738
221.042931,145,4499.148215
170.248668,97,4500.031762
1358.977267,161,4502.164977
297.314123,202,4507.132621
892.439762,99,4508.874101
140.640447,100,4509.54018
138.378137,103,4510.381831
176.269907,80,4510.983
1264.759066,148,4514.118736
161.184652,86,4515.927283
193.679544,137,4518.014309
-58.79585,1,4519.323424
132.13627,93,4520.083981
196.496282,106,4527.112126
279.72962,148,4528.253103
171.087646,183,4529.601712
170.029868,106,4530.525613
203.201482,143,4531.574184
163.552526,82,4532.22224
1016.794063,203,4534.814816
227.28489,190,4537.502132
171.614749,81,4538.219233
258.392551,213,4539.844137
192.9771,109,4540.748025
170.462955,92,4542.591005
271.985642,180,4546.441658
165.223488,88,4549.341007
124.051461,76,4550.209949
179.820011,135,4558.84423
203.651341,160,4560.32273
230.158304,158,4564.012297
208.844008,137,4565.256312
159.69565,92,4566.167214
166.336862,85,4568.075043
896.653898,99,4571.080915
189.827804,91,4571.801166
129.791568,97,4572.697542
116.957482,77,4573.383796
166.985853,114,4574.256317
249.697686,168,4575.598161
150.561315,107,4576.370816
257.052903,162,4578.636154
226.496532,122,4580.157759
194.321624,149,4581.3631
180.972668,103,4582.218069
1396.531319,241,4591.401237
119.365766,78,4591.959949
281.673416,196,4594.365801
115.230987,76,4595.915453
760.265506,121,4598.771789
131.649485,76,4599.414941
162.604586,124,4612.054001
200.975219,139,4613.110226
233.706945,179,4614.547922
210.073602,136,4617.526507
256.006282,173,4619.329522
174.842742,90,4620.018416
144.506899,98,4621.996274
237.663803,161,4623.13024
196.323735,142,4624.140427
140.892232,93,4629.116975
173.125243,124,4631.731055
184.926008,150,4632.940941
145.833253,88,4633.678687
174.310686,116,4634.551635
158.3355,86,4636.09349
165.896874,104,4637.133286
189.334873,159,4639.371616
183.338605,98,4641.304537
127.750283,89,4643.142464
76.95802,101,4643.908056
254.111202,155,4644.959945
231.169375,156,4646.10474
191.947597,144,4649.094085
162.089912,135,4651.09904
168.876387,78,4651.765388
198.228372,138,4652.897681
189.648968,144,4657.022667
162.218086,105,4660.802381
219.813785,112,4661.563447
151.030455,123,4662.513224
264.673962,171,4663.867406
147.457614,83,4664.510962
157.935786,115,4666.427779
250.232074,188,4671.839579
252.349982,165,4672.878874
294.545947,164,4674.146445
269.356265,164,4675.344272
1181.481031,144,4677.43438
254.959899,174,4679.846654
166.316602,85,4680.574417
294.809565,200,4685.350681
-98.630673,3,4685.377757
188.111153,168,4689.789646
206.952289,170,4691.722844
231.262971,139,4692.997394
150.36206,113,4693.803218
191.515423,134,4694.771301
140.003794,89,4696.332168
280.301969,192,4712.989855
125.040397,105,4713.719518
145.50328,106,4717.188769
127.050961,102,4720.348913
881.472078,118,4723.232518
184.687745,150,4725.543208
198.189524,165,4726.86753
214.255482,164,4730.372214
124.476021,118,4731.342768
198.159641,121,4737.330209
129.291736,76,4738.974861
203.002134,164,4741.283861
221.897154,150,4742.392935
185.337845,181,4743.981229
928.955027,117,4745.75023
1159.416812,204,4748.280979
152.765734,120,4749.201127
185.110107,99,4749.850024
159.777988,130,4751.905715
1037.941257,234,4755.849301
209.711142,146,4759.754479
165.215482,111,4760.699882
259.890523,174,4763.188889
202.503404,152,4768.255471
247.43224,153,4772.965098
164.939876,124,4773.756602
171.881196,132,4775.667229
214.033488,220,4777.529873
289.57522,193,4779.042473
155.581468,153,4780.101191
157.354909,85,4780.788602
275.084687,170,4781.953218
193.281161,140,4782.887048
218.953159,152,4784.855549
197.759765,138,4786.67301
185.629747,118,4787.942112
-108.82665,59,4788.678626
218.461288,166,4796.480349
150.981498,107,4797.77705
148.586946,105,4798.71144
184.620334,123,4799.669353
248.845796,173,4803.222706
209.255231,123,4805.226073
136.798902,80,4805.876933
197.122704,99,4806.784718
1304.614977,159,4823.890334
124.512207,82,4824.637936
191.044167,133,4826.729843
196.804973,99,4827.344678
151.29566,88,4829.876899
171.710705,156,4831.789905
158.611998,95,4832.448098
192.354656,124,4833.30614
124.740109,81,4833.87486
208.743664,171,4836.951134
1169.061975,169,4842.759756
219.973426,148,4844.032315
237.013356,165,4845.584523
261.857799,175,4847.161546
240.140863,215,4850.996533
214.848115,156,4853.308849
165.472605,75,4853.845133
194.559579,97,4854.529224
256.978971,156,4855.858442
163.203631,106,4859.809671
227.41116,169,4861.109503
188.14108,122,4861.91431
214.892497,146,4862.922251
201.330541,167,4867.35612
209.741786,138,4868.553804
129.130801,85,4870.957035
185.925007,101,4872.727368
203.133755,139,4873.78993
199.24038,161,4875.007896
209.287641,155,4877.069667
228.609595,162,4879.078658
207.803771,122,4880.617875
1144.784682,186,4883.342375
241.782578,142,4884.345677
170.627055,123,4885.18124
235.969507,141,4886.348525
279.805223,179,4890.032176
245.036208,193,4892.57124
238.85901,173,4898.899248
190.069852,135,4900.01067
205.556218,120,4900.982616
176.443935,82,4902.602498
259.179116,157,4903.541968
156.511052,89,4905.472757
238.85889,143,4907.684552
132.993588,158,4911.064218
270.07994,185,4927.554719
210.534576,135,4929.525402
174.955738,104,4930.688204
166.462973,130,4932.407737
119.136809,139,4934.087061
-48.144664,160,4935.445123
182.388493,115,4936.375683
170.447095,97,4944.473897
176.533139,95,4945.160603
238.598294,161,4947.378683
1100.876114,221,4950.054054
274.085798,189,4953.395372
202.006954,112,4955.301972
457.409204,241,4959.040227
202.133085,97,4960.87274
236.25482,170,4962.107058
247.224038,164,4964.632787
491.555242,83,4966.346619
240.844433,187,4969.598333
199.28408,110,4972.581077
134.760341,120,4974.703303
135.512356,91,4978.656653
168.987293,120,4980.024441
154.28045,71,4981.030512
151.260298,75,4981.681631
129.002408,88,4982.421025
240.881417,228,4984.929451
190.29145,133,4985.75053
195.912787,147,4987.847271
227.342633,135,4989.039162
1132.295226,186,4991.460226
165.088134,131,4992.476424
229.616694,148,4993.801006
1319.181791,161,4997.085944
253.419731,153,4998.269326
239.431655,167,5001.524479
149.530316,91,5005.365155
138.231072,104,5008.100702
274.503612,205,5010.521585
291.676095,196,5013.773527
169.305985,85,5014.439853
197.877067,139,5015.576035
186.773234,99,5017.302132
204.920768,137,5018.020962
136.033708,101,5018.653242
218.400667,152,5034.485504
219.194118,159,5038.866881
157.272986,74,5041.596746
244.698167,167,5043.012204
164.432736,156,5045.105479
182.76187,115,5045.85983
212.797658,142,5050.199824
-70.783414,54,5052.346978
173.388397,151,5054.596736
142.238496,96,5055.224805
925.333767,132,5057.175226
179.502778,102,5057.963047
209.460592,126,5059.167779
121.4859,99,5060.460917
257.713902,156,5062.007071
177.361121,101,5065.057805
1432.489694,241,5067.780089
177.496404,89,5068.468032
209.273329,123,5070.444586
180.094685,86,5072.232541
136.19791,138,5073.39674
240.957513,164,5074.852062
157.464357,88,5075.53951
194.746462,100,5079.4304
1338.555477,241,5083.867391
145.097261,90,5084.525483
149.072746,81,5087.283857
247.619317,138,5088.204119
199.687999,135,5089.536642
156.938227,94,5090.833122
189.138258,106,5091.960249
160.770381,73,5092.623609
202.729218,131,5093.595086
-136.066903,54,5095.055046
205.873768,155,5097.13748
227.948833,161,5098.182866
174.448827,130,5099.222469
153.381341,100,5101.069521
232.018043,241,5103.963326
830.729104,93,5109.807248
159.979006,89,5110.663594
163.422518,85,5113.114804
243.386269,159,5115.311574
233.929045,186,5117.85565
312.759687,203,5121.072519
213.059505,137,5122.206652
181.566077,125,5124.245887
159.068423,81,5124.834819
146.797368,93,5125.595036
181.696167,95,5126.432091
211.406358,124,5143.773892
203.950425,98,5145.60825
205.300052,132,5146.731969
226.897984,159,5148.321444
175.294388,120,5152.510583
191.512798,163,5157.019829
263.111122,180,5158.688976
185.286674,106,5159.58832
166.467231,126,5160.756852
159.807999,109,5162.856581
245.872786,158,5164.062108
197.41137,123,5164.987749
185.166127,134,5166.007165
262.52958,173,5168.258418
170.488439,117,5169.112824
1493.314964,198,5173.614604
1274.914928,159,5175.680303
146.989039,111,5176.43273
229.778492,167,5177.661261
218.74062,142,5178.735119
163.552074,121,5185.099188
-190.41126,34,5185.384786
156.278386,90,5186.098552
154.334025,124,5189.102696
206.669583,194,5191.733233
183.961961,84,5193.588312
194.049382,173,5197.466593
170.253381,126,5199.372482
731.183415,108,5202.203185
159.122815,111,5204.179206
148.619511,95,5204.870573
168.605849,86,5205.537056
186.048856,107,5208.144264
205.761716,141,5210.94015
190.350139,157,5212.769464
183.434063,140,5214.067061
180.816386,120,5215.074954
176.946736,124,5219.187794
238.025815,164,5221.188777
194.997986,142,5222.487918
176.168002,87,5223.116986
149.753367,115,5224.945586
-90.525011,8,5225.008716
152.662105,100,5225.668089
205.257922,143,5226.767613
257.394825,162,5228.148868
131.630638,86,5228.791679
122.674207,102,5230.539351
190.440109,144,5231.62604
173.320302,105,5232.345505
193.813406,90,5250.855746
187.645813,129,5251.88725
161.431223,148,5252.977828
218.931572,142,5255.743483
171.74373,138,5262.568581
217.924023,170,5265.145789
206.679445,159,5268.600967
175.946329,120,5269.436372
161.789506,105,5270.631706
189.785857,118,5274.34646
162.573329,143,5275.243357
134.525436,135,5276.269633
154.983435,111,5277.275968
141.570794,104,5279.062308
193.268276,170,5280.427213
174.539378,119,5282.323689
174.028133,131,5283.28264
155.87116,124,5284.318235
255.405956,172,5285.683301
388.616011,34,5288.062554
227.448016,167,5292.557392
261.424553,165,5294.586025
1348.81591,199,5299.449464
271.491377,145,5303.65436
148.883355,130,5304.544315
175.989676,130,5306.469208
240.217906,174,5309.618542
1067.168766,168,5312.167119
247.55572,174,5313.626161
247.608763,149,5314.619717
156.825588,142,5317.682181
192.289012,132,5318.724414
250.585242,202,5321.764854
136.129618,103,5323.436194
248.631542,160,5328.057804
221.555084,131,5332.764746
124.932876,84,5333.489387
139.464909,89,5334.239159
189.047593,92,5334.968711
154.983536,100,5335.865435
182.052308,111,5336.756661
137.32662,119,5337.823196
201.584494,184,5339.251977
243.7021,169,5340.853559
140.948664,91,5341.604072
175.080461,168,5344.115011
275.237744,181,5357.500721
219.35898,156,5358.823553
162.889024,118,5362.149359
180.549678,152,5368.839001
226.234672,140,5370.965063
176.407505,105,5371.642471
175.579522,114,5373.459344
164.975747,134,5375.47411
168.65339,93,5376.10937
139.344795,101,5377.902764
221.49177,148,5380.264692
187.793186,157,5381.321072
172.715787,94,5382.024829
123.214768,111,5382.854562
179.533675,153,5383.834973
203.467299,119,5384.747935
195.064311,134,5385.735856
159.966481,97,5387.474908
180.952639,161,5389.836996
206.596325,143,5396.988136
290.125802,180,5399.108298
154.899668,113,5402.753826
837.836842,164,5404.949727
175.973313,167,5406.207542
141.098539,111,5407.102562
168.72568,119,5408.045154
179.581895,128,5408.902192
297.680489,184,5410.219941
207.186918,124,5412.06418
219.691968,154,5413.147495
169.501933,141,5415.429044
89.8989,103,5416.201735
229.176114,171,5419.683908
202.9032,200,5426.483797
170.263835,145,5428.000162
147.774288,128,5430.436454
210.549328,139,5432.652419
68.159988,80,5433.26703
152.585706,87,5433.896463
1410.876932,214,5437.824287
242.52014,146,5440.009703
1259.202769,220,5443.304628
104.904091,104,5445.368699
294.812662,182,5447.751219
197.053518,132,5448.784999
247.42783,181,5469.897277
174.476997,99,5471.194421
158.974877,114,5473.762693
257.986835,162,5478.672042
198.171248,94,5480.571576
172.218235,106,5483.779049
174.860251,137,5486.140427
253.385138,169,5487.243472
1240.13286,179,5490.648741
152.254683,129,5491.767396
297.902205,215,5494.53038
175.414133,138,5495.442809
193.834086,133,5497.280377
197.625814,140,5499.33465
181.285554,127,5500.302446
188.069597,92,5500.926581
190.269363,127,5503.669561
205.551664,99,5504.74348
961.074848,159,5512.54894
207.332453,124,5513.835245
197.94108,164,5515.199334
176.721875,146,5516.221126
238.016223,200,5518.820346
214.890876,155,5521.194841
124.345119,104,5521.95658
1619.023516,162,5524.340275
200.998314,103,5526.338111
172.458188,83,5526.913944
174.173583,148,5528.105021
193.660743,129,5529.182425
-171.095639,21,5530.446141
245.118682,176,5533.747482
231.874731,174,5536.179168
196.825229,118,5540.471199
890.943951,199,5545.338277
167.170947,74,5547.335898
159.065523,113,5548.2185
145.748364,83,5548.920393
204.912312,120,5549.919727
236.775943,141,5552.028058
228.042183,171,5553.319323
173.898455,132,5555.464747
144.291045,94,5557.362306
200.637063,153,5559.511958
203.978605,122,5560.585832
126.101283,91,5561.369156
190.7216,179,5580.649727
214.033278,146,5583.132529
185.534942,159,5584.293002
139.483528,106,5590.507697
938.313561,184,5594.663079
224.402915,156,5596.206525
267.91105,166,5597.651868
153.694383,93,5598.278651
114.785009,91,5598.914895
219.408818,172,5602.170174
1129.991432,241,5607.363166
218.179008,149,5608.694243
184.384658,87,5610.285117
226.861354,165,5611.489247
144.408385,83,5612.121779
145.850144,102,5613.991519
190.816236,125,5614.901638
206.731974,136,5619.145373
165.755156,121,5620.473219
165.663079,161,5622.399836
130.872494,148,5624.606992
149.452459,85,5625.186952
147.57104,108,5626.107379
157.41183,123,5628.212289
179.506511,102,5631.007913
237.031686,175,5634.657667
161.033172,79,5635.678722
1137.261072,163,5638.129112
198.443335,130,5640.428046
180.625134,120,5641.355875
147.277763,105,5642.242562
312.866021,189,5643.80827
200.847359,94,5644.497403
171.821194,112,5645.397731
212.390562,140,5651.599764
152.765385,70,5652.21262
179.846967,168,5653.642129
117.379864,78,5654.299835
222.63972,184,5655.842348
198.808839,157,5657.894358
1082.705843,204,5661.510309
232.698763,128,5662.549201
246.744504,176,5663.888727
160.151354,117,5665.552311
156.121059,100,5666.655934
218.103116,168,5668.112967
198.541928,120,5670.177467
143.272163,77,5683.893639
212.494508,137,5685.170407
176.348605,119,5693.437738
163.382499,101,5694.496826
167.22652,94,5695.828532
177.809423,112,5697.042598
157.328773,101,5697.974715
275.495529,182,5699.463282
215.053394,160,5700.478599
260.694093,175,5701.930065
139.343909,90,5702.667104
204.908155,131,5704.867146
230.94884,155,5706.874154
146.730933,107,5708.646975
237.775329,181,5711.851994
251.3142,168,5713.047102
177.573528,87,5713.828721
163.463348,107,5714.813492
227.024264,148,5721.035999
184.496836,134,5723.214834
182.177722,87,5723.832382
227.605583,154,5725.898298
245.074984,227,5727.862255
141.160923,128,5728.949555
117.124473,128,5729.879628
120.774334,100,5730.67533
211.706705,179,5732.980361
274.657823,186,5735.680567
193.583834,125,5736.673655
177.209343,100,5737.440775
166.21152,106,5739.408441
136.176707,108,5740.16934
172.889737,241,5745.998103
284.898556,178,5748.122629
178.37948,137,5750.530006
177.818072,114,5751.63404
157.180138,128,5754.938261
185.213822,84,5756.082981
139.678684,75,5756.97736
129.050236,131,5759.230957
194.26723,128,5760.145013
183.506735,125,5760.950191
266.351123,166,5762.231524
159.826817,105,5764.054211
176.732379,147,5765.298849
151.056343,80,5765.866454
158.28678,133,5767.035949
279.11153,161,5781.572212
219.61544,144,5788.25408
199.329831,152,5791.457636
1393.632934,241,5794.581553
249.026159,150,5798.930759
278.529236,214,5800.863249
158.369146,191,5804.478555
195.728941,131,5805.39242
139.802819,86,5806.099788
182.952567,122,5808.106637
-123.335397,88,5808.860009
164.07874,137,5810.926476
217.36733,159,5812.285167
183.144611,136,5813.384332
-163.252148,19,5813.550032
119.425302,92,5816.297059
621.424778,114,5821.849808
176.675678,91,5824.901665
182.146487,123,5826.978536
-26.118167,10,5828.102243
250.515538,171,5829.459127
207.284425,140,5830.603626
180.671339,90,5831.360806
186.71494,127,5832.390957
162.617869,85,5834.070828
188.787366,87,5834.640233
117.992492,110,5835.627559
164.170707,139,5836.833925
106.01482,79,5838.531166
265.147668,178,5839.690466
232.791427,207,5841.406776
179.277061,176,5842.904298
259.895939,174,5849.00988
156.99566,80,5853.058489
238.960863,159,5855.284688
223.722508,145,5857.486701
1405.504189,200,5861.001263
-58.795835,1,5862.109881
143.39836,88,5863.993722
276.609223,169,5866.23918
-98.487574,68,5866.761239
159.553486,120,5867.753351
170.509154,85,5868.484721
179.708294,149,5869.869869
187.176053,134,5872.694174
258.264141,178,5874.265587
234.491735,183,5879.082829
282.512096,185,5880.58506
213.27744,106,5883.526931
186.307331,88,5907.059646
163.369475,76,5907.912181
216.264317,147,5909.298712
1409.558528,172,5913.86178
1522.856479,241,5919.168213
184.696963,85,5919.884031
160.808203,100,5921.688598
220.627685,181,5923.382623
193.863133,123,5924.393423
-58.795836,1,5925.510408
150.926485,108,5926.299054
185.247696,88,5926.823786
181.719887,151,5927.849545
270.254547,194,5930.488395
145.975652,89,5931.091971
181.316164,149,5932.378482
215.275692,132,5939.308409
209.871089,168,5941.932313
232.573405,170,5943.276207
196.595858,132,5944.417877
217.157045,128,5945.441517
174.476604,99,5946.270179
178.291085,84,5946.971548
150.880075,81,5947.65455
272.305408,166,5949.99394
156.771327,91,5951.854045
210.630819,143,5953.100158
201.986017,136,5954.340146
162.667894,126,5955.374169
248.070596,134,5956.408187
222.42157,154,5959.609773
180.709257,117,5960.451684
241.355102,155,5964.898405
183.079574,120,5967.422119
251.440897,150,5969.325819
212.377054,143,5970.420195
167.401454,130,5972.414499
233.992116,167,5973.447817
145.886119,95,5974.202849
-99.73125,3,5974.248425
138.708936,75,5974.885234
202.130506,132,5977.20134
183.616355,85,5977.807772
245.937744,178,5981.351591
145.032493,89,5981.940196
152.804349,70,5982.459724
154.093343,131,5983.503586
168.015172,130,5984.777854
147.104367,101,5985.662031
259.813396,170,5989.987767
147.313527,69,5990.456169
180.249661,122,6007.088927
173.369758,110,6009.976986
280.885334,172,6011.963627
1227.44677,215,6015.447095
236.621802,190,6017.007131
244.716499,147,6019.105078
284.590275,209,6021.673413
228.004136,160,6022.891295
141.817392,76,6023.455651
174.946873,81,6024.164771
116.54808,87,6024.917854
1136.11036,179,6028.328287
163.13194,94,6030.11335
159.204382,88,6030.848068
-88.244193,46,6035.883848
181.049408,92,6038.099129
199.93679,176,6040.711263
171.371669,133,6041.74236
241.436209,176,6043.273053
181.685081,127,6044.186979
137.247724,91,6044.857085
228.012559,176,6049.487675
189.642877,109,6050.252334
240.899409,159,6051.476059
181.045462,116,6053.456803
262.344821,171,6054.959624
186.079264,107,6056.200684
206.723138,153,6059.300492
247.825394,225,6063.49684
202.342368,137,6070.49329
167.073655,121,6074.332733
238.532662,131,6076.275867
131.440696,117,6080.333779
159.217491,88,6082.126322
141.879622,86,6082.808543
173.399258,110,6084.929297
222.289474,132,6086.181341
198.717985,165,6089.420257
136.191198,110,6092.169608
171.317281,152,6094.397552
172.643817,113,6096.356648
197.727657,137,6097.353694
137.464001,111,6098.237691
241.80028,145,6101.419035
197.666663,115,6102.121441
199.338949,132,6106.360324
149.812871,98,6107.426414
175.560673,135,6125.380972
183.086898,131,6126.506962
260.76524,155,6128.891814
205.83817,100,6132.941259
205.059944,158,6135.201519
118.943855,201,6136.567416
174.044049,90,6138.261649
199.30943,95,6139.884902
216.956611,159,6141.095544
227.669079,163,6144.507567
216.429624,158,6147.383862
247.441128,181,6149.079376
193.472419,117,6150.971703
