#{"t_start": 1770638901.002364, "env_id": "crossing_planes_multiHead"}
r,l,t
182.182243,186,8.87812
-109.858593,47,9.189974
-59.220838,1,10.653442
-137.300162,46,11.959271
144.923568,230,13.304061
639.975084,241,17.491667
-58.795835,1,18.687305
154.620196,158,20.224018
175.764456,241,22.093916
115.631746,81,22.717314
134.521055,241,25.650028
-74.753638,84,26.188543
-67.41934,92,28.489913
-15.098784,58,30.093559
151.294092,173,31.192611
201.008702,219,34.836321
232.191137,205,38.48307
130.305692,164,41.196235
180.251167,166,44.62724
-84.555695,30,44.794837
160.954855,160,46.874829
158.078074,212,48.716529
-82.928971,75,49.216699
-104.877403,56,49.737728
154.485593,241,53.109388
-103.300691,6,53.162554
-141.8505,70,53.635965
-60.862435,50,53.941876
862.197962,241,57.08804
5.845194,191,58.836954
-94.869205,27,59.016926
111.875012,124,61.427085
118.80088,162,63.469442
181.466728,189,64.567826
417.443949,150,68.318612
111.126589,93,70.64856
122.835121,102,71.337133
1406.271616,219,75.181274
204.522056,194,78.264403
199.89717,125,80.04537
-103.998451,76,80.454735
211.744152,241,82.762696
103.600584,163,84.365011
-69.254992,77,86.238117
-51.760473,110,87.601388
117.794917,151,90.479061
201.178349,202,113.34279
200.478117,228,114.953698
141.929049,164,116.594881
-132.160637,37,116.968028
-98.446663,40,117.478214
-121.198759,86,118.494547
137.896677,82,119.271662
123.614445,193,121.32805
-68.795133,51,122.80197
-120.595869,40,123.180488
105.410214,120,125.054808
-85.351735,66,125.70941
132.546209,126,126.532282
-52.097042,96,127.308507
190.163987,196,128.817585
148.19268,110,129.462395
944.9107,241,131.922538
201.440733,241,136.495819
255.694405,227,139.288632
-118.079007,75,140.874326
135.516194,109,142.031241
-45.451386,60,142.427006
104.185184,160,144.020091
134.57307,108,144.759821
129.504573,98,145.679092
-62.927353,144,147.657105
216.809947,180,148.568853
901.106678,241,152.503516
110.465573,102,152.962111
227.85191,231,156.04826
217.098327,227,157.988451
101.126113,122,159.473817
148.926241,126,162.095796
173.561571,162,164.518386
184.84236,108,165.06416
180.708548,160,166.090582
86.206087,126,166.831504
126.897986,117,167.724761
125.18866,95,169.252137
-110.261205,100,169.844297
111.780142,138,171.589248
122.508558,101,172.126552
-62.511303,51,172.405553
162.511228,169,173.676738
123.145897,109,175.266729
196.112342,209,177.902406
107.562803,125,178.81279
154.538957,138,198.218266
864.510979,123,199.813846
1213.656436,241,204.832885
181.502353,129,205.679272
189.574718,212,207.616818
-59.103959,50,210.09743
182.534491,154,212.860067
139.107334,161,214.152622
172.380389,134,215.400482
170.400319,97,216.931048
101.718568,160,217.895021
159.761519,87,218.35099
64.484339,169,219.438744
169.523499,148,221.082718
138.677713,178,223.067571
176.194252,169,225.721712
167.264356,154,226.466203
-106.955077,30,226.716091
173.080212,162,227.811331
236.194955,185,228.969285
-57.127316,113,229.687102
130.857875,158,232.301685
-94.175464,24,233.31791
-79.160546,76,233.684844
183.757074,183,236.185902
95.868888,116,237.405063
-119.698486,66,237.814654
-95.12649,80,239.146229
159.870704,121,239.742826
152.412151,81,240.145762
172.551514,141,241.2788
1225.151032,241,245.549787
191.091419,228,247.723367
157.048168,127,248.337081
206.111508,199,249.431381
143.51952,146,250.307732
213.60398,220,251.976775
148.253069,128,252.783365
150.631501,205,254.96578
983.003734,184,259.243316
170.729204,176,260.491248
141.391782,96,261.593211
144.444466,140,262.398159
146.021725,151,263.354226
-50.116356,32,277.630503
-59.20803,1,278.896306
155.101756,132,280.824882
108.831911,136,282.347897
208.115562,160,285.527227
117.052507,90,285.94796
166.09117,133,289.344966
87.924765,120,290.777802
140.563984,153,292.503228
179.249864,211,293.416451
155.68783,151,294.35256
140.780152,164,295.419509
-138.421633,84,295.95267
137.289304,80,296.405272
146.330663,154,298.696338
162.753599,148,300.294413
-53.606407,97,301.664289
118.026916,163,302.505717
188.235343,175,305.085386
161.526748,140,305.905604
177.173975,140,306.960867
143.334541,177,308.083078
168.2056,140,309.666332
209.945712,153,310.39182
171.802771,167,313.055835
1024.891916,203,316.55532
158.860612,146,319.067881
132.461089,141,320.345815
128.318806,94,321.867739
125.318942,196,323.061866
168.198285,177,324.619505
1242.819396,176,327.593943
118.640367,128,329.103722
152.302491,113,329.670123
934.274002,241,332.169612
171.872966,97,333.872995
-153.419814,13,333.964652
122.827107,133,335.549048
201.12006,202,337.279997
87.060623,111,337.918953
161.567031,143,338.855196
-146.397509,19,339.015591
162.099658,167,340.255577
458.876768,102,343.120489
117.072291,82,344.651947
149.592291,80,345.137564
128.137734,108,345.812407
136.771794,123,359.117728
-201.402601,32,359.316633
173.814997,164,360.322711
-49.30425,136,363.077849
187.713504,180,365.894355
185.003133,166,367.378821
165.244374,114,368.399986
268.666323,190,371.19378
140.014912,144,372.102925
181.06826,148,373.070621
155.882994,76,373.55939
221.953829,241,377.271676
149.302468,110,377.974025
380.452245,124,379.559827
182.881624,203,381.205286
149.510822,93,381.98597
196.242501,241,383.53551
114.452978,104,384.306839
119.907619,110,386.758264
577.603159,100,390.795974
161.723613,160,392.308853
156.885769,168,393.317322
157.100171,114,394.880258
137.067983,147,395.654225
147.942346,219,397.947827
114.029747,100,399.414015
-99.456261,5,399.4592
146.220198,113,400.587447
148.740994,155,402.631224
1068.310972,201,405.482526
-100.331307,3,405.524947
190.735736,241,407.167362
168.164482,145,408.953375
205.826009,204,411.138455
217.754067,241,412.925683
167.934852,180,414.98385
-60.47253,67,415.342842
904.954979,140,417.919444
162.316632,170,418.705697
134.534221,133,420.20403
170.10128,109,422.089566
121.624649,97,422.561219
162.560219,241,424.239867
-121.321474,86,424.919216
-136.564674,38,425.249428
140.614563,113,438.461244
173.346949,175,439.538981
-51.038154,85,440.988695
123.547242,108,441.534663
140.859064,100,442.214722
177.593091,210,445.218197
145.556516,106,445.928183
141.586243,195,447.952689
141.689425,95,448.542237
196.860429,162,449.813026
164.100415,85,450.39205
142.053711,231,452.415463
196.171877,147,453.310339
136.608956,150,454.270054
217.486566,183,456.411765
-99.242093,7,456.459821
162.73366,153,457.876316
171.693108,163,460.456855
218.546828,240,463.832173
186.221093,118,464.455341
158.820936,132,465.314886
136.668144,192,468.252642
145.507343,148,469.825063
179.992912,199,471.598341
207.665289,193,472.931907
153.892019,165,473.986297
-136.058601,39,474.231797
177.869308,217,475.588937
185.71556,225,477.455241
130.288531,93,478.355042
127.896039,91,478.9017
678.251022,131,481.382669
218.004823,172,483.069738
963.508658,221,486.87465
117.935935,75,487.428906
153.674185,148,488.382288
126.762692,179,489.674117
175.715941,188,490.782201
1087.458656,161,494.786079
191.895554,182,495.7973
224.638815,215,498.5759
1049.611421,231,513.588761
1092.032142,203,515.790624
202.569232,161,516.88333
195.148133,195,519.655692
1391.165438,222,522.55715
116.717471,108,523.2268
164.409952,88,523.6951
161.92165,153,524.526606
178.561329,171,526.213963
174.121802,174,528.208591
136.674226,114,528.834411
161.309451,134,529.848677
203.656676,175,532.794097
-89.761052,80,534.133881
175.190525,153,535.014568
136.807328,113,535.656693
140.420349,121,536.309534
149.679686,92,537.849706
161.397694,155,538.615193
242.323124,235,540.018443
135.419872,114,540.669114
218.107124,160,541.428814
136.276063,110,544.694782
178.517654,163,547.012141
161.835384,138,548.619989
112.204888,117,549.411437
-140.644468,50,550.020254
152.595013,151,552.288138
169.039576,93,553.646155
144.742715,120,555.224531
160.303921,131,556.961356
136.015779,98,557.459331
131.098229,103,558.031791
199.125832,187,559.226814
196.420868,125,560.988122
137.592391,141,561.683922
142.632198,103,562.237916
146.904309,127,563.947229
875.69595,183,565.999948
99.264356,95,566.588873
106.134764,106,567.664948
1401.224771,176,569.555066
197.008151,117,571.838131
101.926901,90,573.566405
205.325992,210,574.723249
152.280389,77,587.961335
138.930469,92,588.566518
159.618248,161,589.523811
116.499724,119,590.281622
790.054896,194,592.78759
204.085038,196,594.311731
177.225642,99,594.899755
165.176339,108,595.933249
158.302152,150,596.90639
170.976695,159,598.802165
104.185372,85,599.684099
145.896589,143,601.554106
121.283469,111,603.5916
1203.307208,200,607.722328
200.833236,194,608.780867
207.895188,171,610.657683
197.600617,187,612.752427
162.804707,209,615.619926
200.781838,163,616.467331
118.950236,99,617.112407
216.090628,199,620.170782
187.128113,196,621.260285
146.372153,223,622.989163
190.458504,184,624.966832
-106.973534,49,625.282744
169.135486,92,627.399292
138.566497,107,628.032258
200.387101,178,629.052298
192.737354,176,631.076864
147.775515,102,632.395862
218.491378,194,633.496127
171.503372,143,634.382805
156.496459,114,635.131781
172.333422,133,636.722599
185.732277,156,638.579631
-128.484493,26,639.643295
-33.277663,103,640.206121
772.503585,88,641.700011
1221.556918,214,645.17086
152.942747,168,646.2419
133.84268,101,646.81338
203.48684,145,647.606879
192.709644,160,649.086552
237.160028,194,661.89424
1124.153358,176,663.644528
172.583844,147,664.832541
157.213534,142,667.745334
132.069354,114,668.366356
184.138658,163,671.837001
120.555141,108,673.289309
164.413853,118,673.85311
177.581787,135,674.645559
195.997655,161,678.096516
966.963445,241,682.917818
139.649989,94,684.434713
189.380944,168,688.12386
148.069101,118,688.700214
-179.507484,17,688.811853
197.349012,178,691.573387
1171.59685,132,693.934823
131.26971,138,696.345599
127.844464,109,698.536336
113.052537,120,699.015
184.333073,147,699.777052
161.693198,194,700.974473
155.752153,135,702.128227
159.468673,143,703.959683
173.064799,104,705.824553
105.504339,97,708.631327
195.030869,241,711.08392
135.710599,89,711.658938
230.318871,205,713.633295
156.131715,97,714.276739
128.497679,106,714.951191
190.306297,145,717.276551
164.735427,136,718.284069
161.69276,83,718.84246
128.098784,141,721.344624
158.899591,162,722.47227
189.694058,157,724.355297
186.739436,184,725.332083
178.383051,151,726.934266
122.535759,103,728.448019
217.547676,174,729.448763
200.525067,191,732.326824
166.5125,81,733.801495
177.47911,194,735.137749
141.374662,122,735.8492
180.073053,170,750.787691
161.000579,134,753.244386
109.842313,123,754.213518
127.709952,116,756.370119
73.544319,99,757.078526
112.122234,123,757.933384
155.365537,87,758.549077
1344.038703,241,760.89835
258.356563,191,763.745693
155.404999,90,764.264468
133.908902,114,765.060785
201.157052,179,767.921096
232.570632,196,769.003863
163.168185,148,770.93262
171.976856,166,772.188678
-23.271214,160,773.481997
148.234336,88,775.784942
148.868205,168,776.607474
963.993746,131,778.142345
166.986413,94,778.68712
131.354139,143,780.340858
104.936314,95,780.8863
140.133301,118,781.508448
130.493109,122,784.447768
108.720804,82,784.987004
152.951865,169,786.974451
234.846219,168,788.220043
175.671209,140,789.913483
-62.078572,1,790.891553
114.48515,139,792.620678
216.445921,185,794.52504
112.951592,115,795.352397
156.6049,145,797.238853
246.754182,173,799.143501
119.391011,97,799.696487
198.730521,151,800.543714
-98.150647,77,801.026867
-112.853609,54,801.361247
245.825489,194,802.457533
162.543249,123,805.408441
157.134094,97,806.937642
149.339018,105,808.493056
151.490736,115,810.630891
174.422369,92,813.851222
48.554655,105,814.34781
140.821486,96,814.82572
225.51249,176,816.781834
218.308987,165,817.797827
155.407183,118,830.77083
157.42848,164,831.77058
175.315062,145,833.881011
132.91606,99,834.936817
139.098292,131,836.158492
117.265909,143,838.102498
78.255478,2,839.001387
274.665622,35,840.089212
89.095576,143,841.000133
168.055209,139,842.339797
195.64672,161,845.098908
163.777172,156,846.856279
218.310828,176,848.748529
152.362082,118,849.401864
122.162442,83,850.777559
124.520083,94,851.315336
164.903205,141,852.235214
172.553835,93,852.851589
174.737401,100,853.406545
145.865133,135,855.961874
163.873217,126,856.542388
969.993715,217,860.121142
147.119068,167,861.062105
102.805922,130,861.776813
164.923674,216,864.50131
147.236153,98,864.964951
197.93095,174,866.351749
187.265796,163,867.77517
140.810622,128,868.603245
758.429466,79,870.057203
160.37124,158,871.952708
61.23133,114,873.485608
162.121131,129,874.183386
186.743584,211,875.466375
206.849729,215,877.703968
152.695454,124,878.44759
162.609772,159,880.342023
216.252668,234,883.069149
150.665398,137,883.863399
181.58995,136,885.50146
5.296351,20,886.89625
196.158267,163,888.884466
197.171623,190,889.880301
211.607671,159,890.787194
-56.850472,89,891.339625
140.249028,108,892.003656
273.327152,212,906.436325
205.923962,155,908.239823
215.493374,169,909.228018
184.956765,154,910.473857
1313.838359,215,913.45428
176.827368,175,915.153387
167.55996,86,915.740098
182.771218,193,917.937448
204.996363,185,921.269481
150.929184,72,921.611097
217.454172,182,923.540698
162.589216,117,924.277835
123.487362,91,924.882388
203.513494,158,925.789843
153.034188,92,926.32261
216.292777,175,928.83332
125.068202,144,931.472634
1185.212329,191,933.112647
208.069756,191,934.956458
156.984134,111,935.966343
-119.560249,80,937.368647
171.863766,147,938.254704
168.099044,152,940.62083
168.295428,203,942.042537
129.966381,112,942.638598
118.086708,121,944.303377
224.797661,241,946.356683
154.462202,139,947.219301
153.691281,90,947.790873
122.581232,110,949.434174
138.367281,140,950.077364
182.96226,146,950.783382
170.621832,111,951.460623
162.177357,122,952.161644
-99.198187,1,952.178069
161.014666,155,954.252625
-138.940505,55,954.550537
236.108142,200,955.783971
115.134173,241,959.774359
215.821569,166,961.578903
134.701744,94,962.072643
144.232409,133,963.751945
191.84773,165,964.706087
81.889434,147,977.905757
156.01299,94,978.524569
1089.957503,204,980.602135
78.829113,139,981.511187
-18.634595,241,984.277801
175.274318,104,986.88673
-93.425313,60,988.126621
184.912759,156,989.75836
232.342697,213,992.69063
168.029919,129,993.411012
160.271052,114,994.085754
144.975015,146,995.081215
74.809908,108,995.7805
-117.377633,52,996.106184
232.775306,175,998.795628
179.818953,99,999.324866
50.078899,136,1001.092001
210.777084,189,1002.481048
153.421898,133,1003.289229
167.910575,92,1003.960525
153.790733,70,1004.374226
154.294125,124,1005.100358
152.741904,156,1006.537506
201.322039,154,1007.50631
1209.238653,211,1009.969569
163.711658,167,1011.244744
234.933389,150,1012.24775
192.02279,152,1015.789929
190.760128,182,1018.400744
183.912922,159,1021.866233
1028.342491,240,1025.721125
205.062664,195,1026.772346
147.279398,206,1028.222239
677.346097,103,1030.468347
165.69961,158,1031.741596
141.881028,94,1033.185477
172.63404,147,1035.12473
153.317575,124,1036.823111
191.939503,210,1038.890487
167.600544,229,1043.051829
175.96742,198,1043.970056
152.363464,158,1045.593473
164.681424,93,1059.825978
167.384225,102,1061.255421
151.991946,132,1062.288767
198.517027,148,1063.291986
131.074724,91,1064.172271
128.101297,109,1065.251962
207.270068,170,1067.425528
140.466987,134,1068.218126
207.743328,198,1072.380361
169.96588,126,1073.101256
-127.581313,84,1073.632905
159.95746,75,1074.089534
180.7775,186,1075.356176
129.578728,81,1075.855916
158.51461,78,1076.487984
208.12255,168,1077.498524
88.089795,149,1079.186589
152.774091,88,1079.655826
145.35246,110,1081.128338
132.126602,100,1081.627781
151.149012,162,1082.4367
180.417797,131,1083.863286
141.221073,124,1085.81361
146.12389,119,1087.341737
113.636723,79,1090.045014
113.027911,147,1091.044546
160.268417,115,1093.456222
1344.532438,172,1095.150688
214.129007,134,1095.804578
241.088317,156,1096.706775
149.423619,89,1098.15767
161.445733,120,1098.793323
199.882608,147,1099.556229
141.666011,111,1101.011336
1266.492925,241,1103.076406
237.158107,187,1104.149855
180.545225,156,1106.017749
149.483741,87,1107.798389
158.196375,75,1108.187892
1225.124888,241,1112.296923
1336.469536,241,1115.434018
465.937161,99,1116.782268
191.793977,138,1117.688944
184.515408,156,1119.526182
210.745476,164,1120.508918
205.856618,155,1123.190587
170.721771,110,1124.614128
185.997735,170,1138.52283
152.43455,101,1138.974977
150.544309,115,1139.735153
117.937208,75,1140.155625
149.443015,84,1142.315277
174.816423,202,1145.244354
249.520839,231,1146.828219
222.361966,172,1149.868761
132.53331,146,1151.52546
190.690794,149,1153.045592
148.790098,135,1153.742149
130.289973,130,1154.540692
134.928767,104,1155.166352
173.561347,174,1156.165855
178.031153,186,1158.154318
171.193297,144,1160.57137
202.182851,168,1162.34268
-182.394182,23,1162.462633
172.615257,118,1163.17636
136.67402,113,1164.329581
131.144714,214,1166.504496
232.427427,183,1167.610206
204.016854,158,1169.006714
156.972842,83,1169.463883
213.758819,176,1170.823431
201.139421,165,1171.869873
200.682911,117,1173.598504
234.733386,186,1175.434946
146.352597,241,1178.677382
1435.407711,158,1180.50631
162.754356,145,1182.340182
140.848619,109,1183.048813
215.737519,152,1185.249882
199.712764,167,1186.301433
147.599868,93,1186.858686
492.593489,50,1188.557418
1436.587657,181,1191.889911
191.449645,156,1192.614678
177.391198,164,1193.559931
156.226019,171,1194.744006
166.558292,136,1195.718502
187.82335,161,1196.635777
164.762815,135,1198.113562
-73.810121,138,1213.423171
197.957919,162,1214.540937
189.960473,155,1215.844936
256.794815,160,1219.495272
1060.817305,210,1222.1449
172.744222,195,1225.987365
150.247068,119,1228.367408
224.570755,172,1229.970557
166.982161,206,1231.215394
128.503314,197,1233.447347
123.794554,229,1235.850795
-57.49209,71,1236.307174
189.711134,181,1237.467509
128.961564,99,1238.112712
130.627732,92,1238.870427
84.145627,133,1240.519802
237.648923,206,1242.114536
149.990442,123,1245.047414
1248.559511,205,1247.488347
201.174049,179,1248.537974
198.69796,121,1249.127028
151.17728,109,1250.554236
180.672363,154,1252.132138
170.771519,137,1253.652716
116.018326,127,1255.193647
-165.439206,24,1255.565633
249.577314,190,1256.63095
142.009386,102,1257.20042
196.585116,193,1258.582508
135.74603,102,1260.256038
-59.209798,1,1261.163346
191.24518,164,1263.614358
-184.953024,22,1263.798973
193.483309,215,1267.461931
227.986043,180,1270.177244
157.577801,118,1270.765453
149.065655,128,1272.283586
152.448931,91,1272.763835
116.034359,95,1273.352491
144.224567,212,1275.503569
216.318882,162,1276.429377
204.545704,204,1277.773507
145.296433,125,1279.596244
181.532057,143,1292.487436
168.292615,144,1293.360761
144.229834,95,1294.811748
120.094645,107,1296.607486
180.777214,137,1298.807986
148.960929,112,1301.410865
164.741419,79,1302.073912
191.645266,212,1303.48347
1326.144116,134,1305.94365
157.63385,101,1307.405362
200.521121,121,1307.935099
137.376296,125,1308.609974
121.774087,124,1310.165018
157.338832,106,1310.71297
183.519506,220,1312.990776
146.329816,123,1314.596243
216.037834,152,1315.498037
128.81176,103,1316.080466
194.000406,184,1318.771533
130.692906,117,1319.991762
235.093147,200,1322.476951
1131.721274,176,1326.80289
147.954367,106,1328.209611
158.590659,76,1329.410572
127.552413,96,1329.868567
-127.895978,31,1330.043207
176.617558,148,1330.760937
223.588276,202,1332.848138
185.649128,129,1333.49608
188.830651,171,1334.454008
1176.76168,241,1336.796441
220.97266,195,1337.854381
234.392208,173,1339.249321
254.315197,157,1340.063255
201.195379,155,1341.761012
259.986236,198,1343.272488
-83.671207,21,1343.812658
214.974137,173,1344.864364
235.509026,149,1345.755498
219.36207,200,1346.857632
935.487072,179,1348.722194
224.544767,149,1349.560985
199.145057,209,1352.070327
155.301482,142,1353.77585
197.050322,164,1368.984472
167.371511,148,1370.456428
239.318867,193,1372.77941
159.093933,156,1374.199413
163.335095,118,1375.320424
149.488111,118,1376.167236
94.395787,241,1377.866236
127.352478,88,1378.342918
220.32656,166,1379.473953
159.672734,105,1381.132842
188.667732,241,1382.603345
129.342377,100,1384.15013
1135.89699,174,1386.247156
1718.596131,214,1389.159578
162.36503,131,1391.165561
1340.881669,241,1393.363975
1177.315001,141,1396.618759
163.760652,202,1397.881507
119.818007,82,1399.320412
149.798155,122,1400.045397
561.076224,91,1402.360421
1036.648905,159,1404.128538
148.223036,129,1405.021686
194.291671,168,1406.086577
803.801664,126,1408.34143
221.028755,169,1409.211657
170.251488,144,1411.273285
154.707616,125,1411.981026
159.517493,129,1413.247519
119.373843,82,1413.802688
169.242913,85,1414.409901
209.622028,125,1416.000849
151.753227,113,1416.653413
208.457396,145,1417.973072
130.031242,111,1419.347238
204.853641,160,1422.766848
146.794416,122,1423.475743
199.374797,112,1425.77531
111.194135,124,1427.292369
144.469199,136,1428.184188
158.690838,131,1429.920716
151.262379,117,1432.070089
115.410126,149,1432.896965
138.187818,123,1433.65759
87.343074,177,1446.837794
169.701225,144,1448.181404
-153.383634,12,1448.254451
-10.265635,85,1448.752237
220.771014,205,1450.082124
207.360478,177,1452.831479
156.433368,110,1453.688366
184.977126,185,1456.912941
185.893737,140,1457.629668
119.686715,109,1458.30103
170.03917,129,1459.82783
177.579623,173,1461.654814
150.298514,103,1462.313338
138.178829,161,1464.216982
166.674131,134,1465.822444
134.490355,108,1468.150811
136.094115,101,1469.195248
122.090184,118,1470.019107
207.593566,181,1471.927776
153.851794,135,1472.749982
191.984522,177,1474.348016
131.704047,88,1475.241913
198.718431,176,1476.448448
169.652739,128,1478.128893
221.043707,133,1478.847757
141.47608,118,1479.476798
184.653719,114,1480.867199
-99.367248,2,1480.889252
123.153741,107,1481.531355
147.442625,119,1482.459633
151.446368,99,1483.15873
191.318295,117,1484.020279
188.993851,208,1485.407872
202.005523,179,1486.972227
165.596953,194,1487.987488
190.214279,164,1488.919329
169.139729,196,1490.8482
156.060097,130,1491.798882
153.650537,138,1493.529844
149.654653,114,1494.271383
150.902427,102,1495.783697
174.154854,134,1496.721503
171.467813,125,1497.585654
115.19018,77,1498.081998
146.539751,101,1498.794287
175.889223,91,1499.43922
188.499921,157,1501.478482
150.419733,193,1515.914581
129.960228,120,1516.740717
930.218377,140,1518.446341
143.794829,125,1519.280724
189.172747,166,1521.290989
99.763646,97,1523.254317
1463.530679,206,1526.814107
200.633562,209,1528.74323
166.049133,129,1529.71376
189.20029,164,1531.46966
223.433883,173,1532.471913
182.534678,96,1533.042433
138.96419,130,1534.733282
178.778927,129,1536.252036
119.334393,125,1537.056916
156.657312,145,1539.361112
134.825446,118,1540.173074
95.972974,83,1540.776848
176.910977,160,1543.315177
168.887568,141,1546.444117
160.705963,138,1547.169289
142.551467,102,1547.795065
159.957781,133,1550.535258
170.920535,154,1553.70362
61.825232,241,1555.290521
968.92572,241,1558.876942
126.265498,87,1559.459414
958.472439,209,1562.533795
136.261867,128,1563.705779
127.669828,115,1564.332556
131.583723,121,1565.035801
97.977109,241,1568.51922
224.249223,189,1570.815742
182.743682,153,1571.778059
258.34139,223,1574.077795
179.427614,152,1575.034349
140.843681,102,1576.554012
202.228754,198,1578.579977
139.276331,106,1579.155041
199.7437,160,1580.037771
165.606277,97,1580.626454
159.12266,85,1581.070883
157.732122,181,1593.701799
162.3538,129,1594.481943
126.909391,119,1595.151064
186.166144,129,1595.793633
592.856723,82,1598.562773
170.273287,86,1599.719163
190.105972,148,1601.245277
198.614039,196,1602.978457
105.962874,95,1603.592432
250.477952,210,1606.45541
185.075045,161,1607.31352
1175.966432,140,1608.996193
184.840919,156,1609.907837
116.268926,95,1610.463617
234.3321,188,1612.444473
-85.664606,33,1613.0676
233.861225,194,1615.790389
112.136017,102,1617.753139
121.417713,103,1618.409736
149.853015,110,1619.05044
134.719175,103,1619.639178
1322.102765,202,1621.691813
174.70947,145,1622.568206
105.226504,100,1624.000089
177.702093,149,1624.707768
240.390603,202,1626.008272
183.097066,185,1628.217939
174.545923,165,1629.216809
155.629312,99,1629.815788
140.609408,72,1630.222716
146.783425,119,1631.446874
139.940802,98,1632.90419
131.31198,95,1634.451693
156.65759,85,1635.869982
200.735454,177,1639.299374
162.221932,144,1640.06855
147.001397,120,1640.944827
137.007129,119,1641.63262
152.072432,98,1643.045998
233.434283,194,1644.179739
-101.451331,36,1644.436008
153.685192,95,1645.062967
174.655393,133,1645.830803
136.325567,100,1647.108988
165.882813,145,1648.831398
154.191808,121,1649.405101
224.476,167,1651.129408
113.704542,106,1652.14004
146.016944,82,1652.768229
974.323114,151,1667.582849
199.519339,182,1668.467113
233.585187,152,1669.394011
160.911479,86,1669.907593
175.134549,128,1671.979423
193.614039,177,1675.387254
197.647999,147,1676.853788
168.752461,90,1677.302347
232.302106,185,1678.402862
1115.007441,241,1680.835182
154.503451,230,1683.029654
144.539452,126,1683.779989
229.854647,220,1686.530659
165.4601,97,1687.276207
130.377209,100,1689.913247
163.435078,87,1690.678228
105.799321,80,1691.191712
167.69925,147,1692.970454
163.086064,86,1695.003027
1363.525421,241,1698.00087
155.953486,104,1698.541924
171.772431,104,1699.104924
246.857749,221,1700.592465
170.194372,141,1702.374576
252.456258,208,1703.782201
134.521518,125,1704.526829
140.257926,101,1706.929421
189.200931,238,1711.15367
148.556278,147,1713.639843
155.523946,126,1716.120156
157.969522,177,1718.944783
119.044096,84,1719.393429
1138.116268,220,1722.501628
-113.777554,29,1722.66242
178.054827,130,1724.218804
155.144718,106,1726.508758
183.606822,146,1727.40974
155.782306,142,1728.17682
1225.630632,158,1731.357074
141.076188,104,1732.662068
122.602075,96,1733.18626
129.172834,116,1734.74832
156.659307,123,1736.740279
149.184448,112,1737.386514
195.804264,185,1749.410238
242.792375,209,1750.754002
183.904699,119,1751.483704
182.291593,160,1752.704367
141.267091,127,1753.853592
133.781268,90,1754.460144
185.540885,159,1755.674427
789.120692,103,1757.100212
214.461434,172,1759.7458
151.020009,131,1760.440844
208.700551,188,1761.431957
117.56699,93,1763.798399
195.151133,184,1765.315347
159.486135,134,1766.13492
156.438948,91,1767.579642
208.509246,150,1770.926086
141.814943,117,1773.277821
176.141222,191,1775.122728
-73.430197,41,1775.302383
162.088961,94,1775.958435
151.192276,88,1776.438877
40.619989,1,1777.417165
-13.343104,85,1778.66677
158.16978,93,1779.13666
143.231527,136,1779.877213
146.85021,97,1780.414765
138.687906,81,1782.017558
206.875759,188,1783.138685
149.393381,145,1784.946421
154.672031,75,1786.276495
225.305744,165,1788.134148
155.567467,78,1789.041992
194.477531,170,1789.983382
148.77418,113,1790.692184
161.991946,141,1792.631894
138.316147,117,1793.730822
170.542571,195,1795.77097
216.065453,174,1797.640337
141.898977,130,1798.491238
155.489391,156,1800.27812
89.405713,241,1802.417018
1022.003128,128,1804.843506
154.273918,132,1805.51048
220.518341,223,1807.913409
1065.311362,241,1810.606231
212.935623,160,1811.482893
127.873791,104,1825.192188
158.026235,86,1825.712038
51.862364,163,1826.792148
-59.21271,1,1827.793009
141.449355,88,1828.275858
174.165901,145,1829.103783
157.893597,212,1831.32427
141.725271,135,1835.351017
217.341167,182,1836.291963
196.354956,160,1838.024363
136.929436,110,1838.6714
546.329023,65,1839.953195
132.040068,112,1840.669878
217.169291,163,1841.617619
195.007658,159,1845.03024
147.198316,112,1845.931322
178.945616,148,1847.498243
1142.189965,187,1851.24305
136.469637,104,1851.753255
-121.287041,37,1852.833386
206.022179,166,1857.999967
233.628824,195,1858.936203
156.191771,89,1860.211356
129.287727,94,1860.720062
144.022288,104,1861.360495
185.517875,146,1862.216753
943.081307,105,1863.630955
120.428086,76,1864.967614
123.495938,145,1866.636072
193.221192,150,1867.46361
158.96313,132,1868.823825
139.884614,87,1870.220112
247.625927,187,1872.097093
188.946335,156,1873.538472
150.153544,88,1874.979695
130.753498,97,1876.293689
161.411487,101,1876.843117
192.774104,164,1877.720554
163.730153,224,1880.076598
206.731833,181,1880.992459
197.488908,186,1882.926766
147.442621,138,1885.275283
167.83405,92,1886.558314
1112.825685,156,1888.234253
177.849971,144,1889.47582
234.912626,171,1891.276782
156.512381,98,1891.885061
139.945864,115,1892.970864
216.617645,175,1908.065308
95.062069,81,1910.319189
169.626486,98,1911.857664
186.889547,144,1914.002081
232.782636,215,1916.224392
155.999955,126,1917.749493
233.296795,234,1918.954165
147.1935,86,1919.530653
105.067635,137,1921.347969
150.897189,202,1923.339248
111.810637,86,1923.896108
230.343401,149,1925.294583
159.940361,77,1925.993103
193.221728,149,1926.893777
109.238124,116,1927.457763
134.336347,115,1928.078605
142.564559,149,1929.513821
172.063596,90,1931.177896
173.195443,150,1931.985354
193.479598,166,1933.872442
184.140086,175,1936.173692
954.194592,213,1939.915026
186.731695,160,1940.841904
193.173147,153,1942.6556
194.375221,122,1943.31175
235.715676,158,1945.791566
153.556921,109,1946.601371
137.743386,134,1948.876898
123.786894,131,1950.20179
241.687071,200,1952.305838
142.857403,109,1952.953659
147.477932,85,1953.501405
182.039694,156,1954.4844
189.639356,145,1955.249575
188.333455,142,1956.211966
154.55126,132,1957.12909
175.913738,149,1959.728918
178.925934,140,1961.46603
224.532567,216,1965.494171
171.160516,151,1968.425172
200.244931,133,1969.059483
160.339387,136,1970.11024
177.417922,95,1971.693397
162.260382,120,1972.973268
144.329079,125,1985.085809
258.899122,211,1987.533365
121.56298,136,1988.448827
193.664623,170,1992.175665
148.910737,128,1993.206895
81.644636,153,1995.141568
141.999957,104,1995.647427
132.156731,98,1996.200227
171.930014,95,1996.849737
194.630303,168,1998.715088
164.656018,146,1999.586145
264.555854,207,2001.493715
162.342562,122,2003.263944
150.413067,193,2006.006364
118.676929,110,2007.660277
112.142656,109,2009.342136
148.170095,95,2009.916682
167.144159,149,2012.666997
140.078165,107,2013.254153
200.775572,109,2015.035884
166.226142,120,2015.928361
177.627868,180,2017.030525
192.952557,162,2020.561444
163.362618,84,2021.043411
-117.064211,16,2021.160847
112.125669,169,2022.639762
175.712553,142,2023.619761
141.940053,112,2024.835405
147.46652,126,2025.464685
162.995788,116,2026.154739
158.992423,134,2026.992116
230.927849,208,2029.923048
178.897106,96,2030.538584
165.26908,104,2031.288069
149.490224,150,2033.078889
164.822344,100,2034.562164
234.121609,172,2036.627236
189.735419,146,2037.514391
1195.948532,194,2040.291193
158.507511,182,2042.180849
198.388373,171,2043.112395
160.893807,84,2045.856066
369.604546,57,2047.976436
166.256465,241,2051.018925
219.924718,161,2052.042497
157.347876,77,2052.492024
123.35759,152,2066.945771
220.827775,205,2068.237413
162.407245,80,2068.675176
186.949525,161,2069.645817
207.053207,197,2071.125342
176.562821,174,2073.278748
152.845889,171,2074.839451
163.334821,150,2075.885046
141.620822,176,2078.567185
151.87372,72,2079.459085
-80.429333,34,2079.648729
164.545617,174,2080.611202
108.613075,113,2082.351042
142.774861,126,2083.572936
170.143259,108,2085.693005
113.408766,108,2088.051044
147.949811,113,2088.556422
159.475897,133,2089.308872
217.87828,168,2090.443579
227.365418,171,2091.632912
1317.759141,241,2095.453173
275.346022,35,2096.457365
81.906016,141,2098.783814
-48.073789,62,2099.114195
223.72908,177,2101.900151
170.978837,241,2104.638657
136.312033,182,2107.249852
213.052654,190,2108.743769
233.532292,151,2110.593305
155.123929,100,2111.132821
143.33209,101,2113.447999
172.556676,111,2114.869775
141.420874,122,2116.503638
210.345415,186,2117.419665
124.416803,194,2119.318342
-71.942327,183,2122.053245
160.888824,124,2123.543814
184.425735,133,2125.039385
153.922029,147,2127.99701
142.557306,70,2128.258741
240.596041,191,2131.34203
199.269941,178,2134.878489
173.509918,96,2136.177145
163.520989,146,2137.755125
154.805305,102,2151.563695
252.709287,223,2152.953008
175.558728,158,2153.875833
174.14058,131,2155.548103
216.315895,179,2157.289261
237.383439,221,2161.796185
146.688749,163,2164.324288
115.911602,139,2166.993231
192.294655,138,2169.038519
-99.988236,26,2169.178204
165.80826,90,2169.664918
136.15885,180,2172.746149
176.527053,189,2174.130038
158.887733,80,2174.59235
213.380069,155,2175.518488
225.708519,195,2177.481608
123.677486,91,2178.926981
219.502864,199,2180.318423
167.540342,149,2182.083558
149.218489,100,2183.440503
161.702085,137,2184.174703
162.661987,77,2185.502966
181.691201,157,2186.386333
127.17944,115,2187.694608
122.41153,124,2189.193256
178.789148,184,2190.276548
166.783815,130,2193.060848
139.867612,127,2194.833454
225.625767,153,2196.573176
153.467171,87,2198.754733
173.601039,168,2199.60421
146.234039,127,2201.196316
-99.677121,92,2201.801926
533.791195,56,2204.110939
161.621812,83,2205.376633
170.830426,119,2206.826145
185.704579,158,2208.504394
177.234255,211,2210.520987
127.053908,96,2211.925546
125.497865,85,2212.334533
108.004503,166,2216.442784
150.445682,90,2217.41561
243.09974,192,2219.60319
164.926446,132,2220.230361
181.839496,154,2221.097902
128.503491,104,2221.690534
119.139193,127,2233.724397
145.352876,110,2235.347016
158.680251,104,2235.932024
156.162486,187,2237.173155
200.059391,173,2238.808449
177.092687,241,2241.045078
134.344174,94,2241.583625
154.334081,132,2242.303619
172.533945,173,2244.71796
-49.753294,67,2245.099745
159.99209,88,2246.585628
124.881252,124,2247.369572
196.810293,121,2248.196097
-65.574643,39,2248.681548
169.986715,111,2250.033664
180.462878,130,2251.737084
191.546589,166,2253.735237
166.561904,169,2255.642352
1104.227167,185,2258.439324
187.955459,197,2260.710142
199.742404,157,2261.711763
123.386314,89,2264.557003
145.008844,86,2265.134599
156.222874,89,2265.726704
193.395741,226,2268.655198
174.988435,89,2269.236278
202.887042,190,2273.175041
203.561485,161,2274.199946
96.698634,78,2274.741377
132.411882,114,2275.529128
-74.29382,45,2275.82055
173.797078,156,2276.889826
139.226896,158,2279.685698
159.021156,153,2280.566297
163.712279,152,2283.407981
172.843456,155,2284.281069
113.002491,99,2284.875502
123.956432,89,2285.277201
146.226831,123,2287.947375
204.547068,206,2289.877148
-121.238577,60,2292.948237
179.851864,132,2294.412125
151.329219,160,2298.242708
161.992819,128,2299.842208
139.82063,241,2302.000881
170.613261,108,2303.568957
179.407149,163,2304.709484
200.594273,187,2319.538498
220.248766,183,2321.793689
176.969387,150,2323.84867
105.143488,101,2324.913666
127.485735,111,2325.958374
110.995727,83,2326.523994
184.389523,146,2328.208045
170.883786,86,2329.194649
162.154213,137,2330.042224
232.629771,179,2332.26563
126.797507,94,2333.235767
167.270554,141,2334.528374
137.920322,122,2337.112456
123.49365,118,2337.826652
212.526642,169,2339.845698
194.544034,165,2341.652831
154.964205,157,2344.298121
143.614041,115,2344.859219
131.806516,149,2346.044467
131.789286,125,2346.995743
163.161477,98,2347.667086
234.676996,187,2348.97179
185.296371,153,2350.477462
149.036609,117,2351.195675
243.753882,200,2354.777676
219.033576,135,2355.753415
146.073843,89,2356.445984
181.601641,147,2357.233141
195.794348,166,2360.096714
101.790633,113,2360.761429
159.365462,128,2362.366293
827.779586,102,2363.808202
180.796152,165,2365.86465
228.185934,150,2367.681284
73.100673,85,2369.774544
-122.769991,44,2369.996518
612.976954,73,2371.347393
111.387881,122,2372.1026
162.490513,104,2372.865749
976.500202,205,2376.290007
164.127837,143,2377.298819
132.278051,115,2379.570165
156.428312,139,2380.603745
143.984253,92,2381.220174
173.274112,108,2383.741179
147.494239,110,2385.283167
-143.241563,32,2385.463834
234.183393,150,2387.37563
115.418678,83,2401.208543
162.878698,138,2402.181862
147.035925,140,2403.163884
156.20597,80,2403.642033
149.268208,76,2405.144226
167.320191,104,2406.313833
146.205215,106,2408.894011
161.280388,110,2409.723593
209.765807,155,2412.123321
-141.826402,26,2412.284815
129.703869,108,2412.921606
198.152722,148,2414.652312
213.133708,147,2415.598158
120.465244,112,2416.752501
156.185447,99,2417.466272
153.149893,97,2418.104632
206.979225,189,2420.299997
233.397998,221,2422.330499
97.860586,111,2424.867348
231.561607,218,2426.778169
1062.101478,146,2430.144971
147.568399,142,2430.892194
137.164746,96,2431.398817
187.991481,145,2432.182518
165.111091,94,2434.255487
157.566909,92,2434.89006
1516.164755,177,2438.199387
815.47403,145,2440.582128
231.955079,170,2441.557305
180.739227,118,2444.162462
156.127941,139,2444.846447
100.262656,110,2445.474949
79.031941,201,2449.504285
158.413386,125,2450.115382
149.063521,167,2451.115783
1100.725918,190,2453.084857
170.497938,203,2455.971358
188.323396,163,2457.390635
241.130003,154,2458.296508
166.5417,88,2459.76078
218.967554,197,2462.514092
213.834376,200,2464.445049
203.614488,175,2466.609428
187.385936,140,2468.278249
195.871989,168,2470.918623
278.628269,215,2485.930115
143.547604,92,2486.508808
149.81555,108,2487.215843
36.809821,114,2487.895326
176.65628,134,2488.737534
180.909995,153,2491.537484
152.442539,241,2496.348384
-89.336546,65,2496.715711
211.485832,214,2499.302139
-112.795611,70,2499.677637
168.403356,133,2501.368839
197.14198,146,2503.100977
142.37955,92,2503.599359
160.943173,89,2504.054994
130.88696,110,2504.729762
138.703303,94,2505.215926
226.828574,177,2506.99457
128.254694,95,2508.501652
114.715857,114,2509.112372
159.724727,145,2509.840072
151.918342,150,2510.752399
168.336404,95,2512.214819
168.578543,134,2514.304814
1172.736687,149,2515.911337
135.819605,179,2516.95723
-144.559455,43,2517.189711
188.098048,151,2519.616486
108.081295,80,2520.147108
162.5658,88,2520.58832
165.478212,134,2522.069911
197.850767,171,2522.935226
160.918025,99,2523.570618
157.834315,74,2524.934664
141.195389,106,2525.488316
88.96718,123,2526.338242
1295.730748,210,2529.071525
166.152925,137,2529.723996
60.200875,241,2531.949205
168.263441,124,2534.016682
166.633372,130,2534.667655
114.470071,137,2535.560281
159.325003,172,2537.220213
130.763355,107,2539.125647
216.729323,187,2540.211106
-159.202396,1,2541.176776
160.261322,148,2542.68269
986.813161,233,2545.470987
128.959547,106,2546.051245
157.340208,83,2564.743372
-99.60367,26,2564.946087
269.956326,180,2567.849684
181.732263,128,2568.724299
138.995452,84,2569.563094
157.49654,122,2570.646375
191.925549,180,2573.510516
206.322514,141,2574.379438
203.076857,133,2575.169734
146.824753,108,2575.805391
133.252885,162,2577.255571
203.253781,155,2578.44727
163.534591,98,2579.12626
186.038165,164,2581.384982
119.923883,113,2581.998599
99.115831,222,2583.448223
144.65188,89,2584.021506
205.149065,163,2585.04845
166.234057,169,2586.988325
163.008715,130,2587.616187
150.18868,123,2590.072438
147.474083,113,2591.171616
197.520242,151,2592.160275
210.460775,224,2593.751013
178.179978,143,2595.255242
229.428533,182,2596.602441
138.568802,79,2597.12313
147.26895,98,2599.349872
168.525104,138,2600.048991
173.953358,150,2600.847353
178.505023,142,2601.785909
230.561809,198,2602.947193
161.058393,125,2603.769268
207.674242,189,2604.807799
190.323551,152,2607.064866
134.998819,119,2607.736394
132.279857,144,2609.502152
218.732544,177,2612.380306
1080.058352,226,2615.60106
171.404351,140,2618.238313
128.163703,117,2620.198404
191.764611,218,2621.495665
144.972745,121,2623.304689
99.119577,123,2624.163183
250.635977,171,2640.033851
141.299704,103,2640.56147
196.99464,108,2641.104876
178.477411,152,2642.004567
115.979466,100,2645.523257
139.079486,163,2647.154823
188.036795,159,2648.0503
180.384267,134,2649.775481
168.254994,162,2651.905358
148.655181,129,2653.460405
159.949489,90,2654.015097
212.813961,200,2655.163049
158.144094,241,2657.589601
88.057582,107,2658.948876
908.32109,226,2661.036269
137.19535,138,2661.934257
166.190242,141,2665.379798
161.072977,84,2665.821256
117.793157,120,2667.920235
168.418957,204,2669.112955
239.797722,217,2670.547937
160.383921,83,2673.262158
159.119812,132,2674.89582
212.75526,162,2677.358836
181.204423,190,2679.939628
126.544708,99,2680.442606
157.453607,129,2681.022112
124.37247,107,2681.619765
222.635876,143,2684.360548
144.275652,95,2686.518753
210.326028,155,2687.231517
137.56967,126,2687.893027
161.223769,140,2688.674547
279.023739,231,2690.437197
233.98529,188,2691.36299
156.660303,112,2692.013245
143.007881,100,2692.65225
167.404685,134,2693.920461
95.738859,96,2694.694426
153.435027,94,2695.273149
212.503815,217,2699.070038
195.546168,141,2699.83843
178.58567,96,2700.411312
206.967296,162,2701.446847
-59.301854,1,2702.49245
149.332925,134,2713.581523
220.157647,138,2716.116235
139.579132,101,2717.632815
156.459915,116,2719.96535
175.19814,128,2723.482959
138.608872,141,2724.222653
133.286198,241,2726.785266
190.251553,198,2727.763736
140.585607,106,2728.412407
139.578301,120,2730.150055
154.901978,102,2730.731392
202.466654,153,2731.68962
172.610456,85,2732.206364
182.801941,187,2733.350667
-59.049696,1,2734.268631
131.055262,106,2734.869651
173.278775,157,2736.652681
168.325105,138,2737.386611
103.312069,156,2738.227411
160.672694,147,2739.644671
172.587032,124,2741.168085
172.839213,100,2741.685727
164.338961,93,2742.397142
148.867941,88,2743.141087
160.9286,120,2744.195359
151.839384,198,2745.436435
165.929706,199,2747.615456
134.999629,110,2748.172176
235.073443,200,2749.351437
134.443051,104,2749.949986
179.807825,138,2750.818831
1305.560254,205,2753.688202
202.808584,163,2755.297536
150.40954,116,2756.693121
154.49645,94,2757.802858
118.932354,106,2758.479296
211.186582,159,2760.374146
162.84726,150,2764.079702
174.186055,127,2765.628568
139.797187,148,2767.668578
135.828085,132,2768.435548
226.746049,143,2771.018623
184.588559,164,2771.834093
209.523715,159,2773.46679
203.508396,173,2774.431971
206.681415,149,2785.432648
523.043101,241,2787.74009
205.322281,133,2788.966685
124.79879,83,2792.638749
221.69683,131,2794.671507
87.328896,99,2795.240012
73.309753,102,2795.917472
124.424981,83,2796.377637
126.082353,106,2797.045183
207.104313,175,2799.077197
178.92939,149,2800.202325
167.537855,79,2800.778482
151.287792,78,2801.298922
186.643541,175,2802.742566
145.295951,116,2804.401351
235.052447,167,2806.214166
205.490028,184,2807.400876
207.478615,169,2808.52948
159.457419,155,2810.157288
153.613766,98,2810.738291
242.366513,183,2812.820525
176.280476,127,2813.503851
128.933783,103,2814.201538
243.648584,175,2815.766284
-99.226945,1,2815.787597
164.457535,179,2818.784459
153.180526,83,2819.173899
246.120503,202,2820.177852
174.069946,106,2820.785985
159.797271,99,2822.207858
160.415909,105,2822.659087
173.304964,139,2824.341877
160.742856,97,2825.773959
149.033917,138,2827.458272
1131.622953,177,2830.980624
151.398293,117,2832.069626
171.502138,158,2832.962433
198.855202,185,2834.933222
166.854162,156,2837.401269
195.066591,172,2838.223955
181.457157,129,2839.748485
208.592539,152,2841.261126
991.72177,159,2842.879985
218.138645,204,2843.961822
1032.107562,216,2845.878452
235.960133,172,2861.241035
152.544352,78,2862.692059
160.940092,221,2865.507289
221.505392,169,2867.253585
159.122241,174,2868.881101
143.97502,91,2869.402875
138.927899,97,2870.175527
134.324428,183,2873.911407
113.040548,179,2874.803147
201.775201,164,2875.701196
160.608069,99,2876.221783
157.999973,119,2876.836339
153.353074,167,2877.767185
236.049628,190,2879.003368
160.455635,154,2880.916605
151.01948,145,2884.378398
152.382984,123,2885.732327
179.499861,156,2886.591465
220.231488,181,2887.639683
152.287547,179,2890.378888
192.350223,164,2892.215488
172.294369,148,2892.964735
121.888419,145,2893.835864
134.470158,135,2895.694462
140.713893,145,2896.430826
138.646021,125,2897.214527
158.059506,175,2899.031067
828.412157,107,2900.545538
159.316981,79,2901.03887
224.94843,186,2902.207026
118.015962,79,2903.190742
163.062633,101,2904.639881
158.370885,123,2905.273912
134.422148,146,2907.633398
1082.047666,204,2910.594588
157.820659,134,2912.223743
-179.308733,20,2912.361868
181.6888,147,2913.09035
207.354579,185,2914.232343
1231.204437,219,2917.167208
175.0437,87,2917.569405
209.860147,198,2918.478683
123.839187,94,2919.871131
171.414515,135,2920.616685
181.487123,133,2935.991939
90.534655,109,2937.108447
195.258121,192,2939.457106
133.636474,91,2941.919905
139.93302,128,2942.84999
129.389676,90,2944.395428
177.894354,131,2945.058595
154.561006,127,2947.431893
175.256713,131,2949.317238
186.358265,183,2951.103342
145.948655,81,2951.477503
200.801077,149,2952.238085
108.598641,93,2953.643352
198.562168,175,2955.418331
188.315546,181,2956.471365
187.821094,191,2958.487579
1220.279458,239,2960.976661
141.138187,91,2961.519022
154.486348,191,2963.547136
-58.795835,1,2964.842554
-123.918407,43,2965.192706
126.279349,181,2966.293912
198.380242,217,2967.635073
147.523528,115,2968.43075
166.854643,116,2969.078913
156.113015,137,2970.007379
167.571782,180,2971.832056
190.6896,145,2973.374366
205.732752,165,2974.220543
195.499288,149,2976.899763
139.634601,116,2978.402562
173.776377,161,2979.741846
148.401904,89,2981.145099
140.55286,144,2982.150152
175.350423,116,2983.198639
-99.224059,1,2983.236363
177.586566,136,2985.301501
164.934374,134,2987.003832
212.228821,174,2988.740248
116.329034,91,2989.189978
146.466157,97,2989.740686
210.891727,172,2992.399352
1015.77963,203,2994.447807
192.341371,167,2995.340933
137.192732,118,2996.005
157.243314,114,2997.553218
196.722077,156,3012.91936
125.059476,101,3013.99379
166.340605,112,3015.767895
210.039364,162,3018.426134
225.6259,181,3021.395312
199.736517,144,3022.735789
197.040167,145,3024.721289
247.102503,190,3025.761018
145.963457,95,3026.421806
181.468961,162,3028.131533
91.057853,131,3029.020541
129.940537,112,3029.772195
239.265782,193,3031.071371
183.795039,189,3033.762042
150.840307,126,3035.336745
140.288852,123,3036.389359
198.123007,147,3037.256457
178.355605,22,3038.472599
181.766024,144,3039.311188
898.130983,172,3041.596399
271.469568,191,3044.585053
204.989518,174,3045.432507
124.846177,154,3047.16996
-137.348605,116,3047.852424
146.368175,117,3048.639605
267.854752,189,3049.779155
135.246019,113,3050.377041
117.666085,241,3055.014013
155.009312,82,3056.258893
163.967181,90,3056.72911
152.493296,154,3060.627084
210.136787,177,3062.094575
194.774118,202,3063.463026
99.213523,109,3064.976491
189.317412,164,3066.722657
141.931371,90,3068.029321
229.477903,170,3070.585244
178.00846,192,3073.43399
197.222992,178,3074.319235
204.161675,189,3076.361423
189.681925,182,3078.213689
169.271488,136,3078.910556
150.12587,94,3079.395093
156.718638,164,3096.503767
230.441008,165,3097.339142
581.555287,76,3098.612518
175.097111,159,3101.04026
265.342484,217,3105.047278
152.082296,157,3105.890997
184.440962,141,3106.700027
632.12849,241,3109.920739
158.327301,144,3111.559858
158.097936,123,3113.165714
150.679396,120,3113.739061
181.165607,106,3115.148841
195.601922,185,3116.13146
156.427658,110,3117.269141
551.245784,184,3119.865226
124.403006,83,3120.263981
156.841698,113,3121.80773
196.484975,157,3124.629567
111.945444,90,3126.069024
152.513309,96,3126.529852
159.699678,136,3129.132559
120.151967,107,3130.581582
237.231516,174,3132.422794
220.361455,160,3135.076293
147.856055,97,3135.534019
1100.684831,184,3138.324989
162.929322,132,3140.673031
106.462351,145,3141.335387
121.137919,89,3141.772878
123.463338,108,3143.730346
100.097695,142,3145.374486
123.782465,124,3147.892801
196.510082,173,3148.950968
151.275347,85,3150.364035
154.608531,121,3150.963696
220.757095,185,3153.730364
186.512705,100,3154.262042
216.199991,195,3156.049018
180.450435,132,3157.673638
119.125431,87,3158.186328
147.333511,113,3161.383244
116.761208,159,3163.046842
189.891501,169,3164.662749
169.857582,148,3166.229606
1246.636333,214,3181.066511
143.95529,137,3181.900478
258.161752,194,3183.872685
186.685483,46,3185.247455
135.023556,117,3186.143903
120.276935,112,3187.176766
163.079258,160,3189.453343
131.670795,112,3190.036414
-167.00628,19,3190.146389
248.370994,186,3191.895895
216.349049,179,3193.780093
169.389354,151,3195.489199
145.761912,114,3196.053498
166.972297,191,3197.960629
-74.644078,63,3198.283081
125.416223,102,3200.463611
196.323386,137,3202.591406
201.578938,203,3203.709253
108.478373,105,3204.285051
119.79381,129,3207.577683
149.702168,90,3208.957195
238.204812,177,3209.864372
222.710467,180,3211.025462
136.859848,111,3211.676665
91.281775,140,3213.495549
175.059238,218,3216.470499
257.651892,190,3217.425768
130.757001,94,3219.683254
147.371765,97,3220.981635
144.561584,90,3221.422448
144.181382,135,3223.58462
211.283902,177,3225.479128
149.957515,106,3227.264172
173.810164,146,3229.272476
-98.942923,2,3229.29682
187.361903,150,3231.887181
240.651153,202,3232.958909
202.841094,158,3233.862584
167.136497,147,3235.57786
177.265865,155,3237.349554
147.913765,156,3238.171526
137.579132,132,3239.763651
161.465523,107,3240.378194
161.41261,133,3242.026434
174.51336,241,3244.374709
113.958632,98,3246.182057
179.660303,144,3248.08017
174.456422,185,3261.586255
164.385414,140,3263.805127
170.09977,143,3264.707149
110.951517,83,3266.345457
148.334599,133,3268.668026
163.739106,149,3269.963774
185.089176,165,3272.894749
994.244577,191,3277.551486
183.433462,151,3279.236011
168.254243,106,3279.950475
1100.324186,208,3285.793944
157.74608,140,3286.500691
185.481912,171,3289.216823
157.911738,122,3290.027913
217.090659,196,3293.72131
244.844148,199,3296.984854
170.206599,114,3298.61043
956.524088,174,3300.568451
188.335942,108,3302.039895
235.831079,171,3304.131713
157.932384,98,3304.692666
173.278515,136,3305.818258
1018.335866,199,3309.05073
220.196537,156,3310.144228
-59.301896,1,3311.332093
241.499864,178,3313.270755
-86.878281,87,3314.3638
149.162018,151,3315.202375
187.579989,163,3316.215648
165.743016,128,3317.068773
148.36631,102,3319.383216
771.422059,241,3322.678924
176.514743,185,3323.903765
220.671245,168,3324.788096
146.464318,241,3327.177368
175.258335,137,3327.845883
197.796078,169,3329.650593
205.499079,179,3333.238573
140.614582,101,3334.839666
151.952369,91,3335.819654
200.764177,173,3336.743902
147.736323,112,3339.517219
-58.795835,1,3340.902684
167.632836,137,3354.881559
131.298956,133,3356.595236
149.74628,151,3357.589014
118.374902,111,3359.288145
124.009072,241,3362.230703
146.34112,84,3362.630401
154.404714,117,3364.608392
170.156706,178,3367.043941
147.767535,182,3372.008724
206.340396,168,3373.444531
151.928342,101,3374.625516
181.444491,156,3377.309161
212.852035,160,3378.615312
1125.553276,219,3381.634539
250.12237,170,3383.403131
-92.954026,30,3383.620364
174.57832,140,3385.787236
128.309536,97,3388.082323
200.92818,176,3390.703805
256.430316,20,3391.90228
-156.931847,33,3392.0778
128.634437,86,3393.844423
237.519474,174,3395.784594
167.987966,135,3397.324446
106.175063,85,3398.6228
207.294718,176,3399.41143
127.592001,134,3400.802509
151.58495,198,3403.09688
133.860572,91,3403.590825
172.344214,160,3405.694374
258.299233,202,3408.344332
136.857196,172,3410.149355
138.338051,132,3410.7215
185.426969,161,3411.561987
152.961441,118,3412.152167
171.749148,113,3412.721188
134.735342,108,3413.254191
137.029678,103,3413.915051
143.41123,183,3415.17587
147.767992,107,3415.901114
100.734252,241,3417.36084
102.502176,111,3417.936068
181.74287,156,3419.486375
178.544701,195,3420.741095
149.654989,108,3421.481806
123.59,115,3433.293025
205.958535,162,3436.060451
-135.762788,94,3438.13734
126.847712,101,3439.053879
1247.28523,203,3441.400288
161.188628,98,3442.989827
191.023011,149,3443.72133
166.920705,123,3445.287924
179.882138,115,3445.911877
154.064843,152,3447.592511
175.031851,122,3448.271807
178.67513,150,3450.039563
1311.370277,241,3455.169053
1246.752071,202,3459.167713
184.433178,186,3460.091504
188.938996,148,3461.154875
167.728508,241,3462.40792
220.337332,167,3464.335494
160.233374,127,3464.901301
105.449239,92,3465.39941
197.458788,169,3467.360181
163.593466,98,3467.851457
220.359084,212,3469.072852
223.161518,191,3471.67039
173.622086,153,3473.394041
145.871432,170,3475.316617
174.751387,111,3477.55671
163.650052,131,3478.231286
136.652988,98,3479.003058
192.200122,198,3480.257027
174.019062,116,3480.916219
210.247137,153,3482.653005
194.011977,171,3483.386443
166.209135,131,3484.064376
164.223762,129,3484.688312
127.006248,166,3488.167458
166.099238,126,3491.389136
1365.0835,241,3494.020838
210.269778,173,3495.742408
207.607567,177,3496.684349
148.477495,106,3497.478758
240.611783,236,3511.38582
174.809322,121,3512.901744
270.005615,200,3513.912328
208.962738,198,3516.123352
220.75389,190,3518.592349
138.781022,103,3519.163532
115.780444,111,3519.778016
166.560939,106,3521.494592
158.149577,126,3522.155804
247.522492,183,3524.550535
167.560858,132,3525.183047
120.240183,201,3526.424973
229.670053,150,3529.131002
160.865869,150,3530.116739
-37.146336,125,3532.604035
220.70247,194,3534.540612
177.18452,153,3536.197087
143.307832,122,3536.78344
183.284345,180,3537.697098
233.695407,241,3540.384894
713.721821,147,3541.896724
140.625447,96,3543.138913
116.839666,89,3543.583608
216.967048,208,3546.0211
147.590151,133,3546.842876
115.317146,101,3547.326381
163.023705,170,3551.284052
164.075747,142,3552.078445
161.256007,113,3553.592529
136.081147,118,3554.202853
247.520564,193,3556.039978
165.967531,95,3557.336196
202.399452,190,3559.081551
175.985242,132,3559.681072
177.560396,147,3560.391521
135.316306,143,3561.237679
121.155396,128,3562.028368
1102.674742,241,3565.631519
171.364114,168,3566.466945
154.984575,103,3566.987959
212.700865,154,3567.828003
196.882956,171,3580.333436
231.490181,171,3581.133456
133.972697,146,3582.927115
189.717507,170,3583.906968
144.549982,132,3585.874394
159.411249,128,3586.876485
176.833133,146,3588.88006
-119.231395,13,3588.961109
158.858059,112,3589.58177
149.389054,134,3590.590968
133.893404,179,3593.047704
177.893088,122,3593.575784
114.613254,104,3595.05595
240.654876,190,3596.090134
191.769702,159,3598.459637
162.779113,143,3599.361065
159.333469,125,3601.010558
1065.325533,128,3602.465012
142.705745,232,3604.560319
192.747749,140,3605.224316
152.064786,124,3606.772667
170.034856,197,3609.553856
114.608673,90,3609.88228
1109.894181,192,3612.461079
140.24213,131,3615.324191
229.928624,193,3617.079806
113.415663,99,3617.988853
162.159073,154,3619.116648
183.166516,139,3619.807222
166.45286,162,3620.726988
1149.51227,169,3622.461011
181.416477,155,3624.160456
124.407486,102,3626.472236
162.797523,121,3627.888301
133.516704,99,3628.300968
149.918174,118,3628.881362
195.590278,197,3629.930419
175.540938,22,3631.003338
207.588856,227,3632.181906
142.50275,152,3633.768356
192.053644,169,3637.837019
138.931727,114,3640.249405
159.832764,103,3640.857689
166.975106,140,3643.91882
83.569874,102,3644.475703
142.172933,126,3657.451238
109.673042,79,3657.801211
113.848472,113,3658.340792
214.652322,156,3661.051839
126.276081,114,3663.645415
161.685154,121,3664.549617
153.690956,165,3665.41971
114.031682,93,3665.937525
202.312513,193,3668.04689
131.119608,151,3669.375739
108.171289,169,3671.165986
181.245006,132,3671.884091
228.150045,169,3673.348115
161.044623,169,3675.65674
149.935823,118,3677.132728
110.158584,107,3678.54379
197.588859,188,3679.351099
137.970653,105,3679.831143
155.472327,101,3680.330409
176.719657,165,3681.169986
141.608468,158,3684.769344
224.393834,241,3686.790163
126.247883,130,3687.570986
220.495905,156,3688.849863
158.055438,108,3690.243869
191.500489,110,3690.74415
186.779091,219,3693.424725
144.020432,102,3694.132876
187.058842,137,3694.979528
155.351779,130,3695.834804
132.245948,116,3696.712502
106.522833,91,3697.292864
120.105861,118,3698.04518
167.277307,147,3698.864268
227.373446,198,3699.980486
189.896518,157,3701.64183
78.589158,87,3702.155423
159.15164,237,3704.909567
146.39812,150,3705.515533
149.175119,212,3706.607182
95.382869,143,3707.39528
959.378619,160,3710.055952
139.594685,118,3711.737264
202.248824,192,3721.914209
161.312178,127,3723.411866
200.654549,128,3724.045617
178.258181,144,3724.842081
107.844513,241,3727.493296
233.95569,187,3729.607831
172.691111,171,3731.243568
221.146318,175,3735.652323
185.957431,192,3737.682777
154.740483,88,3738.782754
153.042081,141,3739.722316
253.793276,189,3741.684486
158.823875,111,3742.253096
193.880945,180,3743.242303
159.843073,97,3743.776188
178.771978,212,3745.655967
200.940687,180,3746.517138
139.327626,132,3748.838321
130.358405,121,3750.301909
179.400393,132,3751.737038
170.26437,91,3752.116883
144.957469,120,3755.850492
179.083311,241,3756.972092
274.672562,221,3757.991567
163.824935,156,3761.269997
137.08081,93,3761.729315
200.798957,162,3763.645155
149.099308,150,3764.411482
126.78573,115,3765.93827
138.120143,112,3766.482099
1425.44876,162,3768.998529
155.105275,96,3769.554705
170.981484,113,3771.054439
141.787786,84,3771.441878
145.082855,98,3772.861895
645.928557,241,3777.059952
159.641129,134,3777.570146
236.404639,213,3780.428301
125.066853,125,3782.216714
151.713931,86,3782.615178
900.141447,241,3785.252488
138.031542,113,3785.644483
172.965023,142,3799.652367
115.930291,99,3800.06785
211.580389,205,3801.906449
0.82254,86,3802.563027
232.904805,155,3804.102336
155.946465,151,3805.270843
103.33546,102,3805.83696
114.917642,142,3806.569923
186.662584,221,3808.157429
153.761931,128,3809.0489
111.202596,241,3810.449686
206.213743,170,3812.779275
167.849667,93,3813.315029
159.936739,135,3814.236112
164.108465,121,3814.853604
152.085276,109,3815.455627
219.887466,190,3817.403451
248.286924,199,3819.14797
199.571169,144,3820.806101
178.955124,141,3824.109392
215.121128,181,3827.085303
1385.100664,208,3830.004227
131.61084,167,3832.621909
170.317155,159,3833.404363
161.781242,241,3835.724695
134.613173,95,3836.21714
161.893903,149,3837.996886
139.696827,97,3840.075047
159.596155,82,3840.398164
191.176731,204,3843.095237
130.557053,136,3843.688583
112.954078,153,3845.219152
168.733273,92,3846.44763
1376.432284,241,3850.068326
104.593381,82,3850.88705
-61.159654,1,3851.867514
144.563873,112,3852.444464
1373.552185,241,3855.395191
110.244801,78,3855.779632
191.123196,147,3857.285979
135.193437,86,3857.733566
122.743755,105,3858.245051
232.174504,168,3860.813978
116.843728,118,3874.786302
179.744951,170,3875.59502
155.139704,85,3875.982511
248.184555,241,3877.130588
171.741622,163,3877.966561
128.496859,129,3880.997458
211.832542,186,3882.808507
122.739387,92,3883.282107
248.88907,207,3885.367677
102.828343,181,3886.577585
211.21227,147,3887.579508
110.442112,82,3887.991606
148.42442,94,3889.38749
171.842614,142,3891.247117
210.79271,149,3892.975916
141.630862,124,3893.602818
105.458176,95,3895.963997
121.64613,102,3896.365333
196.914746,183,3897.084914
150.506894,150,3898.701711
-146.511472,54,3899.024512
185.023488,149,3899.806644
190.915282,241,3901.39566
123.058757,102,3902.798991
137.6203,98,3903.241282
168.425361,180,3905.603849
142.435251,95,3906.094537
145.242631,137,3906.777824
139.18165,173,3909.431456
174.122921,89,3909.888135
138.48941,241,3912.061287
183.762997,149,3913.547024
175.374111,91,3915.674913
129.353134,241,3917.633383
190.223105,158,3919.420657
168.485587,188,3920.739174
170.76268,135,3922.17141
141.189454,81,3922.524176
196.491343,160,3924.38586
148.755479,193,3926.530958
106.031306,101,3927.87994
147.656915,112,3930.448268
-77.465087,24,3930.540344
226.427095,189,3931.482692
128.850665,128,3944.630381
124.196536,111,3945.271676
216.159127,223,3947.381572
131.34596,138,3948.027507
184.850988,161,3949.205122
148.108925,136,3950.477374
217.745969,197,3953.428804
156.777038,85,3953.918795
148.441462,82,3954.391755
205.852734,108,3955.068844
131.690048,103,3955.580261
190.764863,145,3956.626144
152.167507,122,3958.291598
139.60582,145,3959.960851
186.571659,156,3961.7126
174.425886,146,3962.371346
130.143066,126,3964.031176
184.734887,139,3964.783587
116.690047,85,3965.221398
153.583838,83,3965.64583
103.314836,139,3966.411623
185.027552,196,3967.50697
138.933191,144,3969.891301
178.51296,160,3970.592518
125.156351,108,3972.417875
128.452461,122,3974.288421
-109.287165,34,3974.474229
169.724811,230,3975.564917
1253.338203,217,3977.460655
-117.077449,19,3977.57231
161.696293,206,3978.59573
189.336687,122,3979.129138
168.232191,149,3983.445086
198.764007,148,3984.024149
162.229849,151,3984.754404
168.263575,145,3985.431984
908.417904,241,3987.693211
151.330942,116,3988.180373
147.134982,122,3988.786641
769.601129,110,3990.101038
134.648351,159,3990.789039
213.518546,194,3991.895094
1223.05391,135,3995.395898
143.401103,90,3996.730197
113.486651,151,3997.452209
573.552087,73,3998.671715
216.799702,136,4010.488382
147.258605,88,4010.982901
154.928045,137,4011.781907
162.993202,194,4012.836039
204.460064,182,4013.832537
978.287477,119,4017.457496
171.364528,172,4018.834006
165.791388,112,4019.514531
142.772645,166,4022.515402
156.098949,128,4023.39383
229.40878,170,4024.450433
143.711789,114,4024.985122
969.74722,222,4028.005686
142.412194,119,4028.588049
206.927984,171,4029.560638
135.4888,124,4031.06364
140.877775,163,4032.069514
117.050298,145,4033.806744
-60.41253,56,4034.099529
164.806819,183,4035.693767
172.243615,135,4036.473508
178.315688,152,4040.705241
125.69391,118,4041.428563
141.831081,92,4042.186251
756.621011,67,4044.383045
180.33207,102,4044.839705
221.244734,179,4045.665629
205.678933,198,4047.607284
183.30156,149,4049.337809
212.34926,157,4050.889799
158.472872,139,4052.287244
150.701073,165,4052.996666
218.800125,166,4053.965786
-101.023911,19,4054.070669
779.644005,140,4056.377541
165.487576,87,4057.34094
226.929227,192,4059.248858
132.081196,124,4059.806484
171.001794,145,4062.302787
264.849439,229,4064.46867
117.736302,127,4066.035256
141.011816,109,4066.535772
118.956799,115,4068.991602
164.306845,181,4070.001224
146.679102,136,4084.175
145.154983,93,4085.506581
66.850973,136,4087.033525
150.195802,88,4087.438321
109.225053,119,4087.980228
213.287841,161,4089.533568
115.224259,111,4091.925411
190.205665,228,4094.605912
177.60155,125,4095.544853
220.756121,160,4096.449183
153.738747,92,4097.986054
239.194222,175,4100.024727
154.062409,161,4101.638178
111.48675,117,4102.193461
150.263278,143,4102.959255
187.002329,165,4104.720149
837.181775,221,4107.693954
149.475528,116,4109.13071
159.05658,96,4109.56248
153.486339,149,4110.315066
161.999397,110,4111.364787
160.738763,127,4111.882518
225.825726,185,4112.747475
165.690134,90,4113.216466
177.231252,158,4114.111001
172.641393,105,4114.620571
156.890978,127,4117.0894
130.359093,115,4118.530733
151.809827,89,4118.987075
151.261085,138,4119.782438
121.897611,86,4121.052268
1581.101437,234,4123.041797
193.002336,108,4123.545193
217.043505,173,4124.490151
192.61728,204,4125.601052
159.413944,103,4128.446127
189.148613,181,4129.715571
207.442378,165,4131.238313
116.393516,83,4132.51061
159.934377,114,4134.047395
-84.947252,61,4134.334299
128.198857,98,4134.801633
228.099995,198,4135.849
96.083401,241,4137.050652
205.741109,163,4139.68212
170.639489,125,4142.035436
188.141507,170,4156.953652
160.600522,189,4159.546108
215.142824,183,4161.681161
149.555735,241,4165.323156
160.249806,107,4167.940008
1046.350172,241,4170.192433
189.793543,216,4172.463842
204.454791,192,4173.38995
171.165214,167,4174.283441
145.644518,119,4174.846282
-58.795835,1,4175.736572
164.866452,118,4177.134677
995.617825,241,4179.222675
211.465973,203,4180.213014
150.788831,81,4180.573869
138.447654,84,4180.946428
175.836607,146,4182.876981
160.250507,127,4185.116258
191.602007,212,4187.061133
-59.208004,1,4188.319965
178.871475,146,4189.676936
159.499407,97,4190.295022
890.148599,241,4193.288044
114.159264,101,4193.803619
134.07076,142,4194.574609
152.427033,127,4195.227239
152.593471,135,4196.756402
150.225533,173,4198.64454
138.663049,148,4199.397019
157.439603,87,4199.811528
107.485443,241,4201.43599
139.04459,241,4204.95813
128.115834,145,4209.956702
170.918756,129,4210.591462
153.717983,128,4211.343596
123.977657,144,4211.938975
121.750265,101,4214.106521
162.653625,110,4214.638654
176.577861,144,4216.285633
482.067912,96,4217.589253
146.991545,103,4218.087602
836.819864,241,4233.909308
198.456243,160,4234.664074
-58.795835,1,4235.703611
230.732367,189,4237.270476
142.217681,144,4238.634965
104.104052,96,4240.430711
146.667594,92,4241.305056
177.967913,113,4243.112108
154.523084,115,4244.509245
153.366498,89,4244.881067
129.163983,142,4245.722602
113.613841,76,4247.40852
189.307201,162,4248.399903
246.903631,228,4251.356502
-151.365245,28,4251.501441
1030.280718,241,4255.370256
147.336433,102,4255.902341
166.297983,241,4256.989187
209.311497,173,4258.878802
137.940488,120,4259.94437
165.271023,139,4260.587421
170.378969,159,4261.207538
146.199631,81,4261.652461
142.921148,108,4263.271917
146.735766,118,4264.594307
200.563586,156,4265.448699
180.486869,158,4266.386732
222.932122,179,4267.986123
200.528682,189,4268.952577
861.441883,241,4271.785126
963.154487,241,4274.585096
189.610604,149,4276.171613
191.550732,135,4279.205884
187.714598,191,4280.991721
132.676955,96,4282.365167
152.871133,241,4284.300243
1164.184682,174,4286.030914
153.664568,193,4286.958221
142.239796,133,4287.667927
204.504358,174,4289.636588
221.924112,230,4291.687523
161.544988,92,4292.071811
197.39029,173,4303.506506
203.106286,166,4304.416474
155.776057,87,4305.714061
147.326604,241,4307.75118
145.901572,100,4312.070434
93.289869,89,4312.572202
178.244498,156,4313.843252
109.912822,78,4314.304467
161.092184,205,4317.672537
130.041107,96,4318.117495
177.565551,184,4320.257851
150.389246,83,4320.617389
176.676117,148,4322.132971
140.832817,127,4322.553888
155.039403,85,4323.959767
190.694791,198,4325.796346
106.898461,78,4327.132551
178.274957,103,4327.674651
116.311971,91,4328.115865
221.385586,133,4329.261675
162.903986,139,4330.861886
221.313475,143,4331.613745
176.742372,142,4332.872461
1053.973551,217,4337.488867
161.003865,148,4338.147286
217.453816,186,4339.993337
123.069738,96,4340.430629
235.41708,191,4342.393941
121.513667,132,4342.920275
166.757481,110,4343.4641
174.798852,152,4344.26475
158.99525,112,4345.8291
166.764609,126,4346.479867
166.054267,90,4347.540937
186.522855,161,4349.301787
172.706354,139,4350.03749
186.993025,113,4352.35491
123.959713,147,4353.321388
144.627459,96,4353.840332
150.195878,155,4354.660354
119.637078,172,4356.447526
201.605517,185,4358.246456
160.039945,133,4358.850498
160.458232,147,4359.482485
225.952436,194,4361.38324
172.206031,177,4374.40652
137.972649,225,4376.0393
174.813,126,4376.604749
156.903222,192,4377.714192
-88.484089,48,4377.999868
151.213124,88,4378.561459
-53.580496,81,4381.0518
131.564662,100,4381.934651
160.091575,85,4382.489827
129.406487,99,4384.749767
154.454793,124,4387.726319
-200.799978,48,4387.981323
124.693746,130,4388.708157
144.867747,118,4390.587423
141.334025,132,4393.04852
202.893533,167,4393.752251
143.702349,90,4394.203392
175.012829,148,4395.806397
1210.279308,221,4399.399201
131.559066,89,4400.297423
138.564512,102,4400.780529
106.698732,134,4401.376939
194.500985,163,4402.16431
208.541969,165,4404.254805
166.022914,89,4405.005128
168.967391,130,4405.56576
173.69904,94,4406.950569
150.894195,149,4409.481611
158.513477,107,4410.008343
226.428238,211,4411.010343
-58.029519,81,4411.423378
129.877173,93,4411.848587
217.596415,178,4412.740222
143.809368,119,4414.194121
156.022239,148,4414.803868
122.513474,101,4415.755922
146.679351,106,4416.289983
116.930149,129,4416.927274
128.9599,122,4418.502507
126.439742,100,4420.63316
189.704754,157,4421.212967
91.422251,241,4424.568592
204.791641,168,4425.222998
196.36258,199,4426.258928
150.038698,135,4426.958937
171.760052,140,4428.503282
147.648246,128,4429.989552
117.104711,97,4431.314138
140.604885,165,4443.552118
125.501599,119,4444.588918
173.985291,169,4445.365832
108.559138,114,4445.933225
131.950695,118,4447.447189
189.352562,133,4448.765647
1110.888644,193,4451.033877
182.224401,164,4455.457013
473.724278,86,4458.504965
232.001441,169,4459.254025
159.823449,97,4462.444305
188.152654,146,4463.145912
-10.026651,62,4464.349274
135.064643,126,4464.860659
178.979397,156,4465.67024
195.9104,154,4466.471272
76.337245,127,4469.442184
180.591462,209,4472.076429
152.810834,139,4472.796461
140.696112,120,4474.242011
152.826621,149,4475.894376
112.119712,99,4476.379467
157.129945,102,4476.98593
145.395652,131,4477.704708
581.383771,241,4480.660794
195.248435,148,4481.330075
133.969138,90,4482.748819
138.75376,132,4484.184481
173.093435,156,4484.825366
193.786603,163,4486.498091
185.369939,127,4488.993113
151.201486,167,4491.174475
233.836992,206,4494.475415
253.051919,185,4495.361431
201.008638,172,4497.067108
163.019878,109,4497.552767
155.851827,183,4499.348188
175.585399,179,4501.043071
195.078016,135,4502.523683
154.160695,77,4502.85281
139.536476,109,4504.285131
178.29927,138,4504.961624
-59.208004,1,4505.874165
191.377971,186,4508.463347
106.40423,241,4522.431359
181.542383,156,4523.215594
185.098965,167,4524.012065
139.99792,125,4525.483265
188.071683,153,4526.402915
-147.392881,39,4527.982959
129.965803,113,4529.741331
137.297425,164,4530.513909
-90.218195,34,4530.656904
134.773464,96,4531.086886
161.023985,77,4531.485682
134.607547,114,4533.283018
149.895497,89,4533.694398
213.274735,188,4537.27705
139.554836,94,4537.754196
197.530128,167,4539.481734
138.729056,107,4540.058717
157.099325,127,4541.71264
141.444711,138,4544.189617
169.738051,124,4544.987663
163.927424,89,4545.600087
86.866661,165,4548.959876
219.49339,213,4554.354512
172.169287,94,4555.129269
139.2317,157,4556.875866
209.754338,160,4557.686532
121.486122,91,4558.990693
191.739617,145,4559.682644
168.789167,88,4561.046922
170.042493,109,4561.669175
153.189378,124,4562.331546
220.95919,201,4565.483612
157.796651,113,4566.118701
195.947988,163,4567.530468
155.79804,147,4568.304952
175.493525,138,4570.059629
141.57081,132,4572.076963
192.515248,170,4573.877524
151.509293,87,4574.316075
121.528166,241,4576.491714
161.604952,104,4577.978165
175.656339,194,4578.873806
186.938009,138,4580.493423
124.568708,171,4582.180849
59.190603,241,4584.895839
221.6517,157,4585.675881
143.84777,89,4586.697739
149.235216,125,4597.433831
178.973986,159,4598.410298
159.074556,138,4600.223312
60.133413,93,4603.374261
162.044275,97,4604.36852
143.604669,131,4605.308905
200.336426,155,4606.269886
256.214694,194,4607.552652
245.70996,192,4608.558043
136.451958,136,4611.03289
201.450494,213,4613.859691
1054.753342,102,4615.139946
-135.103434,25,4615.244143
162.188099,102,4616.592342
162.32873,106,4617.948222
150.044462,140,4619.946595
141.266516,107,4620.389599
236.829574,185,4621.257515
207.080777,161,4624.933865
169.614366,163,4626.67308
150.001483,136,4628.205157
106.371531,101,4628.7126
145.323477,109,4629.326983
160.330531,151,4631.027275
471.918213,172,4632.569395
143.75043,110,4633.019367
134.95336,130,4633.702712
140.007168,117,4634.318398
167.854385,159,4635.083111
862.438575,155,4637.122665
218.317692,199,4638.284614
153.444439,100,4638.857023
133.806142,92,4639.417161
177.619808,137,4640.186095
213.40024,163,4641.710724
143.377761,191,4643.298042
127.546712,149,4644.024392
176.585233,135,4644.700603
-150.819177,44,4644.919814
225.110832,165,4646.690015
217.002132,187,4648.411092
125.299354,98,4648.931255
150.904244,95,4649.391301
185.83984,97,4649.902213
113.215969,131,4651.336082
193.569226,241,4654.696066
156.458658,241,4670.211794
122.900804,98,4670.731042
120.79225,93,4671.176376
1032.727045,241,4675.092845
154.924387,90,4675.630922
122.099527,127,4676.23458
201.245731,150,4679.902927
200.473268,199,4682.703259
100.734761,90,4683.158921
189.815724,177,4685.744332
157.238426,101,4686.159441
190.160729,167,4688.750295
