#{"t_start": 1770643603.322491, "env_id": "crossing_planes_multiHead"}
r,l,t
-121.148433,29,9.202368
-221.839475,33,9.389322
-124.489729,72,9.80473
82.005561,126,10.871822
139.426762,180,16.049679
161.644185,211,19.682367
157.073839,241,22.109793
174.918478,186,23.750501
-90.295,85,24.277014
-47.533017,95,24.812926
158.065699,200,27.38798
-78.709035,75,28.299457
-136.320357,69,29.111805
175.001581,222,34.570602
-30.606224,81,34.987212
192.706812,212,37.678733
-68.901131,143,40.194693
100.367059,82,42.366199
122.41513,194,46.913775
107.104115,99,47.65057
985.043979,185,51.724452
156.619163,241,53.248315
142.258648,197,55.254295
134.713079,184,56.295087
116.86841,155,57.730985
115.481553,133,58.868996
160.967105,241,62.741165
152.210503,144,66.989532
-146.615389,83,67.394237
136.605571,183,69.048313
-67.059014,85,69.806037
-86.914226,70,70.237884
-83.058908,71,70.724501
186.263576,172,72.06484
172.279979,187,75.000594
165.19873,167,78.24603
-72.509472,75,80.201551
-87.765727,54,80.758627
100.860007,127,84.497833
138.534201,177,86.01722
107.649766,176,88.334217
-99.043409,80,88.878379
61.390761,106,89.919284
178.640718,216,92.954476
-121.485179,20,93.733953
-115.441385,48,94.693055
113.15442,85,115.690783
165.879564,164,118.096391
-135.620125,36,118.304968
140.874491,112,118.901577
-81.716714,79,119.686864
-77.480666,42,120.386136
136.239683,182,121.485437
-100.459035,55,121.818583
149.157888,96,122.501733
153.95688,145,124.561207
104.219176,137,125.509288
-60.167736,108,126.45739
-65.482203,86,127.978143
104.264975,139,129.488808
134.209339,137,130.243278
-95.912411,10,130.287117
654.277044,179,131.964894
119.023435,135,133.44164
135.564109,241,134.978347
-45.764638,83,135.468448
-76.279708,101,135.987285
121.934325,88,137.760345
250.292139,63,140.050973
112.531153,111,140.587946
179.035376,154,142.404727
-177.480903,44,142.623973
-72.752164,44,142.800791
183.493134,161,143.535601
123.594349,109,144.042623
202.325869,195,145.10143
120.168212,139,145.865301
103.693717,176,147.526926
156.479605,163,149.218349
123.318405,117,149.804908
-96.11574,29,149.971461
858.944917,241,156.661694
133.585476,132,157.760375
135.575555,119,158.44221
180.386735,134,159.238507
127.53979,136,160.160224
-59.301896,1,161.154249
134.523335,152,162.807084
136.695624,178,163.671067
116.907131,141,166.797382
154.754852,124,167.304524
117.876541,96,168.725085
152.761009,172,169.457434
118.017916,104,169.908147
100.235609,132,170.533157
120.098552,178,171.432641
-59.208174,1,172.355608
178.665344,169,173.746621
109.926063,105,174.317432
181.132131,172,191.197369
156.374378,159,192.91853
183.973149,193,193.991913
180.151768,176,195.978913
147.592647,108,197.594852
-60.148198,80,200.267843
1411.16702,204,203.090517
125.739291,97,203.530362
209.696844,184,206.776968
145.708884,118,207.34735
175.157962,213,209.535674
98.382309,106,210.375947
99.519971,94,212.189035
162.729308,147,214.158769
158.706597,94,214.837216
166.78097,140,217.033296
216.997939,187,219.985301
152.611957,74,220.322669
137.93839,127,220.941602
97.372143,102,221.527908
135.11018,139,223.409549
152.705354,92,223.78598
154.450719,153,224.415956
102.522631,141,225.054232
-27.878872,121,226.581061
223.808822,214,228.404518
157.222814,142,229.040672
115.200499,120,229.578938
228.523386,203,231.876399
128.674787,166,232.724683
220.284926,235,235.735096
145.56745,114,236.746885
226.423015,210,239.893977
226.980828,226,241.055991
188.732078,195,242.999052
121.096939,118,244.313226
129.933687,101,246.066245
122.059401,116,247.538209
162.000893,112,248.102167
-99.75446,39,248.272874
144.76555,117,248.791689
214.378651,207,251.164546
-27.487907,78,251.559186
161.181379,158,265.479075
117.656825,91,265.954791
1131.442004,189,267.805591
114.146655,107,268.349244
122.067565,98,271.974156
166.521489,187,273.363629
-59.208004,1,274.275022
1152.010206,199,276.170552
224.291238,206,278.001928
-111.261548,59,278.255472
144.310409,137,280.72574
126.522275,93,282.324238
118.328489,128,283.808843
158.248903,139,284.356436
186.456698,161,285.664582
102.961858,89,286.083669
1306.981957,241,288.007722
154.742366,95,289.897157
121.277886,106,291.261172
138.462723,85,293.367766
-92.184752,67,293.647667
147.592519,89,294.086456
185.06446,168,294.979048
218.008677,224,297.03299
199.146226,170,297.917799
-84.459801,83,298.356032
679.803595,82,299.618059
203.209851,125,301.054141
1130.550277,198,302.783998
162.362933,168,304.117328
187.46678,174,306.758017
192.256725,192,307.958339
152.087597,156,311.360545
188.969747,200,313.200851
171.049802,117,313.800439
148.848275,164,315.382103
149.59517,81,315.707654
-144.639412,12,315.768424
221.054753,179,317.474681
173.681903,168,318.311125
89.630732,96,318.784978
246.90128,178,320.511836
197.220965,164,322.237642
-90.149968,25,322.352297
122.68605,113,323.793017
157.049218,190,326.164573
202.491166,216,328.90302
209.969614,186,339.900024
1075.408268,209,344.911583
170.343194,147,346.232026
175.479809,164,347.714201
113.544164,161,349.843947
161.596125,87,350.297688
172.605425,160,351.162156
142.446319,101,351.632655
160.63547,81,352.009606
165.080953,155,352.825601
-88.446549,85,353.266356
116.105602,135,355.35493
147.666232,114,356.799194
122.482809,98,357.251348
145.628093,158,358.078728
114.957969,105,358.66635
145.933956,136,360.294919
174.432997,154,361.596801
185.552309,203,363.717166
167.497526,149,364.999701
128.801099,102,366.191669
183.363413,151,368.409071
245.175015,241,370.590691
178.073179,153,371.309852
161.639558,157,373.796649
178.973451,162,375.849408
-99.931028,38,376.020636
-142.591556,23,376.144544
220.325558,177,379.302872
-52.408296,86,381.51827
151.419254,186,383.288189
164.298479,126,384.670207
156.634028,165,387.669951
133.702829,241,390.184406
160.61177,137,390.895904
129.794007,109,391.435772
201.044052,165,394.433317
147.363019,113,394.913764
230.255635,202,395.940718
152.564735,85,396.426249
155.929846,103,396.999113
-180.653651,29,397.161821
159.329677,142,399.5099
143.34337,158,400.369724
121.326088,101,401.299208
193.552402,161,415.088223
191.438876,174,417.899002
139.835303,113,418.454861
-88.828602,44,418.673905
175.145833,241,420.498242
1241.852238,213,423.2952
156.233348,137,424.038421
168.142517,204,425.175821
136.191164,158,426.955977
127.523805,159,427.797192
152.620368,82,428.768492
181.673051,175,430.534368
152.915586,140,431.106156
178.601863,177,432.361611
146.337532,103,433.832655
133.696507,86,435.202884
99.506974,148,437.769655
110.18366,83,438.150208
174.287717,191,439.019362
183.296213,145,440.577318
162.438477,168,441.343569
1273.086441,200,443.206952
154.216528,151,443.946546
145.909568,123,444.553505
160.476096,106,446.068521
153.159487,138,447.214894
145.463736,148,448.919649
153.279602,131,449.566369
177.596998,166,450.693409
198.333634,176,452.427944
174.00336,196,454.309719
453.808662,61,455.43686
167.191054,143,457.1175
153.668849,89,457.498041
113.45033,99,457.957232
108.480203,113,458.486018
150.946262,75,458.790789
211.933638,141,459.408835
103.568481,143,460.053025
123.340371,144,461.765609
97.010835,95,462.228781
133.602378,115,464.150824
116.083136,74,464.540613
149.93513,72,464.91204
1168.43019,131,468.106731
178.353977,102,468.640788
149.61019,77,469.031904
161.565624,97,480.240714
90.329172,98,480.788301
183.052215,162,482.545933
188.603463,166,483.305727
150.249606,122,485.371295
142.409246,147,487.897306
140.679309,125,489.4525
167.234275,96,489.948298
176.415726,153,490.980428
168.117114,170,492.750092
123.914614,119,493.354102
89.474554,156,495.44023
137.51972,141,496.068713
165.441442,151,496.856587
1129.479396,190,501.221863
100.766037,135,502.766364
144.229529,99,503.21672
166.398116,85,503.631606
211.982437,165,504.412147
148.726976,155,506.157684
132.433161,113,507.654386
145.12458,72,508.928195
201.839071,148,509.60858
203.09562,127,510.181593
133.938904,146,511.877812
626.039569,125,513.288295
130.600389,126,514.389275
107.580994,111,514.958349
118.64859,104,516.332649
173.142283,181,517.282093
169.346346,96,518.456053
145.912907,104,519.501001
169.169474,151,520.284716
174.098527,104,520.841994
163.899443,98,521.426687
209.560173,177,525.279063
202.770956,189,527.116143
-90.385165,47,527.328222
141.788423,92,527.796298
477.282978,78,530.034236
151.798852,133,530.645201
118.694995,148,531.267634
184.241629,170,532.841535
147.768209,127,535.066125
172.532049,169,536.002416
162.747228,149,536.720553
179.628271,147,537.927807
147.236323,152,539.311911
161.201291,98,551.214437
145.779837,84,552.518926
161.152387,97,553.922502
157.865891,162,556.016894
152.494767,126,559.366574
211.019301,203,560.575101
170.239911,141,561.649614
94.850193,84,562.147259
194.235042,146,562.822106
140.59816,101,563.233853
165.183857,145,566.34887
175.590495,144,568.002426
138.547916,102,568.505951
182.936254,158,570.15835
1380.89969,241,573.240176
163.663905,83,574.535389
1463.108609,216,576.510819
-55.806565,90,577.763065
167.684633,113,578.340596
129.010892,103,578.861485
227.136429,205,579.814821
143.047297,101,580.396987
221.717271,202,583.043419
162.420814,157,585.893733
-99.086219,1,585.906922
138.023953,131,587.14293
118.453597,113,588.011015
157.840595,122,588.717064
138.882219,173,590.695095
199.564636,180,592.685429
135.75862,114,594.226675
143.209134,101,594.736553
165.069815,135,596.327961
126.523023,109,597.717715
187.030863,147,598.338544
159.197899,79,599.55676
248.45037,172,600.400504
120.967432,97,600.878129
145.413817,91,602.187132
135.042056,116,602.738548
128.59783,129,604.170136
119.904935,93,604.550347
190.3441,153,605.756757
99.161433,130,606.344449
213.725444,190,607.320238
79.230625,119,610.450836
171.112034,93,612.694909
234.649398,196,627.240299
218.578531,181,628.136061
194.745919,210,633.035572
224.67582,216,635.409491
161.119094,131,635.928623
202.430796,181,637.577405
165.396002,187,640.584044
209.926174,190,644.204517
140.121697,94,645.740341
1205.767351,239,647.847822
146.316724,135,648.495626
147.135663,88,650.03987
971.600962,132,651.427515
154.260072,164,652.268109
1165.777708,151,655.61713
196.456485,142,656.196541
130.436389,149,656.923707
142.459929,131,658.708814
73.066886,103,659.893591
128.143644,122,660.544654
134.542703,131,661.17298
111.118638,101,662.600492
1337.59025,241,665.247905
119.581604,100,667.698452
128.937623,90,669.497809
143.254529,94,669.985544
157.769525,163,671.796833
160.499596,184,674.43134
160.467054,112,675.047423
121.379425,87,675.482037
132.617942,95,677.693421
1084.705638,231,680.645053
165.820864,157,681.335518
96.905951,88,681.755439
224.666895,182,685.423391
149.743507,124,685.959962
99.267816,115,686.466419
183.19825,144,688.609553
172.944275,158,689.322457
155.492935,149,690.13233
199.908359,159,691.006362
191.912785,106,692.356703
158.247036,96,693.705068
167.378287,160,694.787643
132.991436,142,707.131801
104.619646,115,707.741748
274.417095,193,708.875961
210.987518,194,709.918449
157.579376,172,711.325832
157.038612,103,712.57242
130.472749,136,713.829975
152.820956,226,715.621051
214.963042,207,720.064455
265.101586,185,723.050015
125.310171,95,724.432083
1413.667577,200,726.219018
178.177022,159,726.928274
-60.0,1,727.848194
163.175918,122,729.346779
86.863138,93,729.780006
191.329452,195,732.335886
209.956425,174,734.173446
-147.268963,48,734.42864
90.352039,105,734.959527
154.092318,115,735.518458
169.88376,171,737.207768
155.041576,158,738.486088
91.389585,146,739.370868
161.771381,241,741.105785
154.806501,125,742.416897
149.254222,145,745.617957
158.975208,90,746.111357
241.787681,210,748.638084
160.179231,81,749.249385
134.620765,106,750.671533
164.65487,121,753.018901
213.196066,186,753.811197
111.517678,103,755.297891
178.417667,132,756.807309
152.716436,95,757.232206
133.95146,124,758.312969
184.649125,179,760.101222
138.603783,114,761.743398
169.757569,156,764.464325
-23.715699,81,765.076255
198.221186,241,767.584806
130.042524,113,769.186988
145.845699,124,769.864644
1337.278771,241,781.696727
121.490882,106,782.125308
234.272325,188,783.000051
122.386499,112,784.593137
132.05615,106,785.156836
1147.760894,182,788.176051
1593.415636,161,791.351938
199.534262,151,792.127501
159.616284,171,793.887993
168.821943,169,798.697425
131.15684,128,799.264233
160.817215,157,799.960324
141.345824,117,801.461779
181.441381,193,802.650938
159.703362,140,805.030308
213.454824,181,805.829046
185.116494,102,807.204419
141.014028,106,807.781703
151.803862,102,809.214223
173.459734,140,809.821529
182.05963,155,811.060743
-96.715276,49,811.303464
174.917631,103,812.684692
169.179016,143,813.318492
166.131851,241,815.332144
264.750648,196,817.622062
149.966512,140,818.471134
214.274027,176,819.43593
175.663652,174,822.126329
171.836516,119,823.576147
1291.612212,209,827.194936
190.820882,197,829.054029
171.967669,93,830.40453
214.726154,168,831.230567
216.011052,194,833.600655
224.621816,183,834.463767
136.004322,95,834.915766
138.509504,103,835.578722
176.392082,166,836.991682
-99.194962,1,837.008207
199.542905,181,837.878606
146.305364,111,838.398181
156.045133,104,839.972502
157.835269,74,850.971612
186.052064,152,852.661489
128.312454,132,853.331716
129.526609,146,855.193419
-60.108718,88,856.294748
181.240106,152,857.260985
210.593164,174,859.142853
229.792754,194,860.178356
233.370632,182,863.785514
-192.954022,42,864.045349
155.61539,145,864.744324
99.271829,134,866.351201
1141.384711,212,868.170142
124.787901,99,869.619788
115.171832,129,870.155662
139.682591,134,871.722138
149.526241,241,874.463116
162.150902,91,874.873132
156.7518,109,875.350172
231.005061,236,876.562753
124.885459,80,877.002404
169.293648,128,878.182351
173.023738,133,878.759581
178.300324,151,879.568643
119.155589,94,880.934627
159.936339,133,883.271968
183.606542,144,883.953034
217.912603,195,887.615989
202.411291,163,888.457145
142.234582,87,888.864873
186.593084,154,889.619175
147.556626,109,890.156842
225.444937,195,891.03379
148.872976,175,891.94634
700.936726,66,893.175418
180.403593,158,894.497087
207.142175,125,895.145751
139.89703,147,895.798997
171.080195,164,897.496722
191.922886,151,901.907256
-32.349309,108,904.293472
152.364636,114,904.82956
177.330919,214,906.299081
165.252886,153,908.034066
-75.671935,90,919.612373
139.205717,98,921.35943
166.497311,124,922.009788
143.792827,159,924.065641
196.773832,115,925.492054
177.491842,140,926.656473
188.664824,162,930.338599
219.979892,136,930.978495
197.667778,116,931.574317
993.190309,189,933.944562
232.086792,182,936.040452
119.474098,85,936.506024
152.661968,71,936.877939
185.465705,173,937.854736
136.326674,114,938.493207
157.681259,241,939.730538
201.246946,193,940.740831
196.886047,138,941.476287
230.812764,208,942.615808
212.629131,162,943.49517
179.027557,157,946.696615
459.896492,76,949.311757
151.709816,130,950.149234
1152.716296,241,954.038883
152.810406,156,954.805012
949.415594,164,956.477517
164.425952,141,957.113706
191.016344,152,959.57562
174.875543,171,960.373212
158.97119,113,960.915696
928.991337,116,963.171982
1414.573183,201,964.940045
152.307625,99,966.310337
144.293836,120,967.752669
232.501882,185,969.136893
1116.62957,241,972.43848
109.469827,85,974.316641
158.077259,178,975.159433
164.841682,165,976.025464
183.198365,161,978.55768
-33.172385,122,979.897015
106.571707,241,982.864121
-98.795834,1,982.877718
98.380815,84,997.786471
177.705804,148,998.585172
205.147386,53,999.719945
788.291337,202,1001.498658
126.830685,195,1004.011262
228.539468,152,1005.664907
205.935037,158,1006.460528
194.25531,179,1008.721331
-127.172813,11,1008.827067
144.440199,123,1010.48151
133.872261,150,1012.068655
-103.821022,2,1012.089386
1411.635124,241,1014.153199
154.27539,74,1015.382882
176.257693,145,1016.953097
168.45375,141,1017.570433
130.535606,99,1018.046078
126.937528,125,1019.458055
-101.976117,31,1019.623495
162.517071,139,1020.341098
225.12583,214,1023.079733
122.34283,93,1024.083005
163.44542,172,1024.916345
155.53191,103,1026.551846
163.080829,138,1027.200652
1218.884371,185,1029.62851
160.59348,118,1030.261978
-90.640243,41,1030.485276
156.468507,112,1030.993266
201.575071,207,1032.849376
144.739085,146,1034.33562
154.315295,94,1035.747903
589.785284,72,1036.97016
94.164731,89,1038.215746
810.748033,147,1039.702948
259.187933,214,1041.699861
-135.673306,17,1041.796996
170.182672,208,1044.190064
161.376976,103,1045.49792
257.130412,175,1047.115724
159.522053,197,1049.536512
141.82461,115,1050.09316
155.213516,148,1050.788709
154.985375,136,1051.593959
156.456494,106,1053.189896
132.815669,90,1053.545968
172.755788,193,1057.145979
174.302463,90,1058.554972
168.233778,91,1069.751975
163.078294,149,1073.051519
209.559046,165,1074.21535
136.283133,111,1075.5977
1012.16768,131,1077.434595
139.718689,112,1078.49644
111.824516,90,1078.926203
211.536428,166,1079.629031
154.987815,98,1080.140935
144.670351,128,1082.375814
163.517009,172,1083.328837
124.217896,111,1083.928934
170.447436,158,1084.6498
180.97536,142,1085.510753
189.059079,189,1086.446558
149.355891,135,1087.101181
133.714541,137,1087.801942
117.299511,117,1089.270854
195.905579,170,1090.866894
137.602377,126,1091.411528
198.12453,104,1092.397857
171.80929,145,1093.060106
172.339783,112,1093.52947
145.037992,121,1094.098448
214.99729,166,1094.967478
223.062295,170,1097.015973
1116.365734,155,1099.482742
224.285725,220,1100.772377
101.399031,93,1102.282594
171.33946,160,1103.995286
108.44448,117,1106.340361
149.319584,97,1106.803018
232.017772,183,1108.436605
159.664665,95,1108.797598
233.07121,216,1112.092147
140.953834,136,1112.703317
108.600745,121,1113.256201
182.097747,201,1115.629157
201.911888,200,1117.548294
207.443784,179,1118.399182
135.790753,155,1119.148502
204.7502,161,1120.915491
167.289875,101,1121.407008
166.65931,157,1123.078724
152.569271,154,1140.693849
151.799424,128,1141.265215
-61.500986,1,1142.171474
925.75178,161,1143.709663
173.55662,148,1145.776295
154.281532,114,1147.479299
210.140186,168,1149.349591
178.255207,166,1151.17273
254.750052,190,1151.980304
202.453029,193,1152.906619
158.582092,134,1154.523673
179.675532,138,1155.194331
214.190229,181,1156.064593
149.907766,154,1158.603213
201.591862,184,1159.532188
153.265104,111,1160.99664
202.196718,173,1161.79875
189.569952,123,1162.958669
165.693316,165,1163.862858
147.265877,99,1165.291567
-228.920023,60,1166.811968
181.267817,113,1168.563926
165.310703,183,1172.137661
142.711701,90,1172.589544
142.368882,99,1173.134465
183.14314,177,1173.978815
159.685392,88,1174.411464
1191.636259,217,1176.537676
164.464761,156,1177.329477
149.339296,130,1177.980057
196.476882,152,1179.615835
187.397067,176,1180.555829
181.022796,111,1181.621886
176.871395,154,1184.2448
273.783713,181,1186.347385
136.98676,145,1188.125133
120.470484,98,1189.462397
188.921975,192,1191.295694
156.591423,148,1191.998915
163.077692,98,1192.460192
192.077851,180,1193.453875
190.68974,127,1194.092049
199.936146,199,1197.805596
151.577987,77,1198.145384
218.220901,159,1213.094439
222.698305,192,1215.025023
144.067311,92,1215.390999
138.571637,156,1216.624577
147.273475,116,1218.040737
185.747568,163,1219.399891
213.489061,175,1222.658568
173.954756,132,1224.480765
141.713168,241,1227.569712
157.418816,137,1228.213715
262.149497,178,1230.72507
161.160528,131,1232.136671
176.162308,183,1232.982734
187.338102,97,1233.46377
190.936595,153,1235.15419
107.172561,108,1236.583384
195.400358,159,1237.841486
167.146871,148,1239.4208
200.982252,192,1241.165583
193.797629,127,1241.784894
178.612806,115,1242.454225
219.384228,144,1244.182776
184.601803,94,1245.744051
269.998913,234,1247.884312
169.157594,138,1248.589366
162.960288,205,1249.678292
163.921929,154,1250.479562
135.991355,98,1252.165188
216.055771,186,1253.071951
240.110546,201,1254.546182
189.441268,236,1256.726044
155.439214,97,1257.127627
161.151237,149,1258.23226
178.245607,150,1259.923035
172.016373,197,1261.871914
177.536075,150,1263.414016
139.08816,107,1264.807582
131.506298,92,1265.239889
97.644807,87,1266.527928
684.085021,82,1267.745686
122.897824,77,1268.057138
152.293775,170,1268.819662
-96.087278,13,1268.890301
124.002293,163,1283.593244
231.233647,195,1284.665647
127.69236,105,1285.693846
133.831283,104,1286.185018
169.061459,146,1287.183707
183.539171,160,1289.264509
124.377159,116,1290.735723
1174.061862,241,1293.971827
130.65209,87,1294.933215
591.147388,71,1296.644167
193.594322,241,1298.376544
137.104244,94,1298.862944
175.48772,141,1299.55477
152.596095,88,1300.003371
119.21883,114,1300.599411
175.13754,155,1301.394289
165.919229,241,1304.405066
-53.399548,53,1304.70833
175.427236,146,1305.56723
148.906127,155,1306.667009
1366.052277,164,1311.26999
161.992957,97,1312.659396
181.455945,138,1313.539987
223.431026,180,1317.36019
135.565472,101,1319.571242
140.630007,136,1320.241196
149.182692,143,1322.071944
142.48366,149,1323.62268
182.082927,178,1324.349863
216.904414,194,1326.256656
157.503534,124,1327.796625
108.585676,97,1329.678913
131.554098,139,1330.362046
1124.691041,167,1333.738775
229.834004,165,1336.087341
-86.674825,24,1336.205251
154.547731,77,1336.597179
129.414759,115,1338.205259
135.081025,136,1338.881773
160.657243,147,1340.457368
137.270878,97,1340.92196
218.073323,209,1342.92876
190.40666,174,1343.829214
151.400549,129,1344.523466
184.29983,215,1345.560856
205.521195,125,1356.900213
227.590891,211,1360.16871
154.92803,171,1362.427407
223.227126,187,1363.75393
968.579567,173,1365.589752
131.555894,122,1366.198539
178.769337,95,1366.955699
138.337497,103,1367.765686
159.29853,105,1369.234323
247.185539,210,1370.318789
213.139748,191,1374.001551
182.403911,134,1376.5981
200.80185,168,1378.863302
144.374576,139,1380.407834
211.286221,174,1382.529768
193.964138,171,1383.515359
1092.698979,178,1385.299855
162.554946,127,1386.236192
1136.856463,179,1389.071614
264.802814,175,1389.855005
216.714266,189,1390.85884
140.826655,106,1391.424348
123.914028,97,1391.887072
153.557741,241,1393.09243
-72.465515,81,1393.538458
213.969075,226,1396.57104
155.055499,94,1397.902905
190.044166,164,1399.286439
146.274502,134,1399.961461
147.391337,157,1401.738223
-99.972824,1,1401.761072
196.368048,156,1402.728456
192.816589,162,1403.914654
146.104611,134,1404.688308
-103.253064,113,1405.288846
177.633518,141,1405.990778
137.75234,120,1407.510882
193.984262,158,1408.324535
201.803417,152,1409.152469
152.339246,84,1409.597692
135.025756,147,1410.46303
190.249232,138,1411.334006
129.25932,241,1424.48692
143.280564,116,1425.101845
158.762934,128,1425.761824
137.742567,91,1426.280384
246.072412,186,1427.232158
185.795686,161,1428.207314
168.853089,105,1429.584703
169.682246,104,1431.283051
172.906946,142,1432.859378
156.42049,150,1434.424375
189.657692,107,1434.897545
208.380993,192,1435.813619
168.878059,132,1438.124265
228.32693,197,1439.869697
1169.248987,130,1443.139887
271.382685,191,1445.425573
128.791708,96,1445.891153
1242.332696,195,1447.989545
151.441866,128,1449.943777
128.396442,241,1451.103579
116.332427,215,1452.193649
187.798163,135,1453.004455
149.950489,136,1453.855073
216.747386,170,1455.664431
105.578176,145,1456.415862
206.144781,217,1458.568113
131.194737,96,1459.060775
118.903285,86,1460.319109
178.455607,136,1461.689652
218.402809,192,1463.665371
140.754315,112,1464.201733
199.584723,189,1466.064575
178.159562,191,1468.241943
107.693213,105,1469.785818
177.917911,87,1470.227314
184.354791,157,1471.106506
158.623625,137,1474.409645
295.209514,229,1477.285254
141.959326,86,1478.537557
141.572404,164,1479.324877
158.019081,130,1479.928958
-59.343463,1,1480.862489
244.100167,199,1481.878614
175.370783,123,1490.86694
155.926423,121,1491.590045
187.42269,119,1492.286955
153.607944,138,1493.280837
1217.428925,198,1496.816664
140.776256,92,1497.380862
240.616384,188,1498.949593
165.123184,77,1499.354949
152.862467,105,1501.121367
166.305099,77,1501.512224
158.223255,140,1502.228693
142.427819,96,1503.620659
248.222657,151,1506.218822
191.440139,129,1506.810974
143.477952,132,1507.517117
240.10719,179,1508.825258
180.394875,156,1511.296197
170.258793,143,1511.904308
113.192168,121,1512.799148
178.226325,126,1513.671329
-51.07585,64,1514.869694
232.859118,187,1516.496525
146.339958,135,1517.087024
174.99213,191,1519.780344
165.88094,97,1520.190977
259.555533,191,1521.107242
225.13473,189,1523.074645
988.53261,153,1524.736794
202.044548,140,1525.456532
216.944064,178,1527.919136
202.1616,179,1528.835472
145.971165,126,1529.463497
193.533261,141,1531.271632
214.065396,167,1533.367062
160.094598,109,1534.728916
181.915001,136,1536.402788
157.077868,94,1536.821241
183.467113,177,1538.456997
191.022526,150,1540.027588
153.229355,114,1541.432666
-102.771824,96,1541.87852
249.285294,218,1542.989418
231.231858,159,1543.765653
170.14426,145,1544.513986
218.05748,212,1556.7395
185.06295,142,1557.315423
232.538892,173,1558.146645
143.290924,127,1558.840049
130.569749,103,1560.333996
151.365156,94,1561.102972
218.64502,186,1562.675699
202.109599,192,1565.123279
200.980775,175,1567.002193
163.436643,133,1568.457823
114.993743,102,1568.949792
242.558769,152,1570.584868
204.971527,80,1571.865384
1125.825233,144,1573.400381
131.187063,107,1574.385172
220.545533,147,1576.025844
125.399223,104,1576.54745
146.95954,106,1577.08295
188.699251,227,1580.058963
164.691235,97,1580.50059
182.636889,201,1581.748626
168.273285,144,1583.506146
144.673885,93,1583.946008
182.347944,201,1586.607997
161.290214,83,1587.758671
117.754223,108,1588.30409
153.172673,121,1588.854842
167.30958,95,1591.140611
216.315581,154,1591.950348
939.231927,117,1593.846867
917.250502,145,1596.266768
130.847867,95,1596.726351
168.675513,174,1598.930374
189.631416,98,1601.25781
133.530064,112,1601.838431
133.990838,97,1603.163865
169.318579,110,1604.670643
202.184129,207,1606.556866
175.811123,114,1607.043329
177.026911,152,1609.519601
241.069034,147,1610.961275
157.986053,82,1611.385925
164.432741,103,1611.894531
179.525335,136,1612.504171
220.853972,207,1614.325054
215.275934,232,1616.859339
140.783353,117,1628.693683
151.550714,234,1632.907097
176.85972,103,1634.08229
152.43452,125,1634.736421
155.294396,146,1636.565478
119.921945,169,1638.478813
164.129031,85,1640.790944
127.014383,95,1642.161851
146.778955,135,1642.858223
197.826528,137,1644.454032
148.577537,131,1645.902766
209.200817,168,1646.670673
184.885185,148,1647.348856
224.781851,235,1648.965358
171.240166,134,1649.494763
169.901593,129,1651.750689
168.385475,146,1654.035909
292.128594,169,1655.65923
152.349504,99,1657.969852
158.264668,94,1658.385923
186.758866,143,1658.972979
132.520602,123,1660.41383
115.200024,119,1661.822384
174.790521,166,1663.468439
223.793137,166,1665.226292
954.168111,144,1667.781363
171.363599,172,1670.347896
161.605701,137,1671.467672
183.267015,210,1672.538022
1058.635589,177,1674.235587
192.539444,171,1678.369966
226.921829,187,1679.674723
136.203269,140,1680.521312
1425.936865,241,1683.372653
180.153065,146,1685.018319
152.536303,110,1685.755298
266.714268,28,1686.926248
254.444598,216,1688.060965
179.450203,153,1690.593925
175.553302,181,1692.217113
200.547053,151,1693.354528
240.468783,203,1694.324156
112.506551,96,1708.911397
135.281969,114,1709.569597
148.763006,105,1710.140593
171.337687,141,1710.883474
202.899503,133,1713.562636
128.180293,152,1714.640711
216.394668,169,1715.773778
142.109129,108,1717.203104
152.869594,241,1719.320306
150.366413,99,1719.929826
152.158269,137,1721.553287
165.245081,111,1722.060516
214.59045,169,1723.310418
152.028694,138,1723.978008
155.165646,127,1724.751953
179.765567,173,1728.111012
199.238733,180,1731.704507
177.217242,163,1732.542003
206.48474,110,1733.0815
166.486815,142,1734.978796
200.002137,227,1736.032135
153.816258,105,1736.533264
135.830448,185,1738.347793
-158.795834,1,1739.334808
158.837001,104,1739.82679
217.164654,192,1740.760769
132.746652,88,1741.1979
281.487926,226,1745.520211
180.74349,155,1749.198689
204.690593,153,1749.821555
211.480909,151,1750.552269
208.813593,183,1751.284149
182.560285,154,1752.959773
230.378575,179,1753.857478
188.03006,175,1755.64441
144.487827,133,1757.208002
142.547313,128,1759.625824
145.337012,108,1760.133224
175.467451,138,1760.94873
169.730761,95,1761.441543
159.953794,119,1763.666542
1252.346962,193,1767.531408
233.228697,187,1770.023673
169.693862,89,1770.404793
198.675359,167,1781.327913
180.490928,154,1782.108704
131.410556,107,1782.645498
197.930154,241,1786.074027
939.054824,236,1789.439274
136.850039,131,1790.067864
218.145435,176,1792.016312
149.669169,132,1793.541254
121.422831,92,1795.717119
224.6179,173,1799.639688
205.37023,158,1800.352194
339.37784,61,1802.265961
-34.156485,86,1804.165948
186.438981,92,1804.658484
219.328648,168,1805.536144
177.07321,241,1806.765417
132.817827,112,1807.379321
161.833944,118,1808.924947
143.986247,156,1809.719076
156.762237,116,1810.330077
141.472439,141,1812.088944
234.11171,205,1813.242377
128.562469,98,1814.508239
207.198859,159,1815.287875
184.964443,137,1816.450336
133.643311,127,1817.872593
212.226472,135,1818.475389
233.07029,202,1819.461988
175.199079,122,1820.426605
197.883661,119,1821.820164
1145.073654,173,1824.590778
147.984814,111,1825.959408
77.067138,241,1827.229113
646.04722,151,1828.837811
999.539745,173,1831.48633
136.667698,94,1831.959255
169.898316,132,1833.491107
159.019426,92,1833.914396
-25.002621,118,1835.288738
226.697309,181,1836.681608
151.47073,113,1837.225937
139.127816,82,1837.609286
125.529261,101,1838.126378
126.234292,85,1838.566357
159.65524,91,1849.754077
173.324237,108,1850.278613
127.70542,83,1850.654329
164.948864,84,1852.227694
185.073383,184,1855.456871
213.513654,168,1856.974785
164.276441,171,1858.052136
166.899397,171,1858.978357
199.975598,121,1861.498055
745.083206,101,1863.16855
897.976809,139,1864.697233
215.152638,116,1866.265731
155.964938,92,1866.791879
184.163621,129,1869.578396
182.066156,114,1870.609955
158.986036,97,1871.142678
151.660653,151,1872.029042
1136.591653,135,1874.713628
196.122986,171,1875.593614
174.071408,136,1877.968452
260.878965,52,1879.901206
148.241378,156,1881.493554
144.605643,120,1882.850715
282.838925,225,1883.88686
165.119154,73,1884.292481
193.523154,179,1885.079599
184.580461,150,1886.818538
152.587008,80,1888.60165
177.138655,157,1889.395633
150.092585,136,1890.022574
1331.982931,162,1892.978482
140.909368,159,1893.92644
139.272716,88,1894.513118
200.041438,162,1895.516971
231.880013,165,1896.315497
285.572895,240,1897.682841
685.940457,82,1900.750057
197.105132,159,1901.545117
159.140485,75,1901.934565
132.533411,106,1902.507765
196.699158,156,1903.220438
166.194405,150,1904.849702
149.868304,110,1905.824048
201.545421,164,1907.436411
144.574415,119,1908.022965
157.606925,137,1911.065278
229.128223,192,1912.174493
209.656986,153,1925.921742
151.951148,133,1927.587026
160.953658,160,1929.740945
195.480002,151,1931.74605
126.393151,116,1932.37878
155.489747,193,1933.45965
165.703506,122,1934.130025
206.206694,187,1936.475311
130.688804,86,1937.897578
607.466883,196,1943.190336
161.513296,88,1943.651437
147.241819,88,1944.126277
290.819609,221,1946.698624
190.827544,154,1947.557981
154.143062,145,1948.45092
185.005943,241,1949.925524
160.514073,139,1952.427962
205.674761,151,1953.199841
572.463767,86,1954.639059
647.893982,130,1956.194882
158.684615,94,1956.645103
236.61817,154,1958.462717
153.23733,91,1958.963229
637.81657,124,1960.459607
170.212082,94,1962.410469
-59.654786,1,1963.38866
196.894246,157,1964.168159
146.685633,147,1964.999395
141.01388,153,1966.580407
188.498566,169,1967.411053
156.07293,110,1969.928681
147.935833,132,1971.513898
124.230453,118,1973.14754
133.643454,109,1974.6349
177.838839,140,1976.270124
157.145163,155,1977.059296
156.074149,149,1978.639427
158.983496,178,1979.401574
131.334449,91,1979.795262
231.498263,161,1982.862172
141.312289,110,1983.435585
218.167541,162,1986.193934
310.830484,195,1988.89755
154.119201,126,1990.411659
151.359273,106,1990.90086
135.707015,112,2005.421347
294.196411,181,2006.282219
191.641306,153,2007.043566
153.02508,122,2008.532533
157.863846,131,2009.123231
165.959068,172,2010.189254
296.728322,178,2011.862007
143.780886,126,2013.022448
172.477416,143,2014.800465
144.467558,163,2018.035741
154.178415,98,2018.552794
167.813824,138,2020.651054
228.769911,191,2022.630709
179.149513,151,2023.408486
164.326794,92,2024.782595
175.426016,133,2026.370016
151.2896,156,2028.733793
167.878612,144,2031.182861
40.684809,1,2032.051933
171.062679,182,2034.890076
176.796809,154,2036.421765
934.57709,241,2040.005673
223.502634,161,2041.539082
151.397019,108,2042.648549
234.235648,195,2046.26845
-140.083357,28,2046.622425
159.039981,88,2047.303865
160.864072,89,2047.913651
170.817352,103,2048.761277
171.377451,143,2050.579396
165.08686,83,2050.991369
161.336832,121,2051.609114
196.319763,105,2052.194607
143.135968,155,2052.968932
176.681748,123,2053.655838
129.188914,103,2055.203933
144.650096,68,2055.531263
152.468623,125,2056.148008
1350.997257,241,2058.301695
147.643478,107,2058.801444
199.084348,224,2060.564644
134.126502,102,2061.066606
1326.735047,136,2062.600857
184.237837,158,2064.937193
251.466427,194,2066.756145
126.835838,174,2067.617488
130.655354,107,2077.710489
182.534481,146,2079.352003
131.630221,111,2079.923042
164.363149,141,2083.015448
1417.402687,241,2085.54594
240.046711,188,2087.656451
242.70538,177,2089.411672
178.227765,121,2090.559537
151.443305,89,2091.064468
616.63472,102,2095.724422
132.822181,104,2096.157463
139.514308,111,2097.579604
158.613821,104,2100.701159
160.312686,161,2101.490322
168.737123,107,2101.985373
200.973169,178,2103.712012
1299.560906,213,2105.644515
175.11908,156,2107.277778
155.54149,150,2107.928083
139.876918,86,2108.315743
232.747494,202,2111.008434
197.906575,134,2111.591265
122.019482,101,2112.046229
250.5092,153,2113.326328
232.116699,176,2114.233589
167.637552,120,2115.674858
179.008048,116,2118.546285
153.769819,114,2119.089988
142.535871,111,2120.524516
152.911562,109,2122.008369
179.605095,130,2122.657373
233.495771,151,2125.109476
144.823874,71,2125.451835
255.06163,225,2127.398683
120.432309,142,2128.925853
153.996406,121,2129.490855
189.973588,132,2130.179923
139.386963,118,2131.581208
183.653234,143,2132.726159
159.747679,102,2133.1909
1035.167192,194,2134.995198
149.566206,77,2135.297493
171.217759,160,2136.102562
200.015554,118,2137.408732
157.284128,79,2137.842882
135.727161,94,2138.381736
193.301512,178,2151.064775
259.043126,158,2151.795768
185.329234,197,2155.766464
199.023156,117,2156.580582
153.553972,123,2157.505825
153.982957,81,2158.067419
120.719387,89,2158.492926
229.801089,190,2161.389641
181.493471,133,2162.523075
238.108015,212,2164.437238
194.807478,173,2167.033909
282.317802,199,2169.852268
164.443959,79,2171.252989
246.831433,151,2172.785
224.624498,176,2174.51323
166.267906,127,2175.170365
214.568376,154,2176.884178
208.94923,110,2177.388445
-74.754474,42,2177.64525
1365.579943,241,2179.931291
142.209965,142,2181.668352
154.266297,160,2183.01163
159.437064,128,2183.676429
176.794874,143,2184.417746
268.995983,166,2185.257793
186.014618,89,2186.760617
258.252027,174,2188.414222
273.763083,147,2189.307322
221.239458,147,2191.230012
245.504766,171,2193.856015
250.155563,186,2195.572359
169.979988,90,2195.907665
137.533968,135,2197.46465
203.160497,151,2199.151857
147.571453,92,2200.432201
158.576211,113,2200.96257
202.957214,151,2202.311389
156.490767,145,2203.854693
229.217361,190,2204.744446
1062.910271,146,2207.013568
117.356295,100,2207.511079
241.037181,186,2208.438485
166.504298,143,2209.270057
233.724764,131,2211.776094
239.63207,170,2223.365916
256.694005,173,2226.038371
190.293793,157,2227.430245
169.007476,128,2229.741775
222.418174,127,2232.930767
133.059375,122,2235.339364
212.228268,170,2237.93961
179.023964,152,2240.121979
158.873708,110,2241.797848
207.001508,107,2243.234391
258.540903,159,2245.095232
191.874387,93,2246.481958
193.133255,171,2247.331977
1217.531832,140,2248.73959
178.043704,157,2249.480186
-95.8838,6,2249.515995
185.730097,122,2251.924944
123.275876,106,2252.451522
231.485753,174,2253.250301
198.873423,152,2254.902317
202.097467,151,2256.577278
143.206532,125,2257.183941
171.709435,99,2259.149527
120.49902,99,2259.591505
947.108443,151,2261.220464
186.517277,117,2264.181944
130.887512,85,2264.623969
194.532505,163,2268.039336
182.608014,150,2268.62831
138.815175,190,2269.63348
218.328554,154,2270.412915
204.354232,152,2271.151822
176.115616,139,2271.856724
203.94016,123,2272.544039
145.985548,111,2274.076654
206.901833,144,2275.620263
126.900732,98,2276.083716
185.281978,160,2278.278952
186.656317,219,2280.183839
616.868535,133,2281.854565
190.25695,159,2284.409022
172.789893,149,2286.33141
114.632848,117,2286.884546
243.12071,208,2287.894042
160.273426,148,2289.467557
39.442206,50,2303.432835
186.206085,132,2304.991883
298.71364,172,2305.78203
-85.176173,89,2306.286133
142.518714,98,2306.797199
207.391807,122,2312.353597
162.007984,177,2313.99305
121.975194,138,2315.629423
162.632604,104,2316.181797
217.308702,149,2317.125287
170.383677,148,2318.545338
155.663324,103,2319.341518
237.550832,123,2320.919067
1002.203654,241,2323.838105
279.613675,216,2324.877952
105.262501,96,2326.257601
198.086023,153,2326.916396
1490.285751,241,2328.711712
199.732626,131,2329.357605
240.228495,221,2332.136013
142.82882,108,2333.511523
157.684524,126,2334.087775
154.284488,115,2334.682626
205.617062,148,2335.524647
102.775071,126,2337.838122
176.234254,99,2338.362456
224.424741,158,2339.974696
235.00343,169,2340.690587
180.514222,149,2342.48915
176.726665,156,2343.175902
157.789871,127,2344.62707
155.243973,133,2345.243786
225.397526,195,2346.328781
256.728729,205,2347.280001
220.391191,197,2348.831359
163.435708,102,2349.390429
191.754326,178,2351.466108
130.533215,132,2352.687608
196.651029,160,2354.437448
-22.471739,2,2355.337354
259.313933,211,2357.189546
180.847489,93,2358.496828
106.71268,78,2358.891922
743.900497,100,2360.239265
133.081823,135,2374.86672
139.351925,124,2375.48806
166.766545,137,2376.199186
151.125299,125,2376.912603
248.755315,241,2379.081074
187.902538,137,2381.178507
146.372904,119,2382.200926
237.164883,132,2382.901819
274.31911,187,2383.909559
144.647006,131,2384.568678
98.346086,117,2387.100868
199.044532,161,2387.914044
157.769494,80,2388.595567
132.517836,109,2389.499693
263.097415,186,2391.994427
177.669903,201,2393.837246
189.860143,130,2397.226683
202.578556,157,2397.99025
228.183612,213,2399.988312
213.021242,136,2402.078121
267.8627,197,2402.919223
273.153062,191,2403.986719
159.075646,156,2406.448906
161.314429,90,2406.957475
177.419626,129,2408.574401
136.273087,176,2410.367961
179.754617,159,2412.787658
177.956018,108,2414.06385
154.68071,180,2415.333274
247.238451,230,2418.407417
177.498466,146,2419.123618
143.072336,134,2419.784245
244.005954,167,2421.226511
-87.116881,58,2421.545531
137.416119,143,2423.473686
123.486534,96,2424.009137
183.327156,112,2425.395929
111.276659,92,2426.977527
161.503687,89,2427.423415
937.648779,131,2428.91135
179.896833,88,2429.332339
152.360191,163,2430.261166
146.957411,133,2430.917411
177.009374,122,2431.50928
173.37887,153,2444.632968
175.543726,93,2445.072427
203.656427,153,2446.633323
236.239993,148,2447.364211
225.979077,141,2448.467235
172.16629,117,2452.251734
174.736577,92,2452.815812
203.769331,161,2453.954402
161.722063,86,2454.618917
158.319174,78,2455.116689
161.408774,146,2455.907065
189.554796,170,2457.497144
67.673362,125,2458.471239
-99.145399,1,2458.485023
231.43321,222,2462.701616
131.786208,90,2464.919349
202.707392,143,2465.491418
253.822123,203,2466.474674
144.701099,137,2467.916686
206.830078,165,2469.558216
240.229148,180,2471.784752
177.829788,131,2472.335226
-71.345863,109,2472.821392
157.317456,161,2474.508383
77.277165,103,2475.186771
219.487231,173,2476.86648
156.270014,103,2477.399733
249.481165,192,2478.507388
181.942703,117,2480.045311
231.154375,241,2482.088032
140.642563,71,2483.408159
208.179984,139,2484.074591
197.703533,160,2485.743601
157.198978,136,2488.097001
204.79851,161,2490.591246
208.796442,170,2492.882264
183.193022,172,2493.675736
198.274629,177,2496.823653
184.355408,135,2497.330196
142.038427,103,2498.675363
162.719581,122,2499.34052
135.41498,125,2500.813503
231.578179,191,2503.488953
178.268055,118,2504.034815
-97.134917,7,2504.078654
157.440058,113,2504.594002
886.754938,125,2506.93162
163.170974,144,2519.782987
116.720023,77,2520.147041
152.869048,125,2520.792022
171.855448,81,2522.030207
-71.6758,59,2522.588106
284.072177,177,2524.7832
245.156353,179,2525.850187
208.874748,177,2527.939863
159.04054,111,2528.689096
155.88387,133,2531.087345
155.645604,153,2531.800927
198.141846,97,2532.298353
153.631601,113,2532.873537
-41.817545,118,2533.530302
202.790493,134,2534.101306
162.132091,99,2534.678862
172.472814,148,2535.518531
1282.515502,199,2537.324065
204.688398,173,2539.133081
249.090749,175,2540.618996
205.858103,167,2543.204664
202.978076,155,2545.438893
1186.040325,145,2547.212816
156.875778,109,2547.661743
152.562195,127,2549.160754
146.515099,116,2550.600604
165.659901,84,2550.983594
154.22392,122,2552.4701
163.44801,123,2553.049407
1173.659662,223,2555.787021
155.380549,99,2556.393894
189.674005,190,2558.199813
111.606194,103,2558.712071
163.078122,98,2560.027397
157.325148,92,2561.036145
207.289256,152,2561.763874
133.555396,139,2562.452187
161.733658,101,2562.958539
185.877929,170,2563.803098
127.205331,84,2564.248117
164.519968,91,2565.009449
176.448209,179,2566.389143
171.594141,155,2567.268413
180.282553,129,2567.864145
145.949227,73,2568.271115
-123.993998,24,2568.413883
164.159138,195,2569.546274
174.405613,88,2570.959265
158.378444,90,2581.31799
216.765868,179,2582.156252
220.973012,134,2582.795654
164.730678,107,2584.817477
166.725896,86,2585.250068
166.259995,130,2586.758361
227.455798,164,2588.176129
165.986575,119,2589.418111
135.606642,104,2591.097538
152.611048,107,2591.705859
106.199583,97,2592.333659
162.670719,135,2594.822727
210.194337,174,2595.718126
248.479113,174,2596.704317
150.036194,162,2597.504746
205.948163,121,2598.273149
147.542383,106,2599.617187
210.086735,203,2604.604761
134.746162,123,2605.567108
195.747964,149,2607.117874
203.515857,168,2608.856267
156.154356,227,2612.149761
264.557584,236,2614.184148
206.958693,149,2614.905138
166.469633,95,2615.408965
831.953603,115,2617.008911
80.778866,114,2617.56478
193.047049,94,2618.04867
238.468293,177,2620.772422
1117.045267,241,2622.734592
176.712848,155,2623.593657
1332.563337,213,2626.992297
1277.407457,198,2628.795844
195.679087,126,2629.418229
949.805089,187,2633.446712
157.830099,102,2633.910784
120.73466,118,2634.508183
106.820511,102,2635.023677
155.584555,130,2635.642318
190.515604,193,2638.274481
242.373581,208,2639.246681
176.529064,85,2639.725026
164.173531,122,2641.297501
143.856175,101,2651.823304
258.087473,204,2652.819069
122.462322,83,2653.822049
201.186051,129,2656.58769
167.082965,151,2658.925038
214.480181,212,2660.350827
275.506267,170,2661.144079
163.13859,109,2661.831861
154.533841,149,2663.048529
133.871882,127,2664.028263
153.132525,91,2664.484122
266.054657,170,2667.035675
155.451172,100,2667.660196
1016.074218,241,2670.705802
150.92411,89,2671.985924
180.179684,151,2672.638437
216.255079,212,2674.052865
211.572122,136,2674.769244
220.441005,131,2675.341666
182.176585,132,2675.994208
251.497985,154,2676.89524
165.961364,127,2678.586709
209.496706,161,2679.503749
171.225158,133,2680.230488
169.722334,137,2682.812696
169.75484,146,2683.512491
139.883222,124,2685.555131
274.851281,178,2687.494324
137.501892,108,2688.023709
241.556317,170,2688.85952
214.486573,214,2694.630784
-61.900806,59,2695.041644
222.465348,153,2698.333514
112.462024,111,2698.902087
143.209549,95,2700.300215
173.369426,149,2701.152461
155.786147,116,2703.723289
161.81793,158,2704.366109
267.773886,156,2705.910057
258.89929,184,2707.68476
203.094242,120,2709.136778
201.789192,166,2710.0157
1242.20088,130,2711.556355
115.073461,105,2712.063081
160.179602,94,2727.454544
193.949016,128,2728.171506
164.103559,127,2730.2116
1028.204199,224,2734.71831
231.914497,154,2735.600155
161.427659,114,2736.232367
156.015398,167,2737.075386
198.403075,144,2739.288924
196.263694,148,2741.125984
235.578597,175,2742.818455
197.677202,115,2743.489118
198.668203,143,2744.139004
170.980356,105,2744.718497
145.310953,101,2747.163496
309.588331,184,2747.990053
252.848458,154,2749.643587
172.827183,117,2751.846784
188.643552,152,2752.587659
190.690207,164,2753.484815
224.744185,199,2755.364027
181.483959,144,2756.007324
164.283826,135,2756.592742
1603.319541,162,2758.989229
202.636854,170,2760.621589
168.103903,128,2761.237719
166.64247,171,2762.849063
182.340616,91,2764.202884
174.497381,108,2764.684123
223.134077,215,2766.609394
177.291228,110,2767.134403
188.932113,137,2768.431355
176.924431,151,2770.175431
182.454837,110,2770.740843
203.509891,187,2772.540104
146.010544,111,2774.983902
518.605049,84,2776.764132
131.475176,97,2779.360945
187.739095,157,2780.280632
141.368442,139,2780.941659
163.017068,119,2781.547262
1226.162598,169,2783.37353
948.178346,138,2784.849051
157.788601,146,2785.583037
247.737181,188,2786.576981
-92.338463,61,2797.505923
244.421881,134,2798.672653
181.500108,86,2799.079024
148.610361,123,2799.727789
158.304397,84,2800.139222
141.463665,106,2801.570985
139.574088,149,2803.486027
189.443171,126,2805.513907
224.309496,178,2807.268136
122.435616,83,2807.71885
148.473798,92,2808.423098
146.204041,72,2808.785425
150.5697,152,2809.618329
1156.24051,186,2812.602658
174.140652,133,2814.15956
265.759499,208,2815.937193
152.338354,97,2817.135001
227.624155,136,2819.157016
238.11645,227,2823.037102
214.599517,153,2825.848006
192.61089,207,2826.762504
159.698024,121,2828.264919
159.240034,93,2829.593782
206.221044,178,2831.188468
140.687208,100,2831.575361
167.412079,178,2833.255087
-58.795842,1,2834.154364
157.807627,93,2834.615814
150.917751,111,2836.864499
-112.013986,34,2836.999902
187.425418,138,2837.596297
127.820368,114,2838.153465
191.643939,135,2838.81313
144.140509,103,2839.356898
269.35588,164,2840.915198
225.948471,241,2842.077394
284.605987,191,2848.294298
159.272238,81,2849.500735
1083.959714,204,2852.034088
152.91985,96,2852.466336
181.509389,197,2853.301829
150.004196,82,2853.622779
142.807774,89,2854.078307
183.697463,93,2854.577993
222.928189,156,2855.384837
211.07601,157,2856.213305
189.228257,186,2858.00494
172.630395,107,2858.451545
12.077751,135,2871.215374
149.046456,122,2872.728436
197.468905,148,2873.422004
162.644043,111,2873.931071
121.913075,87,2874.347464
-99.854235,5,2875.467733
179.162777,154,2876.869322
184.860794,94,2877.575243
675.983382,241,2881.90288
144.028697,78,2882.295986
209.43771,172,2885.140502
149.28956,120,2885.807669
155.558767,127,2887.253094
1104.482966,183,2890.683811
178.844726,155,2892.261701
454.664716,76,2895.319984
165.084883,180,2898.390855
274.782331,169,2899.186045
158.653372,102,2901.157308
188.490287,190,2902.944267
261.863613,192,2905.475244
264.97595,186,2906.292378
1070.195572,131,2909.454758
1238.398802,157,2912.702424
272.21112,241,2915.6068
137.699088,111,2916.124547
202.870554,46,2917.161044
157.929561,91,2917.603639
1117.774193,230,2920.417403
163.966333,98,2922.33465
135.907973,115,2923.746951
198.09671,185,2927.828993
191.972268,144,2928.415954
137.557365,80,2929.619046
199.231302,149,2931.110014
162.560558,93,2931.577499
231.810511,161,2932.432999
163.893016,133,2933.130038
162.075503,174,2934.827609
138.88331,114,2935.457535
209.199142,147,2936.190763
206.882812,147,2938.490569
201.650606,102,2938.907999
127.322547,93,2939.299051
151.168227,96,2939.746896
221.223227,144,2940.804336
274.391079,192,2957.070547
185.107242,144,2957.946365
287.533865,178,2960.509511
168.607298,101,2960.944842
143.865153,134,2962.584701
185.081767,158,2964.329676
639.520021,124,2966.086815
218.501461,158,2967.72411
163.97234,118,2968.261684
209.191326,160,2970.006335
138.181164,135,2971.640039
237.252687,143,2973.24833
158.535516,128,2973.760154
163.515735,135,2974.38435
151.944475,98,2975.395806
1160.996925,191,2979.216093
162.126972,124,2980.893665
229.838975,180,2982.625605
154.921363,96,2983.009806
264.267958,165,2985.492064
197.960954,159,2986.242334
277.977473,172,2987.017247
1277.469563,159,2989.535746
154.440828,134,2991.089298
134.538314,85,2991.533224
175.761641,125,2993.764673
1044.074512,159,2996.155299
3.604509,94,2997.523447
192.36143,102,2998.009643
257.647782,171,3000.230789
157.099036,91,3000.697712
139.272063,108,3001.168208
191.993654,143,3004.209703
150.82418,108,3004.669438
142.786656,142,3005.300116
162.884437,119,3006.767182
220.093049,184,3007.728594
144.228154,118,3008.368903
145.138557,132,3009.066633
280.938485,172,3009.839091
119.56531,81,3010.180314
257.520492,190,3012.910935
161.406838,95,3013.326784
263.416298,212,3017.46225
177.815929,91,3018.794442
-58.795835,1,3019.695956
196.271281,173,3029.300843
163.248355,103,3029.864481
202.260902,150,3031.575409
129.437262,104,3034.148111
-73.403586,94,3034.847359
1177.961751,183,3037.006907
-69.979844,50,3037.249961
187.00619,163,3038.996101
158.135843,127,3039.741054
189.414974,128,3041.346761
147.961052,165,3042.183833
153.73577,119,3043.708445
166.825529,113,3045.153705
259.60744,188,3046.089669
169.244474,143,3047.302538
189.283049,154,3048.959282
-60.403336,106,3050.524095
157.993142,95,3051.504307
142.819328,155,3053.530795
155.202963,88,3053.903127
121.328685,167,3054.776218
153.737073,152,3056.631451
140.944962,85,3057.043704
215.809355,153,3057.788968
278.988886,181,3058.620744
156.030187,146,3059.287515
170.763572,97,3059.822206
220.744629,160,3060.714521
1079.525266,144,3064.018969
183.548095,125,3067.619574
191.048523,118,3069.196113
164.852865,111,3071.562858
195.168989,172,3074.776726
163.890906,107,3075.286482
150.372697,83,3076.630519
128.971683,94,3077.079706
209.982089,175,3077.866612
1345.008356,172,3080.513877
169.974577,144,3081.223953
237.180776,173,3085.014236
169.139684,108,3085.473645
231.421609,227,3088.419436
184.23094,120,3088.92123
-64.270055,82,3090.237869
295.938559,184,3093.251168
158.887852,132,3093.746494
165.783312,103,3094.311479
1337.278247,200,3110.019912
256.680523,176,3111.088148
165.670696,140,3111.790311
237.817063,143,3112.482085
217.614606,144,3114.985803
206.334029,167,3117.820545
223.975298,175,3118.739454
194.967723,148,3120.405642
1180.99099,171,3123.85467
140.928998,105,3125.233226
196.824679,128,3125.71099
167.79564,132,3126.912096
211.967455,156,3127.678087
194.770099,141,3128.34796
186.537337,144,3130.028269
227.455525,161,3131.642636
164.724388,127,3133.219627
188.585257,132,3134.729121
182.369439,113,3135.219416
166.025802,241,3137.398997
350.514315,30,3138.451958
211.69426,125,3140.027619
222.034203,195,3142.926094
227.104139,171,3144.183876
168.7406,135,3144.978675
131.679047,73,3146.216467
218.863151,154,3147.585674
172.527331,98,3148.074906
216.583336,172,3149.851782
156.584308,152,3152.785723
134.671898,71,3153.139461
255.246249,180,3154.928004
144.61894,91,3155.360364
180.818098,167,3156.133729
237.451877,142,3156.856655
182.852353,133,3158.409236
181.619494,130,3160.057285
187.470396,99,3160.631015
170.901235,154,3162.3845
224.644629,158,3163.074318
267.598364,199,3164.926743
218.662645,230,3168.305967
216.42924,136,3168.881794
218.510342,155,3180.312093
196.253043,155,3181.221674
117.851838,97,3181.781284
126.409613,109,3183.225182
215.077706,171,3185.400791
173.25546,107,3185.941882
188.764773,131,3187.958919
84.176107,111,3188.520914
203.421857,181,3189.41339
118.009444,94,3189.93819
199.492976,100,3190.685152
250.977638,190,3191.712571
186.199964,118,3192.864724
164.875261,97,3193.452338
184.40392,114,3194.179953
198.182808,151,3195.004484
147.535305,130,3195.588613
1310.053581,220,3200.018943
207.176215,183,3200.939447
129.410738,81,3201.477639
168.353819,83,3202.854605
124.455044,103,3203.363724
1282.799025,157,3205.18447
297.220325,184,3206.228914
105.762815,106,3207.754649
267.508172,173,3209.496774
138.932385,107,3209.949
186.984215,140,3211.245564
222.427208,172,3212.266853
214.064265,156,3213.189647
167.994084,127,3215.03636
165.869867,85,3216.359777
153.824468,97,3218.094652
1437.125507,180,3221.926209
165.487389,115,3223.508783
156.46127,105,3224.085836
164.090641,141,3224.951001
216.748597,172,3226.750121
181.911116,139,3227.432439
140.602911,106,3228.04153
296.356331,164,3228.981423
280.830773,178,3230.972155
258.042552,168,3232.648791
-60.680862,1,3233.598599
163.721607,94,3234.203513
232.826486,166,3237.201365
212.953502,239,3253.7669
180.623981,131,3254.68107
1227.415827,197,3257.830175
178.383611,112,3260.784928
141.709803,140,3262.225711
175.313532,147,3263.29904
171.891795,148,3264.811668
169.440581,150,3266.520108
210.805446,159,3267.562823
197.179428,98,3268.135697
209.123414,144,3269.759887
225.096643,175,3271.227164
257.54941,195,3274.400201
196.016191,133,3277.175674
173.288837,91,3278.595783
227.623735,148,3279.368047
178.749799,126,3280.084929
-101.233014,29,3280.225566
186.603027,141,3281.027146
237.977718,147,3281.875476
201.520612,155,3283.691873
134.011315,119,3284.209677
175.039367,101,3285.52879
235.143025,176,3287.353462
164.308787,133,3288.021478
119.471445,73,3288.415199
141.082676,101,3288.934934
167.96723,145,3290.298083
201.97894,106,3290.891898
-120.779501,41,3291.140845
164.027278,99,3291.634674
170.120183,76,3292.924237
122.279455,111,3293.516243
167.125258,146,3295.235065
-79.095608,29,3295.566134
180.319728,172,3296.812652
207.106235,149,3297.770261
174.27391,125,3298.494363
134.097714,120,3300.158727
164.244427,121,3301.66911
163.069557,111,3303.099579
124.555415,95,3303.485473
138.205448,85,3303.862108
172.464949,81,3305.94547
144.508798,126,3306.602345
894.631375,93,3307.998909
279.756515,210,3311.439973
223.928389,197,3313.517325
275.919501,168,3316.507356
183.564897,135,3317.225586
141.726224,95,3331.09965
173.138768,98,3331.598933
193.107712,139,3334.508757
177.117541,111,3335.65439
247.00043,178,3337.098493
242.446965,202,3339.413761
199.763002,153,3340.412889
119.417909,116,3341.93011
152.133895,118,3342.42733
147.709467,104,3343.767349
728.937753,116,3345.739459
137.780239,84,3346.146021
179.861474,126,3347.641433
769.134843,241,3351.926006
1434.260699,241,3354.929721
197.306485,143,3356.560027
177.961684,102,3357.011917
-112.769378,30,3357.166756
185.758074,132,3357.921584
171.438573,115,3360.403123
208.547289,167,3362.130332
211.613517,175,3363.000789
202.320193,182,3363.897017
199.805341,163,3364.867154
-61.177487,101,3365.446267
298.404332,184,3367.693625
159.996844,87,3368.155322
154.675745,149,3369.8211
137.736355,117,3370.463531
284.800642,208,3371.737622
150.966922,101,3373.041136
217.970936,181,3374.250448
193.902692,144,3375.003947
209.496334,134,3375.848473
249.118102,151,3378.377244
252.044627,168,3379.284737
989.14968,117,3380.939058
295.669908,184,3381.737105
166.567855,111,3382.367263
146.526511,101,3383.590568
1138.347473,184,3387.83885
230.144028,163,3388.888591
198.582771,97,3390.324538
128.188798,105,3390.906894
226.062955,155,3392.670884
126.612294,104,3405.798655
181.910618,127,3406.511511
147.826268,130,3407.266738
136.497122,123,3408.127926
245.351832,156,3411.2236
148.480256,80,3412.056192
255.114117,191,3413.12797
169.479083,148,3415.117857
161.510668,94,3416.571471
-58.795833,1,3417.548576
189.918414,93,3418.012494
201.339491,118,3419.236916
145.124961,105,3419.91606
113.658868,101,3421.592689
253.321828,155,3422.954196
214.063309,153,3424.402281
186.359134,166,3426.409454
204.927404,120,3427.153233
171.086682,122,3429.598016
212.203002,138,3430.29288
168.449839,113,3431.840198
148.80633,109,3432.435799
181.370494,163,3434.168525
164.617097,171,3435.24012
165.903307,81,3435.704151
228.292239,199,3437.559013
185.147732,171,3441.811595
255.366912,200,3443.925667
-67.617193,47,3444.241955
147.605625,241,3445.726934
189.385993,115,3446.413797
180.870961,141,3447.171011
217.543521,171,3448.216629
285.121756,180,3450.132465
172.748753,110,3450.706398
195.605032,180,3452.463594
228.82855,138,3453.948829
181.415874,122,3454.559116
172.32465,197,3456.47445
198.825848,131,3457.828281
193.137246,154,3458.804274
136.626055,94,3459.319606
131.457246,127,3460.875018
167.911558,123,3461.655332
113.810627,90,3462.874668
203.689438,140,3464.01693
971.865248,130,3465.580972
211.100666,219,3477.439334
152.36719,88,3477.984935
826.95803,114,3479.423735
-120.770637,21,3479.531389
170.254334,150,3480.434816
812.454315,241,3485.26403
146.262856,133,3486.023924
1302.476282,241,3490.073361
151.929462,129,3490.817087
254.358435,200,3492.8574
188.960564,149,3495.595421
162.365597,81,3496.089315
149.173332,91,3496.635662
1569.809079,201,3498.694214
99.584061,121,3499.373176
144.869378,110,3500.001006
182.597609,149,3502.545399
-17.49252,16,3503.581618
140.963556,106,3504.153906
146.38426,144,3505.170682
914.28365,241,3509.654721
163.660582,97,3510.180236
178.153304,137,3511.781136
157.051435,101,3513.734614
1333.61565,165,3516.408011
147.771063,138,3517.633682
184.924874,166,3520.533719
216.344729,145,3521.225135
137.605582,142,3521.956574
187.991177,132,3523.807891
265.957224,207,3525.787418
143.020629,100,3527.221718
182.802517,124,3527.869415
185.586941,98,3528.333247
170.510161,156,3529.177585
126.701206,110,3529.788106
162.369861,106,3530.336462
173.744521,166,3532.286517
172.03483,99,3533.379738
210.702941,182,3536.25391
222.038994,164,3537.672312
150.960691,152,3540.207802
206.870318,99,3541.687243
192.805386,158,3542.423148
159.584807,223,3553.777673
282.357076,176,3554.62392
145.175915,91,3555.128846
158.593404,97,3555.710472
141.951261,123,3557.690802
1284.812296,214,3562.308014
172.8798,130,3564.199846
196.958592,192,3565.794085
164.072896,101,3566.437993
190.631552,118,3567.195587
187.562391,142,3570.442657
166.572568,85,3571.114809
218.915657,201,3572.336068
-159.795833,1,3573.36857
176.732889,132,3573.982805
1101.547923,241,3575.873683
247.371178,183,3576.738871
172.252086,174,3578.463684
165.583198,156,3580.135584
197.666861,115,3580.746041
161.367149,127,3581.444071
176.13774,106,3582.056129
174.952176,146,3583.506024
172.585581,135,3585.244847
282.673605,175,3586.028148
201.070471,134,3588.59363
152.744402,89,3590.211155
267.453538,236,3592.297509
278.536039,199,3593.515101
177.331652,121,3595.02361
190.522565,149,3595.703576
178.132835,85,3597.105402
202.690973,135,3597.835192
141.396149,78,3598.269385
202.759364,140,3598.931595
232.995695,154,3600.645515
213.467318,159,3601.566906
211.631952,146,3602.982868
165.340542,114,3603.680868
194.439143,205,3604.972641
161.099221,119,3608.278018
223.21062,209,3609.627242
113.708119,97,3610.211564
1563.399551,235,3613.608382
185.743012,150,3630.479107
153.975136,96,3631.977099
149.468877,79,3633.617002
216.404956,208,3637.71159
279.907461,183,3641.671253
166.750703,241,3642.946067
204.269622,140,3646.730807
161.811385,113,3648.802921
123.945193,92,3649.287979
282.503113,193,3650.670955
200.929612,174,3653.451886
147.759931,142,3654.978328
198.451056,117,3655.508301
140.262756,106,3657.886087
174.360928,130,3659.24699
124.421589,175,3660.912567
191.743351,153,3662.471646
188.051535,241,3665.321643
210.824081,205,3666.304825
243.720354,185,3668.623714
162.973821,114,3669.135708
119.092678,139,3670.788907
246.351247,159,3673.456035
127.251392,83,3674.878705
175.407222,128,3675.503577
169.707409,148,3677.411706
119.040135,89,3677.891503
199.545206,121,3678.540372
169.407957,123,3680.041521
138.547984,122,3680.745918
291.867766,188,3681.816688
148.678052,118,3683.493173
279.831366,197,3684.480455
-108.335366,24,3684.60405
218.3112,190,3686.579486
219.922352,137,3689.054797
222.315968,149,3692.414868
170.047374,136,3693.564084
205.496259,143,3694.535801
227.96456,149,3697.167481
202.519665,156,3698.028544
216.015318,171,3698.990159
166.247141,142,3699.807613
-22.851271,8,3700.827961
242.774181,161,3713.428223
-18.242788,115,3714.946577
208.075177,164,3715.815339
174.867475,142,3717.736198
177.474903,134,3720.049944
136.503217,130,3721.848815
167.242914,94,3723.173927
164.903224,100,3723.822277
146.201914,92,3724.419677
189.389152,158,3727.152262
157.580626,101,3728.43228
163.777151,106,3729.140776
216.547304,151,3729.970032
150.887955,121,3731.57308
-85.155917,39,3731.776337
151.768041,124,3733.32593
243.657547,168,3734.098596
181.65207,191,3735.145306
187.244566,104,3735.756556
162.643492,175,3736.66393
211.335529,127,3738.223062
306.796614,195,3741.291813
143.664931,112,3742.402073
160.176227,110,3743.006957
232.547228,175,3743.891255
1243.56991,212,3747.173622
521.523572,83,3748.57628
194.919417,151,3749.482161
148.939312,88,3749.985769
244.328345,163,3750.916643
152.449319,77,3751.398284
193.343748,199,3753.362133
223.247272,220,3754.425323
166.596712,98,3755.043354
131.938766,97,3755.634103
157.390608,149,3756.477249
147.831423,137,3757.87938
192.173634,123,3758.648951
238.289924,151,3762.762392
245.121501,162,3763.577152
204.847429,147,3764.424563
170.110821,147,3765.297826
165.129814,131,3766.091686
177.561392,127,3766.852963
191.763594,172,3767.799548
135.086794,82,3768.233832
180.172124,241,3782.489323
126.891527,134,3783.087839
181.271262,112,3783.719594
190.004392,144,3787.305975
288.029177,193,3789.475293
190.47066,173,3790.536843
1303.032364,241,3794.655757
184.803607,86,3795.207026
140.474178,241,3797.91152
146.36219,125,3799.419407
216.101083,128,3800.966407
295.604171,184,3801.886432
162.312822,170,3803.85596
135.595917,110,3804.351869
-99.218714,1,3804.367921
172.770785,110,3805.817456
129.978355,136,3807.404996
151.559255,82,3807.78128
157.938596,113,3808.349847
140.487881,69,3809.6644
161.657047,128,3810.803713
127.282565,114,3811.392178
255.102852,177,3813.260814
181.869102,157,3817.001724
149.98247,109,3817.606821
140.313413,153,3818.698839
229.091663,157,3819.607233
165.727423,120,3820.297888
154.485699,86,3821.904314
218.52764,179,3822.775502
124.588554,99,3823.336469
195.539941,143,3825.173425
168.009697,102,3825.715011
1257.029636,196,3828.407661
164.180254,106,3828.928422
193.41001,127,3831.836659
157.867636,164,3833.603634
181.49555,159,3837.68376
170.592476,81,3838.137878
249.287074,164,3839.965393
149.777324,112,3840.465519
172.881497,125,3841.14241
177.517527,150,3842.032567
157.481532,147,3842.83512
168.023753,119,3844.298384
286.094029,178,3856.439785
1427.016131,241,3858.665701
154.469817,136,3860.292232
129.853654,103,3861.272948
196.726507,177,3865.69276
283.009119,210,3868.141476
203.341569,152,3871.20813
122.326597,124,3874.296827
263.564471,185,3875.43639
157.055173,71,3875.802538
210.71472,188,3876.867556
152.454188,111,3877.489885
189.394109,141,3878.242721
182.470633,136,3878.990585
196.31942,168,3880.014002
178.7339,101,3880.627923
-32.482018,147,3881.415744
493.653173,57,3882.614719
167.70477,174,3884.420626
133.556452,137,3886.410382
128.016045,133,3887.950654
182.316974,119,3890.218461
224.945978,168,3891.265093
152.123727,103,3893.73884
187.050198,176,3894.602262
148.841418,81,3895.888951
169.364482,144,3896.523278
713.494356,169,3898.413248
154.681763,171,3899.293732
176.623375,98,3899.761739
210.906037,158,3900.619634
161.022673,110,3902.155573
120.251797,92,3902.658014
184.246487,100,3903.218412
161.883354,83,3903.659052
225.435058,154,3905.049632
217.913306,154,3906.020279
-87.740898,87,3907.427711
138.883608,113,3909.6164
160.716594,83,3910.111311
181.912021,134,3910.926878
205.780824,164,3911.734372
179.884794,142,3912.568907
186.173496,147,3913.329685
192.920045,143,3914.139297
203.858627,129,3914.925271
245.968591,166,3930.018969
186.334039,96,3930.476646
184.372124,172,3931.326266
155.220628,179,3933.239082
214.296361,151,3936.093577
170.769089,145,3939.333245
229.600474,170,3940.759579
236.806367,192,3942.542583
199.352243,193,3945.503953
181.684703,130,3946.325041
141.79637,69,3948.507892
129.039164,79,3948.893989
-59.301854,1,3949.885533
214.959365,144,3952.449718
201.204773,107,3952.990862
177.18264,118,3953.571102
225.302567,158,3954.349583
196.09745,232,3956.609628
209.984306,195,3960.03248
158.923993,129,3961.657802
295.827337,186,3966.179755
166.937952,98,3966.702654
191.941292,133,3967.505326
164.002187,119,3968.131664
56.414268,241,3970.218291
171.89206,124,3971.768426
174.825514,123,3972.415574
257.024825,188,3976.979213
164.041976,122,3978.446626
153.451655,109,3979.009447
810.120748,112,3980.393961
-99.489914,1,3980.408812
197.090304,133,3981.351456
1178.602335,163,3983.138867
194.822469,117,3984.311519
226.416965,148,3985.102817
157.982712,161,3986.904059
187.996083,141,3989.456477
302.691092,191,3990.562721
215.096276,159,3991.651578
145.585766,102,3993.294906
125.947711,138,3994.019891
201.908556,131,3994.727696
185.189242,128,3995.340531
115.907407,241,3997.759115
165.26825,172,4013.980882
187.00356,150,4016.766006
224.536335,164,4020.101685
257.251535,213,4023.487307
216.639656,182,4025.422006
-68.748073,136,4026.245809
108.85167,83,4026.800378
98.954219,241,4028.28742
184.183632,137,4029.165777
147.610706,97,4029.691777
168.952989,119,4031.395198
152.907056,102,4032.817215
155.485155,132,4034.412246
127.996531,103,4035.939018
-107.225094,35,4037.035252
209.408388,192,4038.059512
259.179223,164,4040.706677
-59.246302,1,4041.602224
190.955107,132,4043.675824
156.670696,124,4045.301389
155.944026,111,4045.852508
223.663376,114,4048.727907
189.714531,110,4049.425804
161.854444,102,4050.098908
282.842752,179,4053.266556
252.495423,176,4054.186883
1126.056885,241,4057.180635
187.926857,116,4058.703559
227.395715,174,4059.67647
152.870751,120,4061.981158
-37.912875,44,4062.157433
1086.540895,241,4065.955184
188.705212,227,4068.620779
233.988715,198,4069.623406
232.504445,190,4070.728138
140.319469,127,4072.345148
208.304418,238,4073.878974
197.11594,131,4074.597579
104.612474,80,4075.866228
147.367397,93,4076.376965
187.012254,150,4078.099111
239.931129,169,4079.005984
156.426812,113,4079.607317
185.655161,107,4080.169736
204.90669,157,4094.190627
170.324306,117,4094.813014
180.006044,94,4095.845037
-76.971395,42,4096.099741
171.09069,168,4100.658001
246.035708,187,4102.92988
156.60238,104,4103.539476
257.299351,185,4106.749689
115.765853,37,4108.114447
251.999536,185,4110.080545
227.908827,167,4111.021353
1047.088406,169,4113.555924
265.36001,203,4114.747349
183.359405,198,4116.827837
191.032927,188,4117.906888
169.929823,101,4118.431355
171.093857,168,4120.721488
169.253686,136,4122.337514
-99.548319,1,4122.350248
209.854123,135,4122.941313
234.593012,161,4126.342185
128.677638,77,4127.658752
258.405835,182,4129.350493
237.40062,173,4131.219474
154.303023,110,4132.798033
153.799114,89,4133.317884
91.263339,125,4134.033236
109.595809,81,4135.431222
180.644783,118,4137.124905
191.062256,135,4138.878674
196.940785,123,4139.516306
1384.912949,241,4141.689014
238.633354,207,4143.128164
133.496679,122,4144.687758
12.243552,128,4145.507924
135.236342,97,4146.251249
222.325982,159,4150.58299
148.198837,95,4151.034737
115.709807,92,4151.489773
192.516201,169,4152.43968
154.433548,118,4153.155673
1263.794228,140,4155.573827
-33.067427,112,4157.03821
148.471108,154,4158.624752
219.978462,173,4159.501682
223.20564,145,4160.272375
172.648147,86,4170.352831
155.286131,138,4172.580313
210.147063,146,4173.806311
136.643568,119,4175.914101
171.996083,123,4177.336882
142.279877,119,4178.388514
175.991335,90,4180.143031
172.980277,123,4180.721329
158.262578,124,4182.065079
162.252995,151,4182.996811
142.927418,100,4183.630424
161.918438,95,4184.236702
236.422306,178,4185.285925
1018.880473,131,4187.743526
122.496529,159,4188.557449
186.87076,88,4189.959963
186.330386,159,4192.557577
125.281761,241,4194.171337
220.363902,155,4194.945992
-65.731741,102,4195.574172
166.171843,114,4197.091671
167.371851,133,4198.428711
149.068434,97,4199.404766
244.081864,177,4201.201516
258.374266,171,4202.09151
204.124358,160,4203.009292
264.428066,229,4204.37819
-99.164763,1,4204.3948
147.253045,90,4204.925986
199.824119,143,4205.701443
-98.183572,27,4205.83195
174.767506,241,4209.627195
193.674137,162,4211.060426
211.931035,165,4212.849621
197.578012,130,4215.126825
261.409768,168,4217.419065
168.17658,113,4218.081421
216.982878,141,4218.953174
190.486562,135,4221.366387
80.922957,2,4222.30449
159.592325,127,4222.92134
134.307476,223,4225.871696
138.964131,99,4226.329287
201.468207,173,4227.321534
934.619747,100,4228.670502
156.690529,107,4230.924876
227.783349,147,4233.405311
243.841259,175,4249.874386
197.760604,127,4250.800564
179.873691,121,4252.362208
230.545888,156,4255.100767
240.381067,151,4259.525926
153.423623,104,4261.385017
-41.343837,70,4262.649615
205.631332,177,4263.548808
173.670193,153,4265.53401
202.873811,120,4266.952952
125.634405,121,4268.543146
203.300686,208,4270.518332
-94.124328,111,4271.126459
184.64823,140,4272.69486
168.410949,92,4273.336457
118.737895,111,4273.899971
1260.801054,200,4276.264247
175.120015,241,4277.491938
1429.401533,241,4281.761236
251.906774,169,4283.690907
212.955861,164,4285.468651
201.419818,181,4287.179971
178.466344,90,4287.718387
132.366476,92,4288.168588
121.004325,122,4288.845239
1209.443377,241,4293.68279
234.566664,161,4294.440137
286.735733,176,4295.225284
171.142285,97,4298.040734
158.018242,118,4300.766264
154.404096,114,4301.51748
532.669603,67,4303.69585
142.262219,94,4305.044911
204.651124,132,4305.638476
237.043581,168,4307.362283
227.040762,164,4308.195757
182.580819,106,4310.506318
165.99783,98,4311.905009
916.875155,241,4314.887961
167.00393,101,4316.281534
302.282849,174,4317.114273
187.675224,154,4317.800372
193.988939,176,4318.742943
181.846195,109,4332.676402
158.734389,155,4334.408239
224.998863,184,4335.443415
246.552731,176,4336.346167
178.646289,93,4337.502319
263.205386,197,4340.437967
201.264498,117,4341.20119
179.563666,125,4342.019222
1257.403036,224,4344.429934
147.612237,124,4346.195115
174.477503,162,4347.210148
151.940806,105,4348.660724
252.181027,169,4350.350686
169.6942,109,4350.885246
995.678618,241,4354.498976
-69.515978,37,4354.693677
190.768869,134,4355.335224
220.461742,152,4356.148036
217.243237,181,4357.086979
148.864663,107,4357.545998
900.652973,142,4360.934708
200.638346,169,4361.736783
241.172222,163,4363.423573
144.812126,75,4363.791781
194.354791,141,4365.529177
180.831623,148,4366.380141
260.246451,167,4367.446415
1188.015468,145,4370.096913
131.213811,113,4370.633081
233.420187,142,4371.814616
154.695799,123,4372.572969
198.44735,139,4374.448453
752.584424,149,4377.880292
144.224006,113,4378.333063
1238.04033,241,4380.499125
110.25502,137,4382.180402
207.200842,129,4383.6851
200.05051,96,4385.067564
199.54523,220,4387.875437
182.616558,152,4388.693149
127.701259,162,4390.36401
197.106351,157,4391.268853
192.542021,122,4393.390611
167.525993,78,4393.793469
155.760681,95,4405.148469
161.630988,80,4406.582231
169.939986,107,4407.170676
201.805859,162,4408.044349
169.042761,93,4408.444425
184.28457,124,4409.277659
178.314622,127,4412.426451
174.531305,124,4413.19233
193.212193,187,4414.487522
214.136566,164,4416.518566
149.34451,122,4417.867557
157.747791,146,4420.749664
230.492374,159,4425.051595
266.761468,194,4428.030576
304.696584,176,4429.487897
187.932934,148,4431.154676
149.155441,107,4432.85462
192.563146,111,4435.781687
236.497394,151,4437.304422
182.08273,142,4438.066768
255.349065,184,4439.058661
241.483637,169,4441.879832
115.639819,87,4443.173263
239.26308,144,4444.774045
154.445425,120,4445.354649
160.394193,104,4445.986425
269.363033,183,4446.826961
164.546345,220,4448.165321
186.315709,178,4449.73098
262.733674,178,4450.638781
233.510404,182,4451.597918
161.328647,105,4452.230044
139.285274,130,4453.146978
206.748971,167,4455.16477
240.653036,188,4456.196076
178.438258,131,4457.743394
175.049222,121,4458.292267
198.046228,213,4459.404848
-180.664228,22,4459.5377
247.562487,149,4460.364413
115.671552,87,4461.955295
160.050318,104,4463.358573
183.431188,208,4466.552829
161.973798,129,4467.308722
150.127595,121,4482.325744
125.932355,152,4484.089597
199.092266,167,4485.983039
230.231388,150,4488.938177
152.41841,82,4490.53469
172.164769,169,4492.681101
142.398961,99,4493.370834
186.941425,143,4495.202334
162.063098,116,4497.521967
143.706358,120,4498.03945
279.265332,194,4499.88946
218.671942,136,4500.615206
161.530636,141,4502.313105
143.877636,68,4502.628445
