#{"t_start": 1770151079.082175, "env_id": "crossing_planes_multiHead"}
r,l,t
-44.656052,71,8.555961
125.527465,168,11.572497
410.553921,241,18.234137
233.554765,96,22.034177
138.552475,122,23.346508
174.441674,211,25.511329
124.969338,222,29.005397
168.528954,192,30.676155
-161.415658,59,31.314424
94.774246,187,35.289185
-79.511692,80,35.891937
136.17726,132,37.404192
124.235867,129,38.873867
177.006068,186,47.613007
67.262883,82,48.31122
-102.703722,75,48.981059
-71.02486,41,50.192864
-46.50888,54,50.479653
-139.425246,57,52.06576
-85.946826,97,52.804208
-172.466118,52,53.265898
-87.883431,96,54.054471
-34.502397,103,54.663134
-59.428094,82,55.24602
-169.881992,66,55.634388
-165.017691,66,57.296047
149.376355,177,58.769022
-222.396039,49,59.361225
-139.21036,60,59.901906
152.379134,141,61.909002
179.019087,190,63.824072
-101.370425,47,64.209756
-196.421221,48,64.520484
153.864231,169,65.796809
163.950616,142,67.163844
441.924098,241,75.636761
-95.595986,155,81.281855
-173.449374,54,81.545552
-122.035473,60,81.895574
-135.445357,53,82.230828
110.767815,130,83.195167
-243.147182,92,83.931973
127.2599,165,85.090634
131.561839,178,88.214805
127.889615,142,89.330819
-96.595388,23,89.491393
-147.32311,75,90.14028
1592.587357,169,92.972537
144.041981,134,94.633867
93.998958,145,96.631666
131.483636,132,98.517993
122.70453,166,101.357022
111.36978,132,106.569663
179.942343,178,132.174585
215.148048,147,134.931503
90.681893,122,135.498906
143.067616,105,138.209325
-139.67432,35,138.436006
-93.721907,46,138.75978
-62.727767,83,140.684178
-122.953668,64,141.091656
-78.962279,42,141.364814
99.08178,117,142.139559
-258.136838,54,142.579255
175.548893,100,143.25656
193.498657,170,145.154198
142.241172,150,147.888355
-158.811533,63,149.203899
-240.738302,54,150.602505
-136.242388,21,150.721088
-120.463206,51,151.03702
1437.423026,229,156.325935
-61.834147,88,157.883939
212.774648,229,164.371023
148.081663,185,167.749238
-41.579594,35,168.017824
175.018687,152,169.064821
159.004935,180,171.17795
124.955607,126,172.948743
112.916952,134,175.668514
179.999474,181,176.878174
-65.238211,48,178.321396
-63.90108,68,179.786926
167.721811,178,183.500655
162.137371,161,186.293771
1078.436018,127,189.157998
-245.636721,69,190.730668
149.820307,95,191.300946
203.265447,139,197.539573
1228.113507,241,201.368692
173.980134,60,203.39756
218.539013,208,205.844677
125.837731,129,206.777724
155.418113,182,208.058
247.158296,212,209.782699
159.297401,158,210.84917
136.92527,168,211.978595
1119.017627,154,214.14964
112.959982,149,216.197899
118.890395,160,217.294279
-88.845999,71,218.68437
-84.296644,87,219.252909
197.659438,194,226.378453
-114.29529,65,226.906394
120.712634,82,238.686583
106.721665,98,239.312297
450.956489,55,241.494322
206.587421,221,245.819473
180.102907,241,247.473838
142.860491,109,248.287924
-132.877772,46,248.662442
142.571749,159,251.045691
140.55387,106,251.899849
156.282168,184,253.442568
-88.662983,79,254.098789
76.912885,103,258.455546
-200.165361,47,258.798753
157.156847,187,261.2795
123.530981,98,262.04251
867.418944,119,268.690571
221.540117,184,272.321367
151.798895,79,272.751389
111.383516,137,273.728615
189.239318,173,276.963115
105.743431,83,277.4374
-121.622975,40,277.692621
177.63905,167,279.080232
145.790949,153,280.321371
184.534391,196,282.570125
23.000051,94,284.16174
153.528137,97,284.775009
779.774034,62,286.102715
457.713271,102,288.572596
141.822234,168,290.695263
-90.79342,97,291.193492
96.534075,112,293.746607
133.100087,163,299.662076
148.340104,85,300.310614
173.647305,154,302.36898
146.558384,193,303.501004
140.707093,115,304.338999
174.851263,162,306.480602
155.497059,104,307.129269
140.417087,153,308.27781
185.144847,119,309.285391
76.817908,130,312.19889
130.959498,92,312.857048
165.24696,86,313.381064
-100.194798,94,315.085984
113.244242,100,315.726266
1252.708983,170,317.920126
-111.666787,94,318.691154
179.328634,152,324.296393
159.774173,207,340.184213
126.090906,210,341.805161
226.129757,163,342.984672
122.159764,99,343.580302
187.841221,175,345.226026
169.123721,166,346.890438
173.058976,192,348.63703
104.345812,81,349.212191
-122.825292,49,349.590008
135.626728,196,351.696324
110.347128,119,353.417185
720.799968,82,354.780554
-161.06721,23,354.965095
235.935114,224,362.27023
207.478001,201,364.457287
199.592598,207,367.542981
234.966363,166,368.608618
169.208578,150,370.536195
168.401648,120,372.132843
-112.749511,30,372.35824
-126.991554,117,373.176215
137.1583,135,374.045938
132.856943,107,374.757985
62.132387,241,377.572135
125.269366,129,379.410027
104.083709,80,380.215406
-66.208655,52,383.081018
1232.426244,241,386.281786
133.995331,112,391.323174
195.275933,124,392.483542
189.308658,168,393.743002
120.562815,181,394.838646
109.587983,99,395.511867
141.6273,129,398.180054
162.533756,202,401.556395
160.251993,166,402.569281
184.764938,108,403.247603
122.533345,147,404.398569
172.83748,113,406.107986
114.069744,86,406.595375
122.555954,125,408.268902
145.799307,149,410.266417
120.394667,144,412.184541
98.915135,185,418.16173
148.490149,125,419.206746
1241.207321,176,438.225889
166.141694,174,441.478672
157.029213,196,442.819623
-14.55464,59,444.76733
102.059465,158,446.156161
172.392217,101,447.377492
105.43485,128,448.288814
158.51876,82,449.91224
160.479096,146,453.321359
107.653617,133,455.280353
138.781118,135,456.317384
154.643423,131,457.250809
152.954832,140,462.280842
152.70175,156,465.506325
211.385681,182,467.615213
319.062525,39,468.719987
116.440505,107,470.378378
1333.778336,235,472.573744
168.876138,94,473.178601
160.314031,175,476.111585
183.24994,172,478.123562
154.14781,143,480.007765
181.426983,225,481.538337
160.375364,133,483.318403
198.277343,196,485.548834
1241.26721,241,492.229846
192.469799,177,494.532227
203.693375,165,496.397564
105.620789,136,497.318113
102.054081,161,499.23196
198.626306,179,502.110207
161.428538,82,503.431779
192.787479,167,505.36671
149.073013,75,506.719682
216.019325,196,509.611575
164.760685,183,511.823617
1136.58799,201,514.065261
148.104172,138,515.942461
78.071474,241,522.054927
172.433038,167,523.555452
112.917841,104,526.158047
128.600103,116,528.817066
138.51338,159,547.24485
160.636158,112,548.02441
137.566457,145,549.193969
137.592768,91,549.80937
161.721543,127,550.739311
112.356436,85,551.734001
103.448917,99,552.563549
166.883626,186,555.089859
123.324092,99,555.627419
196.927077,189,556.753047
-133.67974,41,557.041644
121.524464,106,558.76577
123.543286,87,559.22947
179.48435,183,564.881723
234.198908,228,568.254264
179.727385,152,569.229269
67.260315,142,571.170317
115.464756,103,571.777941
148.287353,107,573.517203
153.468275,241,577.779896
155.437857,133,578.637912
177.872559,114,579.460807
154.506757,75,581.030735
168.376795,187,583.166656
143.597032,162,584.316606
-150.153075,89,585.849307
138.697784,136,588.561957
98.674304,118,593.520933
126.636219,93,595.15128
-78.580106,90,595.72169
154.870509,160,598.65961
140.539348,74,599.151079
1213.777113,196,602.252671
107.278694,143,604.95081
152.886164,184,606.785512
1348.597858,241,609.181179
117.346564,90,609.913054
113.777506,75,610.509927
206.824325,196,613.661
218.560382,212,615.028525
-91.197427,108,616.899804
205.417491,167,622.419329
145.351329,126,623.739006
131.887142,127,624.712533
148.270714,134,626.642841
100.383213,106,627.401183
174.958508,184,646.64048
132.398765,91,647.363838
151.573355,148,648.763223
137.062717,123,651.369849
239.8593,215,654.237577
158.780367,160,655.430023
166.019685,148,656.373643
160.882484,83,656.921595
187.881177,166,659.712638
124.520175,119,660.478656
132.942879,99,666.244786
168.265022,90,666.874368
127.141612,120,667.663072
162.209971,152,668.683953
229.851153,196,669.926602
210.484254,161,671.011016
974.605416,142,673.748197
144.898453,120,674.480147
160.153974,116,675.276843
918.904473,226,677.719768
129.226909,136,680.099386
156.45656,148,682.449683
128.274858,101,683.316475
197.430915,156,684.67395
166.237442,204,691.545775
102.105678,130,692.545398
114.564595,126,694.539061
-190.28364,55,694.836434
185.302922,195,696.06252
869.702655,181,698.023329
142.171989,113,698.819623
156.042188,95,700.435427
201.262412,180,702.721067
105.009521,89,703.276358
144.388746,103,705.221957
171.125644,161,706.744694
156.93588,81,707.261775
137.977909,100,707.930081
-178.851466,38,708.266827
111.117164,192,710.557403
98.062123,137,717.391851
212.265309,182,721.196972
199.806477,126,721.856736
122.614998,108,722.518881
132.959419,126,723.46831
216.981791,175,724.745824
191.58106,169,742.326947
155.709757,121,743.105494
174.427516,158,744.082124
179.118533,167,746.339721
127.151328,112,747.028659
175.989879,169,749.886803
132.371701,162,751.209655
-143.73601,55,751.615686
103.983511,156,752.7124
156.825171,78,757.389597
-156.160503,41,757.68857
166.005567,128,758.532328
184.459508,128,759.417759
151.755922,83,760.050264
208.521686,200,761.482392
161.401708,104,763.000955
149.460843,148,764.840494
180.364239,194,766.88593
190.21853,198,768.939241
154.68323,81,769.461084
149.748885,118,770.383211
200.722767,177,771.635699
197.241379,158,772.825276
126.869328,134,773.810785
1141.63138,146,779.597715
-133.701679,65,781.558769
151.812771,94,783.541666
93.334642,155,784.618125
184.690759,237,787.059237
180.077469,156,788.037011
-95.058843,8,788.113882
211.022196,201,791.384549
166.174134,156,793.468061
108.785245,80,794.168919
125.464512,114,796.144748
-59.221651,1,797.000115
150.584066,134,797.701598
175.236626,132,800.440308
152.497864,76,800.93782
153.732108,129,801.816528
132.469875,126,802.708345
151.445694,73,803.253807
131.333584,100,803.942705
138.739147,99,808.601362
-48.194262,76,809.228421
148.186646,176,810.632816
1183.00632,144,813.305429
113.778454,95,813.862237
213.702622,200,816.010565
-145.071816,50,816.346684
108.207272,76,832.838825
144.640631,128,833.897493
225.345396,214,835.324224
-115.803046,79,835.890474
1248.704264,209,838.999594
172.536388,141,840.284433
134.372322,111,841.070735
198.282619,156,842.180362
-168.259793,47,842.520364
207.061281,125,849.591739
194.233491,154,851.639205
135.203377,216,853.177557
-59.28455,1,854.288403
172.525722,233,859.223829
225.409892,178,860.276229
171.214049,160,861.463736
174.15587,92,863.013444
141.209446,203,865.075332
168.469531,192,867.387474
156.986693,144,869.210583
235.92334,153,870.345286
187.579146,164,872.716806
138.100949,198,878.793362
-78.190727,46,879.263053
153.477322,126,881.449322
178.526878,126,882.340089
182.496617,203,883.958909
170.140464,167,885.884607
169.529994,135,887.880589
157.513994,80,888.306608
190.486945,147,889.256218
175.19146,134,892.077368
143.478394,81,892.666741
-92.709522,15,892.780108
174.528832,215,895.318819
178.753185,141,896.18474
165.432791,241,898.994364
117.011109,126,905.393869
202.912964,188,907.609509
149.494546,128,909.305675
170.027537,93,910.819031
122.109437,145,913.570932
157.602489,128,915.592514
198.644143,168,916.632817
-100.521769,8,916.697259
224.447241,181,932.54586
211.529423,172,933.596741
114.1956,117,934.513796
161.356213,98,936.874609
155.167922,97,937.542848
1339.858805,148,939.816545
165.47769,165,941.848347
152.88022,140,942.706263
194.242552,196,949.234998
141.692182,123,950.884057
134.080985,163,952.134518
178.689629,134,952.996829
190.531456,143,954.768183
185.320511,201,955.960922
207.62352,124,956.852852
128.196913,101,957.57638
171.85467,148,960.402659
181.99929,138,962.219189
188.171619,142,963.00268
174.486673,193,966.926306
189.122785,177,968.21618
193.601977,157,974.797163
141.166677,114,975.591689
171.445208,147,976.703207
166.353047,127,978.521225
772.935147,241,981.61745
175.061502,167,983.728858
193.695603,121,984.503595
198.601517,152,985.570324
137.65594,91,986.168751
168.43366,144,988.012903
191.863467,160,990.126208
189.796545,158,991.20555
85.367792,165,992.28125
165.677642,162,994.293848
185.800906,216,1001.97806
484.360491,93,1004.359513
166.621258,178,1005.367492
150.382405,116,1006.149924
158.00743,134,1008.868188
79.10588,104,1010.339773
218.68602,174,1011.371923
196.33038,205,1025.099886
1448.54886,170,1028.564281
171.437675,131,1031.103263
71.725963,141,1032.995748
185.082622,191,1034.049858
175.800525,187,1035.515501
208.719544,180,1042.38948
195.10666,120,1043.281084
133.841321,138,1044.341196
165.421672,87,1047.575722
160.352281,132,1049.504606
-126.086155,20,1049.654142
160.88999,179,1050.739265
204.783861,179,1051.98485
160.514462,92,1052.573681
852.697737,160,1054.504085
130.455092,101,1055.073481
170.463002,159,1057.020058
195.58573,146,1058.924726
207.677843,179,1060.161889
178.333819,170,1062.266932
176.751193,158,1067.262218
162.490634,129,1068.500769
214.987875,172,1069.693179
180.019779,154,1072.389583
631.896368,153,1074.317946
235.029002,150,1076.244213
221.545544,188,1077.487254
198.336847,187,1079.879788
144.882698,104,1081.222619
167.950963,185,1082.539354
132.704046,90,1083.183258
-58.795835,1,1084.236129
174.852749,139,1085.886859
157.987431,123,1086.677482
1154.164228,199,1092.810783
167.521466,133,1094.201222
170.423439,184,1095.62639
162.650836,101,1096.322636
226.836485,201,1099.333442
1293.967859,214,1102.434637
193.297458,154,1104.724569
193.972694,195,1119.530208
136.402657,127,1121.277982
137.740538,241,1123.327033
194.246946,188,1125.280932
157.653142,90,1125.908564
212.319662,241,1133.061402
436.700016,44,1134.425019
926.215562,115,1135.886459
190.363946,147,1136.762155
125.248373,91,1137.334674
118.259862,146,1139.382058
94.356618,131,1141.257832
131.999548,116,1141.885827
151.067367,76,1143.540239
144.71083,90,1144.965746
165.666537,127,1145.771722
58.157539,104,1146.609166
158.232084,98,1148.190976
147.727975,81,1148.671177
125.662184,113,1150.237937
214.999966,178,1151.259949
41.654177,124,1152.259676
128.285544,82,1152.8853
214.398881,163,1159.349902
156.21244,106,1161.755947
124.948329,141,1162.653319
169.283321,160,1164.578569
99.781727,103,1165.189914
137.395974,184,1166.569463
156.61661,163,1167.622887
-37.516983,103,1168.385744
227.655564,196,1170.615226
193.389663,165,1171.767675
195.731244,110,1173.459718
145.728812,154,1175.175636
154.828979,81,1176.586873
156.842308,78,1176.990173
238.32387,197,1178.133508
185.963333,171,1183.055855
159.675549,135,1184.369644
152.515895,117,1185.708078
163.991961,241,1187.278661
132.683266,133,1189.199394
143.157509,119,1189.905311
-63.801089,1,1190.971329
224.670631,189,1194.048844
186.463949,154,1196.983747
966.815692,194,1212.946124
211.745496,227,1214.620325
197.691658,161,1216.869561
151.885397,105,1217.869052
164.999012,140,1219.581051
214.558158,165,1224.774334
132.419132,150,1225.777268
180.886985,191,1228.109957
180.033626,148,1229.017549
92.390754,96,1230.592414
180.360908,147,1233.307389
226.002993,167,1234.311431
217.146826,196,1236.873606
139.872962,150,1240.522379
145.744645,195,1242.818075
185.619518,215,1246.262465
140.010659,126,1247.222739
253.332935,170,1253.903844
173.887523,219,1255.412904
164.220297,172,1257.374319
126.543889,160,1261.237804
171.733177,145,1263.154361
136.474648,130,1264.088693
164.601957,86,1265.977052
190.440926,165,1267.023902
157.013502,133,1268.075767
156.470581,82,1268.69797
138.000264,123,1271.395103
122.463514,144,1272.997999
153.027691,172,1275.491349
139.835004,241,1278.593446
145.641686,101,1284.599298
210.538254,167,1285.6799
182.285517,117,1286.435172
112.533008,138,1287.324897
147.637256,127,1288.143363
194.144816,171,1289.401861
126.316526,93,1290.620384
177.773479,172,1292.127908
162.954299,132,1293.124122
164.771445,132,1294.02894
144.412577,120,1305.860868
128.083676,133,1308.609715
218.318643,174,1309.519777
196.446266,174,1312.212357
174.150636,168,1318.229126
153.996849,130,1319.123276
122.62099,74,1320.66975
139.621357,141,1322.00376
142.487392,127,1323.072465
166.266052,139,1324.012591
153.553253,159,1325.183695
176.474184,241,1326.915095
121.473921,107,1327.599688
133.587308,122,1329.600712
129.885777,119,1330.248155
137.352715,128,1332.304797
185.87777,152,1335.134515
160.754056,139,1336.020292
161.576947,113,1336.784768
190.968053,156,1341.850172
107.861884,128,1342.685828
186.998975,110,1343.817452
167.803015,189,1346.042639
168.134917,86,1348.54496
154.151698,109,1350.020923
204.00479,175,1351.133457
178.097872,157,1353.270662
132.456788,106,1353.979405
150.109721,113,1354.640674
-107.564469,24,1354.838008
139.994813,105,1356.592671
168.468323,124,1357.446374
191.937829,172,1359.535496
1310.580725,241,1363.853304
97.946276,241,1370.526278
174.154801,143,1371.875009
133.017006,112,1374.029662
915.73379,241,1376.889968
145.99855,154,1379.109196
198.551782,178,1380.149427
145.976127,97,1381.784684
185.467461,100,1382.332171
137.020287,104,1383.038397
192.326727,241,1386.51527
968.581818,157,1400.219469
150.442325,124,1401.072883
119.446795,82,1401.711381
123.687002,241,1403.777395
137.408565,241,1410.027749
169.705399,90,1410.589327
198.474517,155,1413.809868
157.450833,127,1414.934665
179.480299,198,1416.271586
126.629263,101,1416.885414
234.957075,232,1419.992702
1000.59804,147,1422.072217
150.374595,117,1423.050277
147.24048,89,1423.716426
1214.79303,139,1426.383947
138.22513,88,1426.902655
154.499692,97,1427.553371
133.70204,241,1433.288523
227.085351,143,1434.4531
136.029495,152,1437.462032
180.693267,163,1438.482841
170.576813,140,1441.313825
236.112511,196,1442.611391
131.83724,91,1443.259389
209.04014,200,1444.449478
155.4474,133,1445.369792
217.322462,153,1447.296381
189.798576,209,1450.589201
178.496914,96,1452.153781
186.286932,105,1452.869859
94.949752,241,1456.402488
210.140584,134,1461.930404
143.342269,139,1464.351429
170.118404,86,1464.992693
191.96525,153,1466.996749
152.362574,124,1467.808504
184.551529,160,1469.063435
173.320006,110,1469.906653
177.990834,110,1470.63129
147.720758,113,1471.301117
208.692313,203,1474.274589
158.888007,215,1475.647767
130.766508,100,1488.83873
200.82337,207,1490.369434
156.838903,78,1490.825709
114.013845,109,1491.627551
166.310851,89,1497.002476
167.294173,137,1497.908044
236.941122,193,1501.312405
175.013572,123,1502.203094
148.4887,146,1504.394941
227.960509,191,1505.552802
1358.209152,241,1508.161275
139.24298,135,1510.964988
151.231488,93,1513.482586
-29.802904,88,1513.921745
160.23006,133,1515.811095
143.300726,111,1517.606016
-99.058205,1,1517.623975
120.553876,81,1518.330924
261.041477,171,1522.231521
142.460318,116,1522.981001
143.439001,145,1529.516829
223.292058,194,1530.971584
200.455164,188,1533.341926
182.345574,179,1535.350353
115.574182,74,1536.709917
125.796139,128,1537.49019
-19.673392,113,1538.251214
-130.73496,32,1538.484827
143.944184,130,1539.324248
231.140082,177,1541.331102
169.596097,107,1541.86795
938.102194,141,1543.687078
214.011647,214,1546.196648
237.82135,218,1547.768817
1500.397509,241,1554.619912
161.445924,142,1555.685638
183.581752,165,1557.780754
193.202681,187,1560.901929
190.272125,220,1564.950316
182.6082,139,1567.711516
155.533335,85,1569.208945
133.03243,96,1569.916214
200.437184,153,1571.047132
172.396497,125,1572.842925
188.739265,175,1576.647903
243.927065,210,1593.563365
141.551704,166,1601.021165
879.948005,116,1603.569569
154.16663,85,1603.952781
159.876488,99,1604.486276
19.667273,161,1606.690537
214.33231,170,1608.730102
154.682307,119,1611.246487
183.464516,102,1612.711036
203.505924,165,1614.690766
168.853429,135,1615.564128
102.69146,105,1617.208672
1084.660277,241,1620.331851
230.087228,206,1621.715481
203.908405,148,1623.593154
187.602121,146,1624.601961
152.921375,136,1631.292293
167.68333,152,1633.166347
-137.624115,39,1633.488134
176.862548,165,1634.789404
-140.991789,39,1635.066888
174.440264,152,1636.049968
173.317468,127,1637.676466
173.959925,128,1638.490797
141.557912,106,1639.197342
111.439825,106,1639.961453
-90.679706,24,1641.168727
-159.795833,1,1642.155416
151.312951,106,1642.784975
150.219076,94,1643.542477
150.24668,100,1644.296328
168.682097,121,1646.170174
128.100263,85,1647.473392
169.678288,144,1649.189427
137.109602,95,1650.871358
165.539823,149,1651.906673
170.188668,139,1657.47159
92.11452,121,1658.384269
180.808265,157,1659.341549
186.093678,207,1660.745755
179.366406,159,1662.69166
138.20151,197,1663.96472
1164.798712,173,1667.017073
158.407599,116,1667.796627
127.436457,148,1668.86234
199.684757,154,1670.978332
757.919616,241,1689.919962
151.342186,124,1690.774403
156.918381,63,1692.240233
157.973365,193,1701.836586
996.822963,241,1705.24212
237.688703,224,1707.738607
145.892922,139,1708.653748
182.113615,153,1711.588742
158.657778,157,1714.452176
149.728245,83,1716.014416
147.252035,99,1716.790348
214.652595,188,1718.170022
170.064375,133,1719.980224
161.689346,90,1720.520801
164.066927,127,1721.314578
212.487384,169,1724.476503
121.707337,97,1725.201248
132.539583,130,1731.707795
213.535231,153,1732.777111
168.582558,131,1734.509048
171.59693,127,1735.190921
191.272588,145,1736.010904
160.805002,114,1736.818603
121.436258,116,1738.59683
129.283325,113,1739.378755
193.766133,140,1740.249552
202.278181,169,1741.455862
-99.608114,1,1741.479575
207.402448,241,1744.09706
177.825662,137,1744.889402
161.575233,136,1745.792448
140.054422,110,1746.637952
219.760646,188,1752.680638
149.435896,120,1754.076736
224.094247,135,1755.341986
126.197885,96,1756.157532
189.734087,152,1757.167006
278.862227,187,1758.439664
147.085226,139,1759.384383
175.38065,142,1760.391641
159.135593,153,1762.60691
164.290121,94,1763.014494
195.671748,154,1764.993935
209.752065,175,1767.07356
124.805845,156,1768.039072
164.978563,80,1768.549058
154.815662,93,1780.182609
214.649065,167,1787.517977
136.226237,139,1789.480957
141.63937,130,1790.336246
139.658589,111,1792.224015
268.104926,228,1794.722701
162.087416,120,1795.478871
-98.974386,2,1795.500815
193.671235,154,1797.444809
132.026839,93,1798.88359
153.687192,106,1800.499359
155.817323,78,1800.903794
161.001133,168,1802.103138
162.939228,162,1803.163899
124.366584,113,1803.931811
174.418877,122,1805.688445
597.858517,72,1807.019917
230.838179,210,1813.621027
158.780462,104,1814.515414
150.854185,106,1815.250456
155.725516,119,1816.064217
138.474982,92,1816.685957
-36.197871,134,1818.675362
132.65332,83,1820.917227
166.945223,133,1822.778902
144.826598,124,1823.688115
191.792359,156,1824.807273
159.031934,82,1825.394199
183.871159,159,1827.488831
396.940436,68,1828.662507
152.165121,109,1829.380962
190.845946,148,1831.275275
1142.767556,186,1833.050152
176.639588,123,1834.698655
117.383285,95,1839.527515
-58.795833,1,1840.598271
194.871328,161,1841.961096
212.806482,157,1843.962594
141.990078,98,1844.648163
127.679431,100,1846.211556
167.33548,129,1847.969452
3.105826,118,1849.491667
1052.313273,208,1851.83828
139.109767,132,1852.846201
-93.976055,25,1853.022632
174.329338,149,1854.929764
161.958854,123,1855.734313
203.871399,160,1857.773158
206.785425,173,1861.492787
170.917776,138,1863.197733
168.814913,157,1886.042619
169.635432,118,1888.525365
175.559897,193,1891.395076
157.013229,129,1893.859732
117.194666,100,1894.499677
156.717947,94,1895.215386
147.200467,141,1897.309256
193.548731,153,1899.063527
138.439802,224,1903.363414
140.875938,98,1903.983126
144.65437,107,1905.687376
164.117561,98,1908.178403
160.274569,135,1909.876031
1001.240474,146,1911.679779
171.580712,156,1913.697519
175.660076,170,1919.987515
149.411987,130,1921.060799
977.746113,170,1925.209314
1003.783128,125,1927.832423
119.673147,76,1928.228224
195.736557,166,1929.287093
190.075192,168,1930.498584
156.770764,188,1931.821331
113.992145,89,1934.143635
205.086521,181,1935.129978
213.049465,167,1936.123426
157.84091,88,1937.736281
242.243168,181,1939.981238
167.504923,85,1940.564788
89.227584,93,1943.044131
128.597605,108,1943.723285
190.679125,165,1950.478177
182.898572,151,1951.681414
171.89781,145,1952.668986
190.180553,107,1953.305316
142.495605,124,1954.111972
138.572885,146,1955.133204
167.209516,151,1957.148229
199.034372,162,1959.072224
160.185013,91,1960.692149
193.752362,131,1962.375949
161.739973,79,1962.937253
152.762851,99,1964.612486
189.707104,165,1965.636456
179.46161,127,1967.363555
208.478297,169,1968.446145
183.432277,148,1988.288557
198.517319,194,1989.668789
227.712018,194,1990.952861
239.504618,199,1995.008559
130.620909,103,1996.115748
192.414704,185,1997.409356
170.923353,181,2000.526352
157.812915,118,2001.288174
150.111929,117,2002.188486
145.094924,119,2004.127951
119.444692,103,2005.668151
873.142204,105,2007.458238
161.040164,78,2008.139048
-85.139201,50,2008.617488
220.452348,197,2011.127521
1432.8353,174,2018.500699
-16.147238,54,2018.789773
110.414616,77,2020.184268
198.231508,171,2021.326041
134.141327,102,2022.053185
148.100112,122,2024.041172
155.569796,119,2025.768164
187.24978,163,2028.776255
171.521298,192,2030.475363
214.211133,173,2031.650139
185.090783,153,2033.44025
159.991847,88,2034.859663
-100.789793,2,2034.892828
-98.752942,2,2034.924024
1026.214781,205,2037.148044
145.487099,116,2038.065975
173.501327,94,2038.803292
134.058257,124,2044.406966
169.598426,136,2045.714451
232.468606,184,2046.878049
940.635671,131,2048.623149
135.234843,110,2050.390553
234.195494,216,2051.771303
153.435338,71,2052.402034
125.78333,97,2054.234589
-98.978557,1,2054.246724
212.487111,153,2055.241506
145.350073,241,2058.209543
169.26352,173,2061.310954
173.555803,91,2062.8103
160.710775,227,2064.363428
132.081947,90,2064.943209
192.572847,153,2071.593159
115.930705,80,2082.51001
126.213823,87,2083.117335
169.933722,95,2083.764101
141.105765,83,2085.238606
201.847072,185,2086.704022
164.364002,135,2088.199456
-84.713901,44,2088.769156
440.612921,114,2090.725063
183.078689,166,2091.883913
157.261446,77,2092.417148
134.301038,137,2094.396733
142.419444,119,2095.15389
142.083251,97,2095.797482
188.572999,150,2096.892629
218.240444,197,2098.215066
229.023267,204,2106.067458
158.78458,77,2106.637401
189.772,178,2108.605258
123.213984,101,2109.367304
143.520552,180,2111.438773
126.575154,156,2113.291206
159.072835,122,2115.957279
185.441626,163,2117.006076
153.900202,125,2119.601446
145.778627,130,2122.118978
144.212174,124,2122.804446
175.068093,109,2124.394371
217.500676,180,2126.526281
231.962338,188,2127.938099
220.155202,185,2130.915365
-99.349911,42,2135.646061
164.072201,84,2136.524576
172.014789,86,2138.036298
186.029999,96,2138.513355
198.910057,173,2140.528707
159.101804,89,2142.011036
1233.375166,146,2143.776684
221.132248,181,2146.179476
103.342769,122,2146.922112
138.811486,159,2147.949598
179.805976,160,2150.000882
164.475615,136,2150.990217
146.104008,102,2151.722753
199.690326,163,2153.526022
555.875172,116,2155.252574
-101.561875,6,2155.303511
155.553438,92,2157.881015
177.043635,133,2163.11988
165.987749,125,2166.209266
252.819916,205,2184.611917
179.088761,162,2186.68572
211.495796,151,2187.593507
140.068173,97,2189.235584
185.870203,114,2190.479622
243.142346,186,2192.681265
200.840874,238,2195.725601
151.944446,148,2198.437368
185.427475,177,2199.775845
218.742411,185,2200.98029
967.768136,182,2202.887541
153.911385,100,2207.817609
128.897366,109,2208.518758
202.184415,162,2210.71625
1116.82959,116,2212.187462
160.987466,120,2213.028954
140.926583,126,2214.098174
182.089299,133,2215.090779
149.695611,127,2215.967099
190.387689,158,2217.053094
115.7978,104,2218.519355
207.980134,191,2222.044586
1638.935326,229,2225.741657
159.7117,93,2226.189005
175.864351,158,2227.138146
168.200904,112,2229.633191
174.727258,125,2235.641063
133.404269,84,2236.562116
180.06286,137,2237.532664
178.705205,91,2238.178629
261.808699,26,2239.328256
139.49912,176,2240.452442
204.330659,161,2243.337325
146.394761,118,2244.012121
188.015157,141,2244.891301
164.306148,85,2246.405657
218.860298,175,2247.451331
203.917565,152,2249.560313
135.454133,96,2251.1714
162.191419,96,2251.911761
119.448496,74,2252.46875
152.463892,126,2253.285578
151.78144,115,2254.026678
167.597586,110,2254.761911
204.103539,178,2262.270068
1409.910808,203,2264.550817
166.439136,124,2278.074002
173.254311,113,2280.104724
154.834093,137,2280.891081
153.890308,112,2284.836541
185.610376,180,2286.111843
168.766876,148,2287.929283
180.384066,133,2290.336948
187.182229,147,2292.225741
1115.884,241,2295.534197
197.469172,197,2297.054893
207.087508,160,2303.0218
165.53096,88,2303.925485
171.534042,140,2305.28804
269.94294,165,2306.28781
-151.271629,71,2306.721568
197.749702,150,2308.391346
127.135328,86,2308.827399
182.515896,131,2311.427362
182.220747,94,2311.88138
224.148002,158,2314.656112
121.750076,77,2316.05852
777.340164,93,2317.435896
1156.75369,186,2319.395126
128.684276,115,2320.18874
213.075554,163,2321.453121
169.634992,82,2322.089333
179.16718,134,2323.049622
187.147897,135,2328.053991
175.562393,194,2329.892015
181.600266,157,2332.813021
166.523827,87,2334.367624
124.520679,76,2334.808129
473.752558,241,2337.332592
116.496263,169,2339.286806
1230.114029,241,2341.729161
173.903269,133,2345.174127
156.347805,117,2345.873587
171.251529,119,2346.705136
143.90896,138,2347.75254
89.761792,123,2348.513567
149.872316,120,2349.395127
160.442646,110,2354.423548
172.983756,91,2355.544712
163.550169,169,2357.80661
167.603372,136,2359.370654
146.372441,83,2359.887449
153.941239,121,2374.325396
154.909816,111,2375.184259
121.185645,119,2376.04888
136.242493,115,2376.784098
162.63375,83,2377.411567
141.973052,111,2379.764879
217.849657,175,2381.480364
132.075378,115,2382.254945
154.16998,88,2382.920424
223.031927,179,2385.101573
-65.318948,43,2385.361349
143.201625,141,2386.374643
182.937892,155,2388.563013
-32.2862,82,2394.622483
171.645623,163,2396.673624
-111.974868,18,2397.724845
173.912318,137,2399.602348
200.89255,120,2400.340434
216.885881,168,2402.348596
172.213566,148,2404.21967
148.506357,112,2406.768828
146.949779,167,2407.922592
175.650747,98,2408.502052
181.997418,100,2409.081324
144.493357,103,2409.830756
173.673867,90,2411.462366
207.180906,140,2414.107139
129.248225,106,2415.845732
206.235889,166,2416.907417
125.438091,100,2417.623634
173.08964,178,2423.721253
188.820304,241,2426.452282
166.020329,124,2429.062237
1223.173826,176,2431.97382
230.562005,230,2433.671889
162.573919,122,2434.500493
138.70612,130,2435.506858
210.906564,163,2437.54983
159.086314,219,2438.892722
192.625337,157,2439.97849
212.170831,160,2441.202052
161.561924,145,2443.203077
119.927954,77,2449.062636
166.203701,138,2449.901965
161.882406,92,2450.492643
185.037365,136,2452.246038
162.248537,129,2452.97724
210.590754,164,2463.180719
165.814068,151,2464.136793
122.0369,87,2464.670593
151.91562,82,2467.316767
187.263429,151,2469.855997
208.581955,201,2473.18925
114.443433,94,2473.834983
201.189714,159,2475.815286
109.311952,116,2477.524378
164.246838,152,2478.628152
137.716966,130,2479.578636
208.224263,172,2486.426548
196.943707,173,2488.459773
161.438445,96,2489.009272
218.91944,175,2491.030284
152.510297,85,2492.593344
146.334289,136,2494.573193
175.824229,97,2495.226266
170.303812,178,2497.441375
826.695754,97,2499.816089
122.651342,89,2500.343453
155.673899,83,2500.887912
205.484124,172,2503.128422
1183.044851,142,2504.915219
492.038304,82,2506.324536
212.80076,174,2508.428981
143.345456,111,2511.545961
158.238232,85,2517.284411
166.482555,111,2518.003138
159.647648,150,2519.02627
163.505913,97,2519.668225
223.957831,175,2520.890208
-34.394046,79,2521.37753
181.279959,139,2522.107776
122.62999,107,2522.699616
134.43187,89,2523.213793
123.676392,93,2523.931682
837.306929,143,2525.603845
148.589946,112,2526.262227
167.816513,149,2527.308172
172.041183,150,2528.450388
479.49375,80,2529.997976
166.459451,163,2532.775645
179.645632,138,2533.742879
141.140645,122,2539.101561
145.62421,105,2540.118801
161.355113,88,2540.711649
162.752071,98,2541.349633
191.789649,180,2542.589269
166.128485,116,2544.485509
159.137845,131,2560.175948
221.450901,181,2561.46202
192.996014,148,2563.628984
197.792837,180,2565.573089
150.634568,99,2566.674577
182.383387,138,2568.956623
-62.154157,66,2569.448123
143.951937,122,2570.467624
144.036285,131,2572.262668
181.169373,155,2578.402299
160.375635,98,2579.916435
-105.557123,44,2580.192397
196.554771,168,2581.298267
157.732256,141,2584.982625
116.601042,241,2588.433437
146.910365,97,2589.979092
124.499231,103,2590.676158
175.316442,99,2591.354265
153.772692,95,2592.053898
217.362714,180,2594.184421
212.525379,171,2595.96899
156.687013,90,2596.553135
240.848456,167,2598.636193
243.452067,159,2599.614496
116.916025,81,2601.24168
214.750651,124,2606.633413
158.348184,127,2607.815137
163.653342,133,2608.723097
197.111192,168,2609.798062
201.42446,167,2611.741291
205.481623,175,2613.923311
209.795008,172,2615.272731
-77.146809,74,2616.78806
138.438141,91,2619.450316
-102.902422,1,2619.462312
144.949693,101,2619.952961
155.7331,83,2620.617633
190.101638,159,2623.744282
169.09363,181,2626.753428
181.357809,124,2627.846176
136.275993,95,2628.552754
156.044465,106,2629.303213
166.836628,148,2634.675822
166.885347,166,2636.460908
152.08621,109,2638.146579
163.246022,160,2640.042399
182.440408,157,2642.759332
167.946524,146,2644.687243
121.526633,83,2656.0802
1354.116709,241,2658.552208
234.964945,180,2661.48369
200.020875,162,2663.114267
178.590676,181,2665.263006
1342.226029,139,2667.801564
137.801735,97,2668.401035
133.632945,105,2671.052232
185.526748,157,2676.335152
239.778535,173,2679.560098
125.847855,181,2680.660933
145.299926,96,2682.256026
219.393541,178,2683.394999
122.865801,82,2684.997827
152.414538,118,2685.855385
214.175939,171,2687.902842
196.810494,105,2688.746865
139.386698,156,2689.939518
147.406879,112,2690.921367
181.149789,134,2692.627103
85.343555,107,2693.25028
184.538012,96,2694.832815
-128.115796,74,2695.310904
166.807062,94,2696.884991
123.783119,84,2701.834552
173.357572,89,2702.829324
216.482713,221,2704.334802
125.672602,103,2706.752535
154.869865,89,2708.333367
136.453556,108,2709.055208
168.662687,106,2711.653196
191.183444,176,2712.996322
141.264278,100,2713.714281
131.432451,124,2715.481401
162.653879,141,2717.386318
160.875847,122,2720.029829
150.562508,112,2720.576557
149.865536,114,2723.359901
215.547929,148,2726.117979
194.213513,103,2726.770021
154.328829,72,2727.219019
212.131484,170,2733.558333
228.713288,155,2736.027046
178.917667,183,2737.991675
155.693869,100,2738.637005
1160.680193,151,2740.737864
158.231295,108,2741.411265
883.770087,117,2743.220137
143.095421,117,2757.246242
172.323816,174,2762.210472
153.646648,101,2763.054397
171.658667,96,2763.940506
176.027006,94,2764.515655
180.864928,177,2765.649867
171.154149,95,2766.268169
1469.872019,230,2769.697749
165.00884,107,2774.710056
160.228038,123,2775.661854
141.133271,72,2776.192399
157.302196,95,2777.767331
279.355299,204,2778.8674
188.900649,144,2779.7466
-80.038728,85,2780.321407
184.976693,135,2782.092097
271.975723,220,2785.201027
116.013661,124,2786.19674
188.020056,139,2787.300096
143.047282,104,2788.100282
118.952156,83,2788.581012
109.179101,84,2790.955268
1056.757308,103,2794.523933
214.040864,171,2795.69301
165.653695,115,2796.570225
170.277266,151,2802.502034
168.917251,143,2804.633112
120.688184,95,2805.275666
208.854143,180,2807.544349
152.949049,120,2809.23533
119.737975,78,2809.743171
260.59469,171,2812.071959
206.999938,115,2812.920808
177.500781,200,2815.925461
1383.777072,241,2818.755981
169.349119,153,2819.934119
187.570821,148,2820.941483
145.083156,98,2822.458828
-108.453103,24,2822.622019
316.195808,66,2823.924828
131.900073,129,2830.201707
170.518927,125,2831.211776
153.049117,130,2832.100731
168.526457,147,2834.011073
154.51641,90,2834.534131
228.254575,186,2836.883488
153.741076,112,2837.779603
218.336167,180,2840.061469
174.876149,136,2854.892214
148.232543,89,2855.428883
-180.452585,35,2855.680486
177.837723,129,2857.01311
132.636036,101,2859.476164
161.496805,95,2860.198648
123.601799,241,2861.886913
187.187847,141,2862.720982
159.865754,129,2868.934359
341.226604,66,2870.264419
199.038011,175,2871.494465
123.522628,80,2872.021184
194.034088,146,2873.056057
117.555159,141,2873.962903
126.957491,109,2874.571185
138.360668,88,2877.119642
108.01569,106,2878.499464
169.965373,85,2879.085451
111.331725,123,2881.028943
205.260363,186,2883.958636
150.196752,74,2884.458472
195.78918,166,2886.403207
140.34221,126,2888.053565
166.564393,150,2889.921105
149.291444,96,2890.588286
166.258674,86,2895.895103
220.72025,180,2898.351673
173.244982,135,2899.076768
169.891379,89,2899.581777
230.7026,172,2900.75812
154.989805,147,2901.700579
-148.631542,18,2901.859228
1315.946725,241,2905.21687
-78.453666,103,2905.836847
207.212486,166,2907.107939
1428.271148,200,2910.294818
162.301276,122,2912.935371
145.744636,159,2915.70464
237.496228,194,2917.780634
154.07909,119,2923.02067
164.136743,86,2925.147152
214.086967,178,2927.264609
197.712226,205,2929.435815
229.271965,203,2930.54813
152.040547,139,2931.485839
164.178389,119,2933.158482
149.290281,122,2933.810899
490.0853,59,2935.189112
176.339997,137,2947.396615
161.609467,114,2949.255601
149.434398,130,2951.515275
152.628872,138,2952.927468
151.011015,91,2954.154031
150.590181,164,2956.136482
184.23664,151,2962.916798
174.562193,91,2963.541277
138.486535,144,2964.681647
-195.573328,17,2964.813925
178.460489,157,2966.948504
178.198699,95,2967.591174
172.792314,179,2970.073038
157.238856,88,2970.739339
148.453392,187,2972.21161
169.852682,85,2972.865781
219.546885,200,2977.807465
161.006975,102,2979.437942
171.382796,148,2980.422233
133.364748,109,2981.258908
194.021236,150,2983.403922
129.207205,119,2985.139089
200.740453,168,2987.494439
149.627178,121,2993.343574
227.901983,180,2994.757227
175.320199,103,2995.522942
168.76537,94,2996.17988
202.852783,153,2997.203303
187.401837,137,2998.11206
160.412671,138,2998.981252
146.800737,79,2999.583279
198.705944,133,3001.616164
1103.69282,241,3005.082252
-98.795834,1,3005.107201
170.15022,156,3006.436522
163.861387,116,3007.33072
-128.459069,12,3007.445449
149.741307,105,3008.239088
183.015449,195,3010.566982
162.353465,103,3016.094878
153.724603,96,3016.685215
170.812473,125,3018.126285
166.58291,144,3019.38002
145.540369,111,3021.134533
123.985173,86,3022.748595
172.380982,121,3024.575193
212.325159,193,3025.689146
-59.795833,1,3026.718006
182.145355,159,3027.688249
141.49017,109,3029.46913
188.154997,160,3044.06362
176.797235,161,3045.236487
152.480103,120,3046.099373
139.97552,178,3050.369327
263.387524,213,3052.779651
129.354282,103,3057.965346
137.521532,95,3058.895891
199.291098,151,3060.055722
169.329017,115,3061.800899
129.475394,129,3063.731101
195.273558,162,3064.668715
196.227407,173,3065.923708
142.446847,95,3066.600931
198.043779,160,3067.767492
1145.478989,166,3070.716477
201.685963,205,3072.17583
184.343842,155,3074.204985
141.226541,103,3074.834081
212.319772,175,3075.940226
161.829768,88,3076.488854
184.764381,135,3081.741716
128.232433,161,3083.958909
219.989647,162,3086.048718
481.589612,80,3087.357762
1419.004677,241,3089.8536
170.024931,113,3090.660741
128.516084,86,3091.274119
161.337113,93,3091.86397
221.766962,156,3092.934785
-84.681702,56,3093.332841
145.56247,131,3094.293045
193.692395,104,3095.889141
175.794763,97,3097.391474
160.259385,133,3099.155215
175.817177,100,3099.692559
174.37646,188,3102.706461
157.862004,137,3108.309018
157.484649,103,3108.980962
138.583431,241,3112.281752
165.888181,96,3112.90964
148.824909,126,3113.787365
160.382596,109,3114.63915
161.899234,154,3115.688107
202.572418,193,3116.965428
158.958812,141,3118.04789
131.610047,98,3129.168443
198.680373,176,3130.466759
226.581395,217,3132.856496
97.245551,107,3135.327302
176.612927,169,3136.672371
196.966459,104,3141.738801
178.533984,94,3142.690011
137.482995,103,3143.814153
164.365181,121,3144.723626
1404.674443,237,3148.036149
-108.382986,18,3148.141783
955.372293,175,3151.933221
127.031491,92,3152.629124
168.380975,127,3153.606801
133.628374,127,3154.51743
251.139044,160,3155.635229
180.685012,137,3157.468959
2198.068897,168,3159.353215
185.93501,156,3162.425837
166.739809,89,3163.056644
157.994875,85,3163.552055
-72.483521,94,3168.683711
188.380258,152,3170.00138
158.09685,109,3170.844498
190.369752,158,3174.665792
147.75614,110,3176.335182
162.451754,108,3176.95949
219.801578,166,3182.029889
179.601947,198,3185.187132
236.87354,187,3186.400719
182.021432,92,3187.13707
909.615475,113,3190.751621
122.412304,91,3193.259498
162.039432,79,3193.732033
165.484278,132,3194.620474
1095.961374,241,3197.994881
235.880097,159,3205.913789
147.184493,100,3206.73222
220.992322,161,3209.886648
174.239553,134,3211.677738
145.526706,129,3212.394792
726.430592,150,3215.362231
132.230995,105,3215.988355
160.649227,121,3216.744972
167.490148,116,3217.517608
101.008017,100,3220.095946
139.091384,92,3220.535146
128.129244,93,3223.139792
155.731687,151,3243.730678
137.836539,117,3245.388233
150.759584,82,3245.918286
131.427914,84,3247.796484
193.607339,134,3249.329394
142.383413,94,3251.366556
206.638086,186,3256.876332
212.70773,160,3258.023807
1295.722839,195,3260.221481
188.776881,123,3260.974188
-89.361454,41,3261.239555
174.223469,145,3262.159462
166.154061,135,3265.978468
212.12731,170,3268.130956
195.205194,138,3269.906884
215.068864,152,3270.903932
156.255351,88,3272.515632
182.147494,139,3273.442852
119.071685,98,3276.02576
175.129778,159,3278.04508
190.901853,202,3284.571877
183.796981,160,3285.939338
161.89004,77,3286.837221
139.815609,110,3288.563181
173.633427,166,3289.604036
226.812212,202,3291.931412
133.816997,130,3292.674579
157.528684,73,3293.226178
199.455547,108,3294.02201
133.136072,91,3294.644437
209.057176,181,3296.677127
-129.282298,26,3296.844097
180.672803,161,3298.111917
182.026115,197,3300.396883
190.024878,185,3303.541053
147.616632,81,3304.244076
165.527441,89,3309.302995
219.940455,176,3311.892797
154.719987,169,3312.912207
208.726664,166,3314.917776
200.463497,162,3316.047185
179.039545,241,3317.86433
162.619238,117,3318.729474
170.980001,97,3319.384352
1184.774787,130,3321.217446
158.901696,97,3321.985473
132.446066,89,3322.68959
224.471238,157,3336.439695
214.08425,213,3338.066467
131.979736,96,3338.770252
207.617965,167,3345.643945
177.218306,158,3347.828351
792.128515,103,3349.77245
145.528094,91,3350.384611
242.245843,177,3352.573445
1285.832462,195,3354.695151
150.527795,133,3355.483577
192.165934,181,3356.730846
222.615679,174,3358.002042
201.999252,221,3360.537495
162.696384,115,3361.51449
170.108161,143,3363.616684
171.352046,108,3364.199453
175.696791,98,3364.855002
129.774409,115,3372.291827
215.627117,191,3374.756674
216.689531,170,3377.648427
168.389168,134,3379.290243
239.57166,184,3382.096049
173.798997,127,3382.879593
234.06895,177,3384.972839
143.82272,163,3386.977235
145.603123,109,3387.787134
230.546645,180,3389.075603
993.072516,147,3391.686568
213.702705,188,3393.916644
172.845199,130,3396.489201
257.490511,170,3403.616279
152.992778,132,3404.903624
117.694733,100,3405.682112
199.332568,202,3408.955204
99.87587,78,3410.451652
196.469803,103,3410.999562
156.208977,104,3411.670235
161.889537,129,3412.513814
186.043484,166,3413.651122
-94.032466,47,3414.01073
150.875083,107,3414.763881
141.351436,95,3415.367361
179.321991,142,3417.768385
243.840139,161,3420.490029
122.139549,74,3435.38843
1089.220531,126,3438.206815
163.599334,91,3438.747763
164.096923,191,3445.244501
170.261298,151,3446.212503
161.863092,161,3447.298735
233.471157,162,3449.477682
162.205348,95,3450.084597
251.202231,195,3452.328811
237.138235,160,3455.147193
164.894052,139,3458.007351
137.575451,110,3458.628065
132.762323,92,3459.329243
150.303105,117,3460.321703
158.939157,156,3461.524814
165.023706,90,3463.0986
168.623488,192,3465.13753
200.376945,162,3468.042777
162.840863,187,3473.853983
154.418938,145,3476.746482
230.684829,166,3478.824373
262.349137,165,3480.730126
187.787383,149,3481.685226
140.978369,133,3482.658906
246.608323,199,3483.994126
230.426564,171,3486.041905
257.42349,179,3488.099161
207.46609,160,3490.871529
150.451067,95,3491.420426
149.224544,181,3492.746292
605.239591,151,3498.814999
239.770631,194,3501.421668
188.695479,140,3504.140326
150.418001,123,3505.754692
191.478058,187,3507.923368
242.902821,211,3509.640514
199.006264,185,3511.996079
146.150478,102,3513.652951
148.937561,149,3515.567724
132.648503,149,3518.451736
111.651281,114,3519.334419
159.102751,104,3520.140554
153.379847,91,3534.168001
145.269391,128,3535.107708
181.295965,174,3542.766798
205.227833,164,3543.707687
194.860148,103,3544.337952
160.108604,90,3544.969879
182.755401,132,3546.01174
156.608462,125,3547.857184
149.88337,97,3548.426641
252.79058,201,3549.802521
110.784957,98,3551.457506
120.919559,109,3552.178916
145.466122,102,3552.915902
232.002513,205,3554.448624
222.397991,185,3556.762413
164.268508,138,3557.757696
96.025282,81,3558.385423
170.740432,131,3559.590141
148.463538,101,3565.339025
161.839962,128,3567.334124
234.031232,162,3569.393204
178.788325,189,3571.667126
678.17901,82,3573.223227
196.346894,168,3575.280858
201.925525,137,3576.344207
205.605498,174,3579.138159
1507.456005,241,3582.92553
112.878526,88,3583.48718
164.08154,133,3585.469339
156.418616,121,3586.385328
201.70286,143,3587.38076
252.924108,218,3591.13269
1489.943731,241,3598.616262
157.528078,115,3599.383324
196.249146,155,3600.449997
39.458871,241,3604.219322
248.950195,196,3606.485427
171.875675,169,3607.72163
199.079833,179,3610.013735
1266.68925,241,3613.500219
199.662712,143,3615.71269
213.297855,166,3616.953729
236.006416,177,3632.130877
939.91354,130,3639.182776
147.775741,86,3639.945245
187.678173,230,3642.814096
158.15365,123,3643.858549
196.220285,150,3645.026902
140.552871,148,3646.183455
980.897008,130,3648.774584
224.898262,186,3650.045333
1439.335287,182,3652.116374
152.381181,75,3653.491922
195.875012,211,3655.905156
-81.338823,59,3656.289138
206.806883,127,3657.160953
164.250405,115,3658.057725
158.594639,139,3664.213727
153.553543,80,3665.134809
130.566283,81,3665.641156
162.437591,101,3666.425192
174.037775,101,3667.19932
113.493893,95,3668.845877
212.317975,116,3670.43097
1134.033503,200,3672.609748
170.836208,138,3673.678196
237.572144,173,3674.84347
155.428179,88,3675.4305
177.87521,157,3676.526313
184.456574,143,3677.569488
162.166437,109,3679.253669
1437.203851,180,3681.05899
315.380434,113,3684.660837
147.579443,115,3686.644688
233.782169,173,3692.101808
161.731982,118,3693.493606
170.544177,186,3695.791302
1408.491892,236,3700.12639
243.808475,211,3702.298944
155.14666,83,3702.882796
182.295725,174,3706.346786
176.4031,107,3707.928554
214.995355,170,3709.004316
135.394242,96,3709.698392
201.789386,142,3712.463754
146.539724,162,3714.633347
164.45906,146,3715.396855
186.210537,140,3734.580947
218.253327,157,3739.165302
160.495973,106,3740.660204
175.125467,113,3742.43616
162.415889,129,3743.337954
135.5691,118,3744.288462
90.626923,104,3746.05082
156.901974,88,3746.697049
207.930366,176,3748.970637
148.825293,114,3750.520605
147.801711,113,3752.248431
164.35307,140,3753.249634
167.868665,85,3753.893209
680.262657,78,3755.338496
144.534269,95,3755.959166
155.597061,108,3757.806142
178.87513,142,3758.683478
219.848621,169,3764.144792
183.963223,130,3765.351702
128.275084,198,3768.58026
137.836895,162,3769.724868
173.713426,85,3770.360025
159.88024,92,3770.994575
169.897503,101,3771.746663
232.948473,149,3772.869932
281.835668,207,3776.037563
160.719735,128,3778.013621
134.648541,144,3779.136284
219.040279,179,3781.179265
217.130284,210,3782.448047
1465.677758,232,3787.564375
168.285132,140,3794.60935
160.532147,132,3796.390254
99.109673,106,3797.058006
191.376769,193,3799.418022
141.074225,104,3801.188995
203.925825,141,3802.097532
170.111227,138,3803.983118
160.946121,103,3804.673179
219.733222,227,3806.270271
92.520834,241,3810.820023
244.477568,225,3814.189365
187.621114,147,3816.885297
155.547354,95,3817.916003
179.418797,130,3852.100038
1138.129521,173,3855.602866
235.669715,144,3857.389018
183.36211,150,3859.378184
187.582561,155,3861.365711
173.853632,133,3864.72675
237.407811,180,3874.995683
116.666085,85,3877.597712
198.024431,158,3881.100492
235.058104,179,3886.67215
156.589339,159,3888.459653
168.70815,136,3891.855161
168.075734,98,3892.976219
253.206571,159,3896.620076
169.142044,96,3912.607108
154.01522,87,3914.991777
171.654078,139,3916.573062
150.045316,108,3917.713983
190.416881,183,3919.57036
153.079612,133,3921.159526
166.204321,134,3922.785517
212.788523,162,3924.544388
132.665161,107,3928.312538
776.759152,137,3930.986635
255.769843,173,3934.163913
-58.795835,1,3935.54356
161.349581,135,3938.551315
162.567524,156,3941.565349
1142.679106,167,3944.294732
1352.732119,140,3946.954426
115.78421,80,3954.681472
153.615911,98,3955.509922
209.45449,127,3958.238452
162.644832,92,3959.081784
176.000391,88,3959.861813
127.927784,121,3962.300576
156.823787,86,3963.288887
150.674859,105,3974.799093
176.495548,100,3975.659038
203.110575,160,3977.159906
220.048629,166,3981.271405
193.925057,122,3982.448044
122.939314,96,3983.33614
168.535114,129,3984.372247
178.996594,137,3989.486177
194.9464,148,3990.651928
159.327131,102,3991.650224
178.943205,122,3994.022646
237.938768,181,4024.026388
223.693096,177,4026.826856
182.058072,145,4028.191248
148.210384,88,4029.284873
216.344597,162,4031.342957
158.353633,125,4034.256493
217.072061,218,4036.183546
169.355396,85,4038.350915
138.601846,87,4039.059995
205.690732,125,4041.801871
184.950277,130,4044.202316
146.952887,103,4045.045788
132.642663,116,4046.109927
209.491482,160,4047.582995
199.910797,206,4058.665429
161.597322,164,4061.454788
206.405615,151,4062.807147
144.913445,151,4064.243755
181.561746,151,4065.662482
1403.713045,189,4069.263704
166.148296,128,4070.42383
161.202133,140,4071.697466
173.257082,86,4072.493343
178.665421,97,4073.385406
1290.558483,193,4077.52462
181.446698,149,4078.858972
140.334552,97,4079.922525
130.924172,91,4083.24421
155.151106,75,4085.114738
144.811416,122,4089.704471
149.389632,116,4097.063506
178.083027,130,4098.222834
188.436888,146,4099.526368
178.879869,104,4100.48787
258.721539,194,4104.500246
182.694683,137,4107.894983
185.867241,140,4110.174872
225.42642,162,4111.415469
225.790736,170,4112.89275
1421.510681,227,4118.74358
163.12079,144,4119.988403
169.46832,98,4120.846941
150.139148,146,4122.16012
-49.346578,92,4122.899122
147.839275,118,4133.19523
196.928752,146,4135.493554
194.356474,104,4156.30036
146.396885,103,4157.223779
163.786596,124,4159.697862
146.598383,68,4160.401754
158.621059,113,4163.221904
186.12601,150,4165.043585
230.485454,197,4168.011884
125.301402,92,4168.872541
154.467577,93,4169.802834
143.45458,104,4171.765686
161.374045,122,4175.537341
194.954815,147,4176.779973
145.249757,127,4179.143673
192.573236,149,4180.289887
176.324568,180,4189.606783
216.274345,170,4192.338372
211.268983,164,4193.589098
159.795841,115,4194.642857
649.060333,63,4198.9628
137.994689,136,4200.244995
199.500498,163,4201.4194
163.783786,133,4205.010106
126.089575,103,4207.058611
123.236806,82,4208.874694
205.370059,146,4209.924513
228.847343,240,4214.65722
195.854614,241,4218.013212
171.150593,89,4220.147189
213.488547,157,4225.5
219.722293,174,4233.768092
140.905514,99,4234.637689
185.072335,142,4237.074132
164.184644,128,4239.4205
180.40477,132,4240.479089
204.595954,159,4244.203802
190.237173,151,4245.441767
137.610244,106,4246.528721
158.986805,109,4247.433128
167.606415,82,4250.456188
157.791445,74,4251.075664
147.681806,150,4252.334459
139.356954,122,4253.504875
157.859252,109,4254.596242
193.989019,146,4257.428894
227.925601,184,4260.203246
191.169143,149,4267.940729
149.949177,82,4268.68973
149.869915,160,4287.549172
204.293052,163,4288.742548
156.962595,112,4290.926161
149.657682,108,4292.149433
180.111408,131,4295.073737
172.745464,148,4296.617909
40.892622,153,4299.470064
159.632776,126,4300.729865
711.579847,124,4312.597131
195.583019,171,4314.21729
211.542856,167,4317.171954
174.783404,186,4318.827589
199.637596,115,4326.126365
134.45086,83,4326.819579
162.259022,90,4327.52415
167.472785,130,4328.761979
168.539337,133,4329.984918
218.879747,174,4333.182759
183.82287,100,4334.145921
1245.739528,208,4337.559833
203.890336,145,4339.63429
128.986848,80,4340.237297
165.331254,89,4340.919018
143.779932,103,4342.851282
193.728959,160,4344.199921
216.929715,160,4346.44527
175.953979,164,4349.717718
193.444807,148,4352.099112
141.815898,179,4358.602568
125.345847,112,4360.665443
223.00597,174,4362.734762
215.917009,157,4365.928277
167.293863,135,4368.217768
187.253889,200,4371.543324
158.632569,110,4372.166734
214.71876,157,4375.15547
155.428844,74,4375.624295
204.486608,174,4378.038713
230.902206,155,4380.139467
121.7399,84,4380.827877
206.864342,183,4382.343356
233.85001,149,4385.567201
890.475348,163,4392.862179
154.01988,94,4393.736768
243.020427,146,4394.85477
225.251958,171,4414.183242
204.107398,174,4415.238781
158.294265,138,4416.215534
72.110168,97,4418.421099
205.159067,159,4420.241184
125.580888,104,4423.230792
203.131917,199,4425.642249
230.452933,164,4426.786192
189.934078,146,4427.967576
164.615456,155,4429.038258
40.619989,1,4430.099622
173.642716,109,4430.767709
124.21348,156,4437.968746
164.48561,96,4439.708541
-94.669856,45,4440.006389
164.326456,131,4441.088795
134.991137,88,4442.831949
170.042361,152,4445.029599
231.17103,171,4446.281727
121.307359,82,4447.95613
250.898951,185,4449.096624
154.78199,99,4453.068702
215.286185,161,4454.237149
219.781276,170,4457.535512
165.645987,109,4458.14848
185.956541,168,4459.487037
241.435887,187,4461.038101
199.638507,158,4466.954051
196.490377,143,4468.013283
167.298223,146,4470.227364
131.794333,130,4471.210982
-102.851268,68,4471.779841
180.745536,145,4472.855046
216.228026,155,4477.860654
234.961569,177,4479.915888
187.705631,149,4481.986847
171.860931,83,4482.527384
185.630076,179,4484.796682
126.054803,217,4486.512612
153.65618,108,4487.190348
227.281245,171,4488.526024
176.687962,144,4490.714747
236.925261,188,4497.285228
157.727407,87,4497.974827
184.460146,235,4500.769404
130.528117,100,4517.183004
213.459703,161,4520.635169
161.405552,186,4522.948955
244.001869,207,4526.257094
258.168392,223,4527.900347
258.79122,156,4529.083616
-93.08772,36,4530.409704
198.368788,144,4532.454883
153.922394,107,4533.250762
173.307981,99,4534.036275
213.910348,152,4539.919202
235.292869,170,4541.288881
156.896379,102,4543.01716
185.612554,141,4544.985727
165.721794,87,4545.515122
160.876875,84,4546.188411
228.986714,167,4547.447099
188.050883,129,4548.350299
1252.538599,159,4550.460754
150.739647,106,4552.362999
241.849887,145,4553.438548
137.319263,133,4554.387133
241.449738,187,4557.783826
238.995743,198,4560.2577
-59.21299,1,4561.577988
382.108421,54,4562.854949
-58.795835,1,4563.853524
417.501299,89,4565.318133
262.670104,203,4572.196337
165.725325,157,4573.507525
167.100581,142,4575.611159
208.257805,182,4577.876099
183.737843,139,4578.971937
161.732739,107,4580.784075
233.038443,182,4582.189485
212.581212,165,4583.533164
162.145893,141,4584.654386
230.597533,192,4586.268668
168.324966,124,4587.28173
216.982196,174,4591.52894
184.191587,96,4592.178747
169.246346,143,4598.063772
172.400338,89,4598.713952
155.422665,128,4599.76755
174.106839,180,4602.043269
197.14702,151,4603.215319
261.704144,236,4619.304628
222.338493,130,4621.509785
158.566997,90,4623.664623
148.873982,128,4626.500348
144.520288,128,4627.437772
1567.7818,192,4629.992237
175.329424,138,4631.086648
165.769316,128,4632.054763
139.325992,86,4632.683587
255.792205,159,4633.909574
179.458819,141,4640.23272
169.677012,126,4641.326319
-182.768075,18,4641.505183
184.570027,141,4643.969721
199.238155,111,4645.87887
157.99438,75,4646.456641
591.587356,119,4648.337246
217.666402,156,4650.413485
169.67986,100,4652.040318
151.412385,114,4652.889351
210.517452,161,4654.102128
118.626002,117,4655.099406
154.884547,93,4655.903855
148.775074,86,4656.577141
220.366035,182,4661.658253
207.688219,169,4663.877991
225.280006,172,4665.042961
175.467646,131,4670.950456
813.043415,176,4674.238111
235.485583,170,4675.436441
1005.608741,204,4678.059366
158.288552,130,4679.046522
197.569533,187,4681.462548
-49.914617,125,4682.613393
1033.820062,241,4686.433378
-11.299418,127,4688.282053
187.483993,193,4689.629617
168.386585,102,4690.48454
183.966419,134,4692.708885
197.253552,193,4699.780858
140.509078,91,4700.519655
159.044405,89,4701.292041
192.194071,146,4702.516364
157.923063,70,4704.101536
179.536847,93,4705.771863
220.267798,171,4706.992191
143.105116,119,4720.738074
134.816993,95,4722.468272
206.346435,152,4725.119185
183.325147,141,4728.049743
150.339819,109,4729.020046
155.148566,90,4731.683983
195.507194,186,4735.181183
228.930081,167,4737.381717
178.852895,157,4738.660691
181.368189,157,4744.915583
220.194785,157,4747.516188
164.086085,123,4748.535469
112.090173,90,4750.440053
156.06911,113,4751.397925
144.800225,112,4752.255891
170.139301,130,4755.226737
191.314948,140,4756.272491
137.092997,92,4757.012914
171.303384,91,4757.692563
213.320292,161,4759.002167
183.979812,93,4759.746879
178.772587,128,4761.592974
164.402754,115,4763.342062
150.674465,81,4763.949705
120.881409,225,4765.904457
178.836839,150,4768.12153
230.563669,173,4777.323303
151.39963,109,4777.91782
-82.893425,46,4778.167595
132.569027,86,4779.865335
147.296739,118,4780.821137
154.24145,99,4781.663299
155.176402,126,4782.506157
185.503526,117,4783.233683
154.974457,119,4783.990886
177.351701,142,4786.665221
206.912824,114,4788.262166
126.124087,84,4790.886421
226.573784,165,4793.879355
157.163288,154,4794.88115
165.683329,87,4795.598255
137.800645,89,4796.236068
196.606837,156,4797.516062
162.974656,84,4805.004365
191.380593,142,4807.116684
164.469082,82,4807.708673
161.13691,108,4808.450271
176.967528,109,4809.250192
161.680436,79,4809.824752
174.553759,112,4810.672769
199.225918,178,4812.00453
154.891685,96,4825.903319
269.835081,178,4828.316989
150.390548,196,4829.882838
273.393903,174,4831.322921
148.281496,96,4833.577247
-58.795835,1,4834.681042
182.883308,138,4835.597786
208.370219,122,4836.468256
203.434646,149,4838.624243
146.497699,127,4845.057043
185.619224,154,4847.272207
137.640266,85,4847.960143
190.179686,180,4850.476951
195.270943,151,4851.791548
137.658384,164,4853.119321
191.388352,144,4854.196033
141.338045,103,4856.105383
170.645609,91,4857.906914
142.244403,130,4858.897484
191.757201,166,4861.229872
152.412471,116,4862.084192
202.743132,193,4864.78709
173.43607,84,4865.392366
207.082866,148,4867.396219
1086.954419,117,4875.015794
158.990256,114,4877.811461
101.236513,86,4878.524452
230.141918,228,4882.280744
167.87341,95,4883.142278
219.4406,127,4884.166939
229.240476,168,4885.650146
196.75535,130,4886.725621
192.748483,132,4887.800719
607.870166,78,4889.399052
166.901224,89,4891.089669
267.400147,207,4893.825399
198.085423,103,4894.609227
240.307475,197,4896.122019
157.833126,118,4898.095851
179.610625,196,4906.167731
184.358002,96,4906.822535
124.55292,148,4908.029881
1168.682266,191,4910.550484
119.210741,116,4911.561229
204.972487,157,4913.694601
169.352315,124,4916.485453
202.204535,177,4936.21595
165.50994,120,4938.361902
195.444652,166,4941.085749
205.012271,173,4943.841152
256.270641,175,4945.041832
159.012699,125,4945.995063
149.468708,98,4947.691664
213.077891,119,4948.482245
191.268331,125,4956.474919
165.748166,76,4957.065082
235.368715,206,4958.86329
202.158822,165,4962.232851
185.614181,226,4965.380722
978.294578,118,4967.236539
155.277373,241,4971.049662
209.878346,164,4972.194783
182.273794,125,4975.475419
171.209562,97,4976.208979
260.261308,180,4977.604674
158.191016,153,4979.731961
160.868245,78,4980.229518
158.034057,92,4982.085728
140.426081,127,4987.901974
145.626691,134,4989.291232
132.162896,118,4991.115957
175.094433,112,4991.844444
181.563463,162,4993.019305
197.948883,149,4994.913407
147.551736,95,4995.538662
815.579714,94,4997.27797
158.989649,164,4999.5318
183.52625,148,5000.680266
160.135142,121,5002.616095
929.813054,121,5004.599318
207.516474,115,5006.516295
211.535639,150,5007.896547
180.078554,111,5009.941384
172.812258,132,5010.797384
152.474485,98,5017.305078
148.618699,129,5019.738721
258.672191,209,5021.956795
178.053429,134,5023.078122
217.747643,145,5025.317154
750.992274,101,5027.169226
173.780563,86,5027.901919
982.791058,131,5029.832886
141.187689,148,5049.724313
225.484132,130,5050.878837
161.475016,104,5053.24347
176.42031,141,5056.025064
1483.279078,241,5058.897264
157.334245,148,5061.163141
1487.382037,215,5069.515137
219.377861,172,5070.920444
159.85803,97,5071.637814
186.020523,183,5073.082663
-19.986169,75,5073.688634
145.797096,112,5075.521808
181.309774,126,5077.431556
148.358814,128,5080.305758
161.996655,217,5082.723248
178.290803,171,5085.120054
188.772308,145,5087.221431
163.098039,127,5088.143694
185.642417,153,5090.339718
75.92676,102,5091.262721
135.870223,98,5092.04499
154.736844,71,5097.703788
148.687235,128,5099.090661
146.090323,129,5100.594418
129.629247,119,5102.525993
221.594938,172,5103.553651
149.262075,97,5104.183728
157.525476,129,5106.206867
229.475643,158,5107.273498
168.37441,106,5108.094712
165.820583,128,5109.098836
149.510232,113,5110.764258
170.14357,92,5111.396124
239.946071,184,5112.523557
145.265742,113,5113.390554
128.474471,102,5114.195814
232.396989,190,5115.581469
187.347851,161,5124.074089
226.534756,175,5125.538786
171.162272,133,5126.709861
161.839817,154,5128.067516
245.493375,182,5129.665991
167.958844,111,5130.496318
145.018884,98,5131.231992
63.214544,123,5134.025269
182.69404,224,5150.80582
-104.295328,50,5151.193677
131.860858,85,5151.874519
-158.795835,1,5153.042545
1140.781171,241,5156.970522
151.142086,103,5157.767514
112.248927,105,5159.660164
187.038679,139,5161.641819
124.057363,130,5170.034918
152.559548,83,5170.53869
201.234908,158,5172.498814
154.982504,83,5173.021864
148.289223,104,5173.693163
159.466293,103,5174.534824
162.607337,110,5177.427308
105.856615,148,5179.598362
189.592127,203,5183.391553
158.189006,103,5184.087575
142.087574,103,5185.969358
197.809883,140,5188.967509
200.827982,167,5193.006632
159.396404,91,5193.566604
146.274604,136,5196.43708
167.585887,121,5197.238309
158.469102,115,5202.321505
141.023139,98,5204.490052
261.027358,203,5206.264417
253.435332,157,5209.294075
139.314765,151,5210.406014
135.920531,83,5211.254593
209.320407,152,5213.449081
217.249724,173,5215.611717
155.447252,86,5217.268035
-1.965419,193,5218.803316
164.311723,140,5219.9835
205.65753,241,5222.917091
236.427682,185,5225.393854
180.75069,142,5226.597317
193.550376,149,5233.287399
184.959648,151,5235.633876
147.11899,90,5236.18319
185.931985,136,5237.205007
159.737835,123,5238.19755
242.150486,173,5239.447532
176.916391,155,5240.57588
247.992345,181,5243.095254
123.88921,102,5243.852351
152.268585,128,5257.437941
185.658866,133,5258.553534
146.602165,114,5259.554418
172.060815,86,5260.257241
177.812068,125,5261.176607
200.259533,166,5262.700164
125.163065,84,5269.016516
1100.749047,182,5272.446275
123.257003,120,5274.533991
1152.183962,198,5277.042141
206.366642,183,5279.57607
164.265606,134,5282.57484
123.10971,81,5284.286545
142.52072,102,5285.052449
168.684478,144,5286.13207
164.657699,166,5289.47299
192.787165,220,5294.324015
165.054424,91,5294.972552
165.393158,89,5295.690895
168.886839,87,5296.346231
275.650059,176,5297.501364
104.377006,91,5303.330669
169.897264,150,5304.619888
161.91132,96,5306.309455
172.138891,140,5308.184647
-20.697403,7,5309.275239
160.203732,126,5310.091024
-11.632601,96,5310.916584
265.849276,192,5314.320228
157.14591,140,5315.366914
213.459411,165,5317.72304
195.463121,142,5319.568851
121.545613,88,5320.26452
155.20905,121,5323.154101
169.402594,156,5325.519298
177.019734,125,5327.804416
237.718751,217,5329.65439
124.175964,113,5335.702553
246.899362,175,5339.29495
151.513951,104,5340.095068
176.773036,153,5341.36024
162.150075,128,5342.257611
157.005409,83,5342.848089
189.04176,145,5345.841084
143.252175,106,5346.692427
146.750875,108,5347.53
171.849713,116,5348.358441
161.063759,107,5349.18838
157.210519,90,5353.192146
260.157311,168,5366.407125
1104.88822,189,5370.524944
156.348901,192,5373.725729
104.135754,104,5375.69698
144.415319,111,5381.116672
183.660537,139,5383.221561
200.433873,161,5384.271828
1519.486724,195,5387.817702
244.97491,170,5391.127972
168.684512,116,5391.729434
271.241263,195,5394.291653
125.30745,117,5396.555027
138.191156,136,5400.372907
121.487485,93,5401.187211
133.416266,87,5401.950077
200.738745,211,5403.628416
216.48511,155,5405.90039
40.972129,132,5408.910387
256.971196,168,5417.291101
958.195059,188,5419.601252
143.233286,114,5420.626156
155.724433,93,5421.378096
159.78882,90,5422.024159
194.166113,106,5422.935728
166.890017,101,5423.686187
183.879633,166,5424.917902
145.749309,126,5425.955612
186.056442,98,5427.588191
125.418194,74,5428.016698
-113.587267,50,5428.380616
121.359043,162,5430.570136
160.796414,89,5432.207049
174.737747,156,5433.398437
141.123502,102,5434.080365
120.189167,106,5434.855553
143.367205,117,5440.057585
186.866826,119,5441.419997
189.377574,125,5442.50589
166.680875,85,5443.244546
204.349035,172,5446.406792
204.730151,168,5447.69081
1174.309122,158,5451.087389
161.601493,117,5453.116165
139.05828,90,5453.740093
156.781871,124,5454.621944
153.404731,108,5457.525984
198.97054,193,5459.959881
177.745619,122,5475.290318
199.081158,145,5476.307307
196.670356,164,5477.663269
113.838936,76,5478.598972
129.08495,87,5485.593097
-20.697403,7,5486.724042
136.578663,105,5487.484677
173.086705,131,5488.59198
206.475139,156,5490.735787
154.589973,118,5492.443534
208.007539,158,5494.899073
213.463087,162,5497.020692
134.623439,98,5499.693226
202.075413,165,5501.770868
150.840868,99,5502.592313
187.457828,134,5503.914084
234.386991,166,5505.343311
151.995466,171,5507.664455
159.785922,94,5508.458263
213.225861,148,5510.846449
146.803426,144,5517.476768
1296.924762,196,5521.279782
156.509913,77,5521.839032
187.078847,202,5525.352738
201.673459,170,5527.614167
212.165583,153,5529.660299
141.042598,113,5531.388107
-99.089355,1,5531.410294
220.58798,178,5532.738503
196.337695,152,5534.890126
171.786658,115,5535.672402
177.415246,128,5536.629854
234.03711,180,5538.01711
167.196032,123,5539.863856
137.286942,113,5540.685718
196.934903,180,5547.754343
1231.251257,136,5550.11235
203.509518,151,5551.490261
160.285102,130,5553.669557
235.109425,171,5556.971568
200.053339,162,5558.173897
115.541457,109,5559.137211
201.317627,160,5560.402643
164.962205,116,5561.333632
166.330159,133,5563.457314
1208.621583,208,5568.323503
223.745713,165,5587.452574
148.48716,109,5588.317487
170.912696,95,5589.155745
190.084698,97,5590.066236
183.69271,110,5597.547896
194.728254,148,5598.749944
166.097811,86,5599.456219
173.79677,132,5600.453588
207.877279,159,5601.786401
186.790706,145,5603.826463
170.142975,181,5606.592836
771.812663,113,5608.490868
215.493008,179,5610.038016
188.509221,152,5613.170059
177.851766,147,5614.234162
205.127682,148,5615.508564
268.479237,196,5618.110015
194.8505,136,5619.089326
216.670796,141,5625.011045
152.358436,112,5626.253813
165.885975,151,5628.447392
819.490676,241,5631.051391
144.978528,112,5632.999625
147.934938,142,5634.807974
208.236431,168,5636.223412
161.371722,85,5637.835112
127.315434,115,5639.763683
164.376553,120,5640.641207
151.854209,101,5641.394853
162.957737,94,5642.197065
162.994859,80,5642.766261
164.870213,132,5644.710064
117.559711,104,5645.509398
167.547713,136,5646.473242
192.373893,142,5653.270618
226.599935,176,5654.874421
154.325961,120,5655.723983
211.019402,154,5656.684563
170.628447,121,5658.529155
210.394131,157,5659.77357
152.520414,141,5661.847809
175.639862,152,5662.996834
276.266116,200,5665.767887
159.033485,134,5666.940684
244.624314,191,5668.477949
253.359909,184,5685.449044
147.795565,110,5686.228795
163.716922,83,5686.954332
-119.306807,84,5693.453767
151.897809,87,5695.328131
214.418958,181,5697.976203
180.054418,189,5700.437043
60.081521,117,5701.372586
180.092601,131,5702.325532
109.175549,113,5703.342886
186.395109,133,5705.359686
202.572395,165,5707.570781
193.862614,154,5709.743827
249.474744,189,5711.379755
153.903319,72,5711.899118
272.63014,206,5716.596603
203.491604,159,5717.836568
175.130674,163,5726.29787
168.727786,155,5728.724633
160.132541,123,5730.860446
131.003133,85,5732.55544
277.065439,186,5734.978918
153.313021,89,5735.640844
171.78503,135,5736.70492
193.543756,164,5737.799854
198.561449,141,5739.905523
1105.815896,203,5742.307995
1162.065655,178,5745.592277
160.153799,115,5746.409933
205.547972,109,5747.153271
158.670635,136,5749.131758
171.307337,107,5751.019602
199.570157,185,5756.467338
165.61795,125,5758.166509
156.58608,99,5759.141515
145.179718,86,5760.871136
231.311227,171,5761.967976
222.63876,181,5764.480179
104.124288,198,5767.936265
192.380278,137,5769.065951
165.24996,119,5769.930963
119.582973,81,5770.584925
176.551592,103,5771.301275
171.786658,85,5771.900636
290.142215,218,5774.766183
127.735535,78,5776.152538
165.950583,128,5790.823484
1037.384401,141,5798.827288
236.098106,201,5800.348756
215.258266,155,5801.511298
188.957128,142,5803.757714
184.392617,218,5807.725935
-90.260868,33,5807.995949
976.314846,154,5810.077877
157.785454,83,5810.654764
-91.62909,10,5810.728398
243.542443,184,5813.982487
151.228868,118,5816.939847
144.195283,119,5817.6252
143.020265,95,5819.449057
170.180543,137,5821.49929
207.175295,157,5822.840846
161.758878,84,5823.512986
153.793416,194,5829.601293
226.480881,130,5832.056838
397.906706,89,5833.710141
174.432191,140,5834.73691
161.82873,180,5836.174609
182.997788,124,5838.01237
178.921338,101,5838.834286
145.803966,101,5839.58152
185.371726,95,5840.317527
168.607448,81,5840.998356
153.859142,72,5841.629874
178.743546,122,5842.574242
146.568871,123,5843.523497
138.611122,97,5844.3456
137.135558,118,5845.294851
218.401597,169,5847.694067
218.087867,142,5848.883912
245.498843,171,5855.362861
782.263695,158,5858.227056
209.937057,172,5860.51689
196.748318,143,5862.480405
156.66075,126,5863.53526
188.785242,182,5865.139458
159.186571,123,5867.035415
175.091613,111,5867.767978
166.71289,119,5868.593039
192.667369,133,5869.665358
-59.015669,1,5870.749685
121.72759,76,5871.24431
206.358217,114,5872.952225
173.938734,169,5874.212663
181.707285,130,5876.177378
235.519552,216,5894.336287
205.838219,168,5901.376665
1221.256164,187,5904.961012
148.498346,101,5905.767971
126.092967,85,5906.480219
124.694545,125,5909.494464
185.024215,143,5910.620855
235.313311,189,5913.246715
198.33729,145,5914.302294
162.391899,115,5916.201078
161.827498,117,5917.923191
165.537423,178,5921.198746
174.744201,135,5922.170323
239.176287,151,5925.22972
185.725138,148,5928.0921
167.38689,107,5933.506354
177.094332,116,5934.659499
228.887618,178,5937.108152
159.875638,154,5938.287196
210.22454,162,5942.437771
149.009714,107,5943.132416
152.386199,108,5944.941367
212.049044,152,5945.97111
177.692885,95,5947.662295
174.300821,210,5950.142359
165.892803,77,5951.709566
187.754257,128,5952.736148
185.987863,144,5954.981527
114.564383,99,5955.783969
225.970404,168,5957.025426
170.767369,151,5962.357789
219.284647,176,5965.387806
146.749265,239,5968.508827
248.168525,196,5970.111616
167.710631,101,5970.84487
188.490717,128,5971.729208
164.753667,178,5972.970673
202.852945,225,5974.703192
151.059549,143,5975.796475
221.466718,169,5977.094364
155.581742,110,5979.017687
157.824518,119,5980.672069
1373.23854,228,5985.361
180.79624,136,6001.613038
163.649449,143,6003.733498
220.842216,156,6005.181034
119.172162,80,6005.961908
237.311701,195,6009.178085
194.309443,164,6010.585773
200.101073,143,6011.737519
159.729386,124,6012.760294
173.010423,114,6013.685255
169.189395,91,6014.371409
185.695532,136,6015.440434
142.208025,130,6017.51547
217.352793,154,6018.709835
159.718441,135,6019.788131
159.250361,103,6020.594558
162.469041,159,6027.55232
239.520055,185,6029.948331
178.408105,115,6030.829461
201.640615,156,6033.184503
-107.178069,36,6033.452267
140.689832,90,6034.182053
182.412373,137,6036.363257
174.832498,182,6037.742688
165.02997,103,6039.447204
210.54828,145,6041.728194
166.971169,86,6042.540315
169.932624,161,6045.048919
251.276776,183,6046.742263
167.175971,119,6047.695045
243.103374,192,6050.052017
156.946623,139,6056.367237
134.215967,123,6057.40667
211.494051,200,6059.956066
151.344407,85,6060.514514
153.850531,121,6061.44295
218.918584,160,6063.685335
168.427215,128,6064.581128
183.073207,159,6065.715507
185.009693,159,6067.942017
187.355348,160,6069.1315
141.05909,116,6071.045716
1065.058617,172,6073.378951
155.140147,160,6075.912093
161.295207,74,6076.474031
165.744212,86,6077.12648
177.897745,121,6082.752199
129.126456,99,6100.873292
214.747363,158,6104.339905
170.256545,80,6105.048112
188.061702,142,6106.323055
165.710054,109,6107.682064
141.940307,129,6108.97311
181.032503,91,6110.69056
255.251897,201,6111.967675
196.498569,100,6112.668092
206.411525,149,6113.890499
157.10615,139,6114.856198
149.13324,101,6115.521534
161.988413,118,6116.567978
149.323793,99,6118.308982
1370.159752,236,6122.039683
137.081813,107,6128.602209
258.278838,202,6131.099092
165.997039,138,6132.134284
203.109862,141,6134.134294
159.300465,117,6137.15599
172.113451,116,6137.911805
226.396571,184,6139.418042
195.186613,174,6140.711905
210.499926,148,6141.977789
147.366839,109,6143.72288
208.163052,138,6145.672226
244.543471,183,6148.083976
230.276459,180,6149.4888
211.024663,179,6155.885526
157.148731,79,6156.421846
126.076119,104,6160.111178
162.98769,100,6160.772073
160.870004,218,6163.507123
132.252016,84,6164.105275
224.91164,196,6166.619054
166.625494,141,6167.782916
147.513371,94,6169.47399
151.548958,153,6171.591352
172.414874,93,6172.202245
1100.569571,147,6175.359562
165.428932,240,6179.416487
231.86891,131,6180.379525
205.011911,155,6181.72917
143.96157,69,6182.245587
216.629977,160,6190.777393
155.580921,129,6206.024707
157.793407,85,6206.620421
155.511639,105,6208.594163
212.882361,153,6211.454554
206.28523,153,6214.995005
235.752315,168,6217.148652
186.127144,170,6219.631961
192.227268,153,6220.895979
163.344557,84,6222.569816
198.145502,161,6223.746818
141.388143,90,6225.607912
204.324928,143,6226.697458
146.045096,91,6227.448618
203.78636,153,6229.757585
